ISO-10303-21;
HEADER;
/* Generated by software containing ST-Developer
 * from STEP Tools, Inc. (www.steptools.com) 
 */

FILE_DESCRIPTION(
/* description */ (''),
/* implementation_level */ '2;1');

FILE_NAME(
/* name */ 'sanwa_button_00_asm v3.step',
/* time_stamp */ '2026-06-20T13:42:25+02:00',
/* author */ (''),
/* organization */ (''),
/* preprocessor_version */ 'ST-DEVELOPER v20.1',
/* originating_system */ 'Autodesk Translation Framework v15.8.0.0',
/* authorisation */ '');

FILE_SCHEMA (('AUTOMOTIVE_DESIGN { 1 0 10303 214 3 1 1 }'));
ENDSEC;

DATA;
#10=MECHANICAL_DESIGN_GEOMETRIC_PRESENTATION_REPRESENTATION('',(#40,#41,
#42,#43,#44,#45,#46),#12950);
#11=ITEM_DEFINED_TRANSFORMATION($,$,#4238,#4559);
#12=ITEM_DEFINED_TRANSFORMATION($,$,#4383,#4560);
#13=ITEM_DEFINED_TRANSFORMATION($,$,#4483,#4561);
#14=ITEM_DEFINED_TRANSFORMATION($,$,#4555,#4562);
#15=(
REPRESENTATION_RELATIONSHIP($,$,#12970,#12969)
REPRESENTATION_RELATIONSHIP_WITH_TRANSFORMATION(#11)
SHAPE_REPRESENTATION_RELATIONSHIP()
);
#16=(
REPRESENTATION_RELATIONSHIP($,$,#12971,#12969)
REPRESENTATION_RELATIONSHIP_WITH_TRANSFORMATION(#12)
SHAPE_REPRESENTATION_RELATIONSHIP()
);
#17=(
REPRESENTATION_RELATIONSHIP($,$,#12972,#12969)
REPRESENTATION_RELATIONSHIP_WITH_TRANSFORMATION(#13)
SHAPE_REPRESENTATION_RELATIONSHIP()
);
#18=(
REPRESENTATION_RELATIONSHIP($,$,#12973,#12969)
REPRESENTATION_RELATIONSHIP_WITH_TRANSFORMATION(#14)
SHAPE_REPRESENTATION_RELATIONSHIP()
);
#19=CONTEXT_DEPENDENT_SHAPE_REPRESENTATION(#15,#12965);
#20=CONTEXT_DEPENDENT_SHAPE_REPRESENTATION(#16,#12966);
#21=CONTEXT_DEPENDENT_SHAPE_REPRESENTATION(#17,#12967);
#22=CONTEXT_DEPENDENT_SHAPE_REPRESENTATION(#18,#12968);
#23=NEXT_ASSEMBLY_USAGE_OCCURRENCE('SANWA_BUTTON_00:1',
'SANWA_BUTTON_00:1','SANWA_BUTTON_00:1',#12975,#12976,
'SANWA_BUTTON_00:1');
#24=NEXT_ASSEMBLY_USAGE_OCCURRENCE('BLACK_00:1','BLACK_00:1',
'BLACK_00:1',#12975,#12977,'BLACK_00:1');
#25=NEXT_ASSEMBLY_USAGE_OCCURRENCE('SANWA_BUTTON_02:1',
'SANWA_BUTTON_02:1','SANWA_BUTTON_02:1',#12975,#12978,
'SANWA_BUTTON_02:1');
#26=NEXT_ASSEMBLY_USAGE_OCCURRENCE('SPRING_4U_AF0:1','SPRING_4U_AF0:1',
'SPRING_4U_AF0:1',#12975,#12979,'SPRING_4U_AF0:1');
#27=OPEN_SHELL('',(#4185));
#28=SHELL_BASED_SURFACE_MODEL('K\X\F6rper2',(#27));
#29=B_SPLINE_SURFACE_WITH_KNOTS('',3,3,((#7457,#7458,#7459,#7460,#7461,
#7462,#7463,#7464,#7465,#7466,#7467,#7468,#7469,#7470,#7471,#7472,#7473,
#7474,#7475,#7476,#7477,#7478,#7479,#7480,#7481,#7482,#7483,#7484,#7485,
#7486,#7487,#7488,#7489,#7490,#7491,#7492,#7493,#7494,#7495,#7496,#7497,
#7498,#7499,#7500,#7501,#7502,#7503,#7504,#7505,#7506,#7507,#7508,#7509,
#7510,#7511,#7512,#7513,#7514,#7515,#7516,#7517,#7518,#7519,#7520,#7521,
#7522,#7523,#7524,#7525,#7526,#7527,#7528,#7529,#7530,#7531,#7532,#7533,
#7534,#7535,#7536,#7537,#7538,#7539,#7540,#7541,#7542,#7543,#7544,#7545,
#7546,#7547,#7548,#7549,#7550,#7551,#7552,#7553,#7554,#7555,#7556,#7557,
#7558,#7559,#7560,#7561,#7562,#7563,#7564,#7565,#7566,#7567,#7568,#7569,
#7570,#7571,#7572,#7573,#7574,#7575,#7576,#7577,#7578,#7579,#7580,#7581,
#7582,#7583,#7584,#7585,#7586,#7587,#7588,#7589,#7590,#7591,#7592,#7593,
#7594,#7595,#7596,#7597,#7598,#7599,#7600,#7601,#7602,#7603,#7604,#7605,
#7606,#7607,#7608,#7609,#7610,#7611,#7612,#7613,#7614,#7615,#7616,#7617,
#7618,#7619,#7620,#7621,#7622,#7623,#7624,#7625,#7626,#7627,#7628,#7629,
#7630,#7631,#7632,#7633,#7634,#7635,#7636,#7637,#7638,#7639,#7640,#7641,
#7642,#7643,#7644,#7645,#7646,#7647,#7648,#7649,#7650,#7651,#7652,#7653,
#7654,#7655,#7656,#7657,#7658),(#7659,#7660,#7661,#7662,#7663,#7664,#7665,
#7666,#7667,#7668,#7669,#7670,#7671,#7672,#7673,#7674,#7675,#7676,#7677,
#7678,#7679,#7680,#7681,#7682,#7683,#7684,#7685,#7686,#7687,#7688,#7689,
#7690,#7691,#7692,#7693,#7694,#7695,#7696,#7697,#7698,#7699,#7700,#7701,
#7702,#7703,#7704,#7705,#7706,#7707,#7708,#7709,#7710,#7711,#7712,#7713,
#7714,#7715,#7716,#7717,#7718,#7719,#7720,#7721,#7722,#7723,#7724,#7725,
#7726,#7727,#7728,#7729,#7730,#7731,#7732,#7733,#7734,#7735,#7736,#7737,
#7738,#7739,#7740,#7741,#7742,#7743,#7744,#7745,#7746,#7747,#7748,#7749,
#7750,#7751,#7752,#7753,#7754,#7755,#7756,#7757,#7758,#7759,#7760,#7761,
#7762,#7763,#7764,#7765,#7766,#7767,#7768,#7769,#7770,#7771,#7772,#7773,
#7774,#7775,#7776,#7777,#7778,#7779,#7780,#7781,#7782,#7783,#7784,#7785,
#7786,#7787,#7788,#7789,#7790,#7791,#7792,#7793,#7794,#7795,#7796,#7797,
#7798,#7799,#7800,#7801,#7802,#7803,#7804,#7805,#7806,#7807,#7808,#7809,
#7810,#7811,#7812,#7813,#7814,#7815,#7816,#7817,#7818,#7819,#7820,#7821,
#7822,#7823,#7824,#7825,#7826,#7827,#7828,#7829,#7830,#7831,#7832,#7833,
#7834,#7835,#7836,#7837,#7838,#7839,#7840,#7841,#7842,#7843,#7844,#7845,
#7846,#7847,#7848,#7849,#7850,#7851,#7852,#7853,#7854,#7855,#7856,#7857,
#7858,#7859,#7860),(#7861,#7862,#7863,#7864,#7865,#7866,#7867,#7868,#7869,
#7870,#7871,#7872,#7873,#7874,#7875,#7876,#7877,#7878,#7879,#7880,#7881,
#7882,#7883,#7884,#7885,#7886,#7887,#7888,#7889,#7890,#7891,#7892,#7893,
#7894,#7895,#7896,#7897,#7898,#7899,#7900,#7901,#7902,#7903,#7904,#7905,
#7906,#7907,#7908,#7909,#7910,#7911,#7912,#7913,#7914,#7915,#7916,#7917,
#7918,#7919,#7920,#7921,#7922,#7923,#7924,#7925,#7926,#7927,#7928,#7929,
#7930,#7931,#7932,#7933,#7934,#7935,#7936,#7937,#7938,#7939,#7940,#7941,
#7942,#7943,#7944,#7945,#7946,#7947,#7948,#7949,#7950,#7951,#7952,#7953,
#7954,#7955,#7956,#7957,#7958,#7959,#7960,#7961,#7962,#7963,#7964,#7965,
#7966,#7967,#7968,#7969,#7970,#7971,#7972,#7973,#7974,#7975,#7976,#7977,
#7978,#7979,#7980,#7981,#7982,#7983,#7984,#7985,#7986,#7987,#7988,#7989,
#7990,#7991,#7992,#7993,#7994,#7995,#7996,#7997,#7998,#7999,#8000,#8001,
#8002,#8003,#8004,#8005,#8006,#8007,#8008,#8009,#8010,#8011,#8012,#8013,
#8014,#8015,#8016,#8017,#8018,#8019,#8020,#8021,#8022,#8023,#8024,#8025,
#8026,#8027,#8028,#8029,#8030,#8031,#8032,#8033,#8034,#8035,#8036,#8037,
#8038,#8039,#8040,#8041,#8042,#8043,#8044,#8045,#8046,#8047,#8048,#8049,
#8050,#8051,#8052,#8053,#8054,#8055,#8056,#8057,#8058,#8059,#8060,#8061,
#8062),(#8063,#8064,#8065,#8066,#8067,#8068,#8069,#8070,#8071,#8072,#8073,
#8074,#8075,#8076,#8077,#8078,#8079,#8080,#8081,#8082,#8083,#8084,#8085,
#8086,#8087,#8088,#8089,#8090,#8091,#8092,#8093,#8094,#8095,#8096,#8097,
#8098,#8099,#8100,#8101,#8102,#8103,#8104,#8105,#8106,#8107,#8108,#8109,
#8110,#8111,#8112,#8113,#8114,#8115,#8116,#8117,#8118,#8119,#8120,#8121,
#8122,#8123,#8124,#8125,#8126,#8127,#8128,#8129,#8130,#8131,#8132,#8133,
#8134,#8135,#8136,#8137,#8138,#8139,#8140,#8141,#8142,#8143,#8144,#8145,
#8146,#8147,#8148,#8149,#8150,#8151,#8152,#8153,#8154,#8155,#8156,#8157,
#8158,#8159,#8160,#8161,#8162,#8163,#8164,#8165,#8166,#8167,#8168,#8169,
#8170,#8171,#8172,#8173,#8174,#8175,#8176,#8177,#8178,#8179,#8180,#8181,
#8182,#8183,#8184,#8185,#8186,#8187,#8188,#8189,#8190,#8191,#8192,#8193,
#8194,#8195,#8196,#8197,#8198,#8199,#8200,#8201,#8202,#8203,#8204,#8205,
#8206,#8207,#8208,#8209,#8210,#8211,#8212,#8213,#8214,#8215,#8216,#8217,
#8218,#8219,#8220,#8221,#8222,#8223,#8224,#8225,#8226,#8227,#8228,#8229,
#8230,#8231,#8232,#8233,#8234,#8235,#8236,#8237,#8238,#8239,#8240,#8241,
#8242,#8243,#8244,#8245,#8246,#8247,#8248,#8249,#8250,#8251,#8252,#8253,
#8254,#8255,#8256,#8257,#8258,#8259,#8260,#8261,#8262,#8263,#8264),(#8265,
#8266,#8267,#8268,#8269,#8270,#8271,#8272,#8273,#8274,#8275,#8276,#8277,
#8278,#8279,#8280,#8281,#8282,#8283,#8284,#8285,#8286,#8287,#8288,#8289,
#8290,#8291,#8292,#8293,#8294,#8295,#8296,#8297,#8298,#8299,#8300,#8301,
#8302,#8303,#8304,#8305,#8306,#8307,#8308,#8309,#8310,#8311,#8312,#8313,
#8314,#8315,#8316,#8317,#8318,#8319,#8320,#8321,#8322,#8323,#8324,#8325,
#8326,#8327,#8328,#8329,#8330,#8331,#8332,#8333,#8334,#8335,#8336,#8337,
#8338,#8339,#8340,#8341,#8342,#8343,#8344,#8345,#8346,#8347,#8348,#8349,
#8350,#8351,#8352,#8353,#8354,#8355,#8356,#8357,#8358,#8359,#8360,#8361,
#8362,#8363,#8364,#8365,#8366,#8367,#8368,#8369,#8370,#8371,#8372,#8373,
#8374,#8375,#8376,#8377,#8378,#8379,#8380,#8381,#8382,#8383,#8384,#8385,
#8386,#8387,#8388,#8389,#8390,#8391,#8392,#8393,#8394,#8395,#8396,#8397,
#8398,#8399,#8400,#8401,#8402,#8403,#8404,#8405,#8406,#8407,#8408,#8409,
#8410,#8411,#8412,#8413,#8414,#8415,#8416,#8417,#8418,#8419,#8420,#8421,
#8422,#8423,#8424,#8425,#8426,#8427,#8428,#8429,#8430,#8431,#8432,#8433,
#8434,#8435,#8436,#8437,#8438,#8439,#8440,#8441,#8442,#8443,#8444,#8445,
#8446,#8447,#8448,#8449,#8450,#8451,#8452,#8453,#8454,#8455,#8456,#8457,
#8458,#8459,#8460,#8461,#8462,#8463,#8464,#8465,#8466),(#8467,#8468,#8469,
#8470,#8471,#8472,#8473,#8474,#8475,#8476,#8477,#8478,#8479,#8480,#8481,
#8482,#8483,#8484,#8485,#8486,#8487,#8488,#8489,#8490,#8491,#8492,#8493,
#8494,#8495,#8496,#8497,#8498,#8499,#8500,#8501,#8502,#8503,#8504,#8505,
#8506,#8507,#8508,#8509,#8510,#8511,#8512,#8513,#8514,#8515,#8516,#8517,
#8518,#8519,#8520,#8521,#8522,#8523,#8524,#8525,#8526,#8527,#8528,#8529,
#8530,#8531,#8532,#8533,#8534,#8535,#8536,#8537,#8538,#8539,#8540,#8541,
#8542,#8543,#8544,#8545,#8546,#8547,#8548,#8549,#8550,#8551,#8552,#8553,
#8554,#8555,#8556,#8557,#8558,#8559,#8560,#8561,#8562,#8563,#8564,#8565,
#8566,#8567,#8568,#8569,#8570,#8571,#8572,#8573,#8574,#8575,#8576,#8577,
#8578,#8579,#8580,#8581,#8582,#8583,#8584,#8585,#8586,#8587,#8588,#8589,
#8590,#8591,#8592,#8593,#8594,#8595,#8596,#8597,#8598,#8599,#8600,#8601,
#8602,#8603,#8604,#8605,#8606,#8607,#8608,#8609,#8610,#8611,#8612,#8613,
#8614,#8615,#8616,#8617,#8618,#8619,#8620,#8621,#8622,#8623,#8624,#8625,
#8626,#8627,#8628,#8629,#8630,#8631,#8632,#8633,#8634,#8635,#8636,#8637,
#8638,#8639,#8640,#8641,#8642,#8643,#8644,#8645,#8646,#8647,#8648,#8649,
#8650,#8651,#8652,#8653,#8654,#8655,#8656,#8657,#8658,#8659,#8660,#8661,
#8662,#8663,#8664,#8665,#8666,#8667,#8668),(#8669,#8670,#8671,#8672,#8673,
#8674,#8675,#8676,#8677,#8678,#8679,#8680,#8681,#8682,#8683,#8684,#8685,
#8686,#8687,#8688,#8689,#8690,#8691,#8692,#8693,#8694,#8695,#8696,#8697,
#8698,#8699,#8700,#8701,#8702,#8703,#8704,#8705,#8706,#8707,#8708,#8709,
#8710,#8711,#8712,#8713,#8714,#8715,#8716,#8717,#8718,#8719,#8720,#8721,
#8722,#8723,#8724,#8725,#8726,#8727,#8728,#8729,#8730,#8731,#8732,#8733,
#8734,#8735,#8736,#8737,#8738,#8739,#8740,#8741,#8742,#8743,#8744,#8745,
#8746,#8747,#8748,#8749,#8750,#8751,#8752,#8753,#8754,#8755,#8756,#8757,
#8758,#8759,#8760,#8761,#8762,#8763,#8764,#8765,#8766,#8767,#8768,#8769,
#8770,#8771,#8772,#8773,#8774,#8775,#8776,#8777,#8778,#8779,#8780,#8781,
#8782,#8783,#8784,#8785,#8786,#8787,#8788,#8789,#8790,#8791,#8792,#8793,
#8794,#8795,#8796,#8797,#8798,#8799,#8800,#8801,#8802,#8803,#8804,#8805,
#8806,#8807,#8808,#8809,#8810,#8811,#8812,#8813,#8814,#8815,#8816,#8817,
#8818,#8819,#8820,#8821,#8822,#8823,#8824,#8825,#8826,#8827,#8828,#8829,
#8830,#8831,#8832,#8833,#8834,#8835,#8836,#8837,#8838,#8839,#8840,#8841,
#8842,#8843,#8844,#8845,#8846,#8847,#8848,#8849,#8850,#8851,#8852,#8853,
#8854,#8855,#8856,#8857,#8858,#8859,#8860,#8861,#8862,#8863,#8864,#8865,
#8866,#8867,#8868,#8869,#8870),(#8871,#8872,#8873,#8874,#8875,#8876,#8877,
#8878,#8879,#8880,#8881,#8882,#8883,#8884,#8885,#8886,#8887,#8888,#8889,
#8890,#8891,#8892,#8893,#8894,#8895,#8896,#8897,#8898,#8899,#8900,#8901,
#8902,#8903,#8904,#8905,#8906,#8907,#8908,#8909,#8910,#8911,#8912,#8913,
#8914,#8915,#8916,#8917,#8918,#8919,#8920,#8921,#8922,#8923,#8924,#8925,
#8926,#8927,#8928,#8929,#8930,#8931,#8932,#8933,#8934,#8935,#8936,#8937,
#8938,#8939,#8940,#8941,#8942,#8943,#8944,#8945,#8946,#8947,#8948,#8949,
#8950,#8951,#8952,#8953,#8954,#8955,#8956,#8957,#8958,#8959,#8960,#8961,
#8962,#8963,#8964,#8965,#8966,#8967,#8968,#8969,#8970,#8971,#8972,#8973,
#8974,#8975,#8976,#8977,#8978,#8979,#8980,#8981,#8982,#8983,#8984,#8985,
#8986,#8987,#8988,#8989,#8990,#8991,#8992,#8993,#8994,#8995,#8996,#8997,
#8998,#8999,#9000,#9001,#9002,#9003,#9004,#9005,#9006,#9007,#9008,#9009,
#9010,#9011,#9012,#9013,#9014,#9015,#9016,#9017,#9018,#9019,#9020,#9021,
#9022,#9023,#9024,#9025,#9026,#9027,#9028,#9029,#9030,#9031,#9032,#9033,
#9034,#9035,#9036,#9037,#9038,#9039,#9040,#9041,#9042,#9043,#9044,#9045,
#9046,#9047,#9048,#9049,#9050,#9051,#9052,#9053,#9054,#9055,#9056,#9057,
#9058,#9059,#9060,#9061,#9062,#9063,#9064,#9065,#9066,#9067,#9068,#9069,
#9070,#9071,#9072),(#9073,#9074,#9075,#9076,#9077,#9078,#9079,#9080,#9081,
#9082,#9083,#9084,#9085,#9086,#9087,#9088,#9089,#9090,#9091,#9092,#9093,
#9094,#9095,#9096,#9097,#9098,#9099,#9100,#9101,#9102,#9103,#9104,#9105,
#9106,#9107,#9108,#9109,#9110,#9111,#9112,#9113,#9114,#9115,#9116,#9117,
#9118,#9119,#9120,#9121,#9122,#9123,#9124,#9125,#9126,#9127,#9128,#9129,
#9130,#9131,#9132,#9133,#9134,#9135,#9136,#9137,#9138,#9139,#9140,#9141,
#9142,#9143,#9144,#9145,#9146,#9147,#9148,#9149,#9150,#9151,#9152,#9153,
#9154,#9155,#9156,#9157,#9158,#9159,#9160,#9161,#9162,#9163,#9164,#9165,
#9166,#9167,#9168,#9169,#9170,#9171,#9172,#9173,#9174,#9175,#9176,#9177,
#9178,#9179,#9180,#9181,#9182,#9183,#9184,#9185,#9186,#9187,#9188,#9189,
#9190,#9191,#9192,#9193,#9194,#9195,#9196,#9197,#9198,#9199,#9200,#9201,
#9202,#9203,#9204,#9205,#9206,#9207,#9208,#9209,#9210,#9211,#9212,#9213,
#9214,#9215,#9216,#9217,#9218,#9219,#9220,#9221,#9222,#9223,#9224,#9225,
#9226,#9227,#9228,#9229,#9230,#9231,#9232,#9233,#9234,#9235,#9236,#9237,
#9238,#9239,#9240,#9241,#9242,#9243,#9244,#9245,#9246,#9247,#9248,#9249,
#9250,#9251,#9252,#9253,#9254,#9255,#9256,#9257,#9258,#9259,#9260,#9261,
#9262,#9263,#9264,#9265,#9266,#9267,#9268,#9269,#9270,#9271,#9272,#9273,
#9274)),.UNSPECIFIED.,.F.,.F.,.F.,(4,1,1,1,1,1,4),(4,1,1,1,1,1,1,1,1,1,
1,1,1,1,1,1,1,1,1,1,1,1,1,1,1,1,1,1,1,1,1,1,1,1,1,1,1,1,1,1,1,1,1,1,1,1,
1,1,1,1,1,1,1,1,1,1,1,1,1,1,1,1,1,1,1,1,1,1,1,1,1,1,1,1,1,1,1,1,1,1,1,1,
1,1,1,1,1,1,1,1,1,1,1,1,1,1,1,1,1,1,1,1,1,1,1,1,1,1,1,1,1,1,1,1,1,1,1,1,
1,1,1,1,1,1,1,1,1,1,1,1,1,1,1,1,1,1,1,1,1,1,1,1,1,1,1,1,1,1,1,1,1,1,1,1,
1,1,1,1,1,1,1,1,1,1,1,1,1,1,1,1,1,1,1,1,1,1,1,1,1,1,1,1,1,1,1,1,1,1,1,1,
1,1,1,1,1,1,1,1,1,4),(-0.01249162182059,0.,0.125,0.25,0.375,0.5,0.5124916218206),
(-0.0007179197754521,0.001352605460595,0.002817928042906,0.004283250625217,
0.00587068342272,0.007336006005031,0.008923438802534,0.01051087160004,0.012230590464,
0.01369591304631,0.01528334584381,0.01687077864132,0.01859049750528,0.02017793030278,
0.02189764916675,0.02361736803071,0.0254803968,0.02694571938231,0.02853315217981,
0.03012058497732,0.03184030384128,0.03342773663878,0.03514745550275,0.03686717436671,
0.038730203136,0.0403176359335,0.04203735479747,0.04375707366143,0.04562010243072,
0.04733982129468,0.04920285006397,0.05106587883327,0.05308416,0.05613691537981,
0.05944406704128,0.06275121870275,0.06447093756671,0.066333966336,0.06964111799747,
0.07322386563072,0.07680661326397,0.07866964203327,0.0806879232,0.08399507486147,
0.08757782249472,0.09116057012797,0.095041880064,0.09862462769725,0.1025059376333,
0.1063872475693,0.108405528736,0.110592,0.1136447553798,0.1169519070413,
0.1202590587027,0.123841806336,0.1271489579975,0.1307317056307,0.134314453264,
0.1381957632,0.1415029148615,0.1450856624947,0.148668410128,0.152549720064,
0.1561324676973,0.1600137776333,0.1638950875693,0.16809984,0.1714069916615,
0.1749897392947,0.178572486928,0.182453796864,0.1860365444973,0.1899178544333,
0.1937991643693,0.1980039168,0.2015866644333,0.2054679743693,0.2093492843053,
0.213554036736,0.217435346672,0.2216400991027,0.2258448515334,0.2304,0.2334527553798,
0.2367599070413,0.2400670587027,0.243649806336,0.2469569579975,0.2505397056307,
0.254122453264,0.2580037632,0.2613109148615,0.2648936624947,0.268476410128,
0.272357720064,0.2759404676973,0.2798217776333,0.2837030875693,0.28790784,
0.2912149916615,0.2947977392947,0.298380486928,0.302261796864,0.3058445444973,
0.3097258544333,0.3136071643693,0.3178119168,0.3213946644333,0.3252759743693,
0.3291572843053,0.333362036736,0.337243346672,0.3414480991027,0.3456528515334,
0.350208,0.3570978992947,0.364561956864,0.3720260144333,0.3759073243693,
0.3801120768,0.3875761343693,0.395662196736,0.4037482591027,0.4079530115334,
0.41250816,0.4199722175693,0.428058279936,0.4361443423027,0.4403490947334,
0.4449042432,0.4529903055667,0.461750206464,0.4705101073613,0.4750652558279,
0.48,0.4863599070413,0.493249806336,0.5001397056307,0.5076037632,0.5144936624947,
0.521957720064,0.5294217776333,0.53750784,0.5443977392947,0.551861796864,
0.5593258544333,0.5674119168,0.5748759743693,0.582962036736,0.5910480991027,
0.599808,0.6066978992947,0.614161956864,0.6216260144333,0.6297120768,0.6371761343693,
0.645262196736,0.6533482591027,0.66210816,0.6695722175693,0.677658279936,
0.6857443423027,0.6945042432,0.7025903055667,0.711350206464,0.7201101073613,
0.7296,0.7364898992947,0.743953956864,0.7514180144333,0.7595040768,0.7669681343693,
0.775054196736,0.7831402591027,0.79190016,0.7993642175693,0.807450279936,
0.8155363423027,0.8242962432,0.8323823055667,0.841142206464,0.8499021073613,
0.859392,0.8668560575693,0.874942119936,0.8830281823027,0.8917880832,0.8998741455667,
0.908634046464,0.9173939473613,0.92688384,0.9349699023667,0.943729803264,
0.9524897041613,0.9619795968,0.9707394976973,0.980229390336,0.9897192829747,
1.006271035358),.UNSPECIFIED.);
#30=B_SPLINE_SURFACE_WITH_KNOTS('',3,3,((#9688,#9689,#9690,#9691,#9692,
#9693,#9694,#9695,#9696,#9697,#9698,#9699,#9700,#9701,#9702,#9703,#9704,
#9705,#9706,#9707,#9708,#9709,#9710,#9711,#9712,#9713,#9714,#9715,#9716,
#9717,#9718,#9719,#9720,#9721,#9722,#9723,#9724,#9725,#9726,#9727,#9728,
#9729,#9730,#9731,#9732,#9733,#9734,#9735,#9736,#9737,#9738,#9739,#9740,
#9741,#9742,#9743,#9744,#9745,#9746,#9747,#9748,#9749,#9750,#9751,#9752,
#9753,#9754,#9755,#9756,#9757,#9758,#9759,#9760,#9761,#9762,#9763,#9764,
#9765,#9766,#9767,#9768,#9769,#9770,#9771,#9772,#9773,#9774,#9775,#9776,
#9777,#9778,#9779,#9780,#9781,#9782,#9783,#9784,#9785,#9786,#9787,#9788,
#9789,#9790,#9791,#9792,#9793,#9794,#9795,#9796,#9797,#9798,#9799,#9800,
#9801,#9802,#9803,#9804,#9805,#9806,#9807,#9808,#9809,#9810,#9811,#9812,
#9813,#9814,#9815,#9816,#9817,#9818,#9819,#9820,#9821,#9822,#9823,#9824,
#9825,#9826,#9827,#9828,#9829,#9830,#9831,#9832,#9833,#9834,#9835,#9836,
#9837,#9838,#9839,#9840,#9841,#9842,#9843,#9844,#9845,#9846,#9847,#9848,
#9849,#9850,#9851,#9852,#9853,#9854,#9855,#9856,#9857,#9858,#9859,#9860,
#9861,#9862,#9863,#9864,#9865,#9866,#9867,#9868,#9869,#9870,#9871,#9872,
#9873,#9874,#9875,#9876,#9877,#9878,#9879,#9880,#9881,#9882,#9883,#9884,
#9885,#9886,#9887,#9888,#9889),(#9890,#9891,#9892,#9893,#9894,#9895,#9896,
#9897,#9898,#9899,#9900,#9901,#9902,#9903,#9904,#9905,#9906,#9907,#9908,
#9909,#9910,#9911,#9912,#9913,#9914,#9915,#9916,#9917,#9918,#9919,#9920,
#9921,#9922,#9923,#9924,#9925,#9926,#9927,#9928,#9929,#9930,#9931,#9932,
#9933,#9934,#9935,#9936,#9937,#9938,#9939,#9940,#9941,#9942,#9943,#9944,
#9945,#9946,#9947,#9948,#9949,#9950,#9951,#9952,#9953,#9954,#9955,#9956,
#9957,#9958,#9959,#9960,#9961,#9962,#9963,#9964,#9965,#9966,#9967,#9968,
#9969,#9970,#9971,#9972,#9973,#9974,#9975,#9976,#9977,#9978,#9979,#9980,
#9981,#9982,#9983,#9984,#9985,#9986,#9987,#9988,#9989,#9990,#9991,#9992,
#9993,#9994,#9995,#9996,#9997,#9998,#9999,#10000,#10001,#10002,#10003,#10004,
#10005,#10006,#10007,#10008,#10009,#10010,#10011,#10012,#10013,#10014,#10015,
#10016,#10017,#10018,#10019,#10020,#10021,#10022,#10023,#10024,#10025,#10026,
#10027,#10028,#10029,#10030,#10031,#10032,#10033,#10034,#10035,#10036,#10037,
#10038,#10039,#10040,#10041,#10042,#10043,#10044,#10045,#10046,#10047,#10048,
#10049,#10050,#10051,#10052,#10053,#10054,#10055,#10056,#10057,#10058,#10059,
#10060,#10061,#10062,#10063,#10064,#10065,#10066,#10067,#10068,#10069,#10070,
#10071,#10072,#10073,#10074,#10075,#10076,#10077,#10078,#10079,#10080,#10081,
#10082,#10083,#10084,#10085,#10086,#10087,#10088,#10089,#10090,#10091),
(#10092,#10093,#10094,#10095,#10096,#10097,#10098,#10099,#10100,#10101,
#10102,#10103,#10104,#10105,#10106,#10107,#10108,#10109,#10110,#10111,#10112,
#10113,#10114,#10115,#10116,#10117,#10118,#10119,#10120,#10121,#10122,#10123,
#10124,#10125,#10126,#10127,#10128,#10129,#10130,#10131,#10132,#10133,#10134,
#10135,#10136,#10137,#10138,#10139,#10140,#10141,#10142,#10143,#10144,#10145,
#10146,#10147,#10148,#10149,#10150,#10151,#10152,#10153,#10154,#10155,#10156,
#10157,#10158,#10159,#10160,#10161,#10162,#10163,#10164,#10165,#10166,#10167,
#10168,#10169,#10170,#10171,#10172,#10173,#10174,#10175,#10176,#10177,#10178,
#10179,#10180,#10181,#10182,#10183,#10184,#10185,#10186,#10187,#10188,#10189,
#10190,#10191,#10192,#10193,#10194,#10195,#10196,#10197,#10198,#10199,#10200,
#10201,#10202,#10203,#10204,#10205,#10206,#10207,#10208,#10209,#10210,#10211,
#10212,#10213,#10214,#10215,#10216,#10217,#10218,#10219,#10220,#10221,#10222,
#10223,#10224,#10225,#10226,#10227,#10228,#10229,#10230,#10231,#10232,#10233,
#10234,#10235,#10236,#10237,#10238,#10239,#10240,#10241,#10242,#10243,#10244,
#10245,#10246,#10247,#10248,#10249,#10250,#10251,#10252,#10253,#10254,#10255,
#10256,#10257,#10258,#10259,#10260,#10261,#10262,#10263,#10264,#10265,#10266,
#10267,#10268,#10269,#10270,#10271,#10272,#10273,#10274,#10275,#10276,#10277,
#10278,#10279,#10280,#10281,#10282,#10283,#10284,#10285,#10286,#10287,#10288,
#10289,#10290,#10291,#10292,#10293),(#10294,#10295,#10296,#10297,#10298,
#10299,#10300,#10301,#10302,#10303,#10304,#10305,#10306,#10307,#10308,#10309,
#10310,#10311,#10312,#10313,#10314,#10315,#10316,#10317,#10318,#10319,#10320,
#10321,#10322,#10323,#10324,#10325,#10326,#10327,#10328,#10329,#10330,#10331,
#10332,#10333,#10334,#10335,#10336,#10337,#10338,#10339,#10340,#10341,#10342,
#10343,#10344,#10345,#10346,#10347,#10348,#10349,#10350,#10351,#10352,#10353,
#10354,#10355,#10356,#10357,#10358,#10359,#10360,#10361,#10362,#10363,#10364,
#10365,#10366,#10367,#10368,#10369,#10370,#10371,#10372,#10373,#10374,#10375,
#10376,#10377,#10378,#10379,#10380,#10381,#10382,#10383,#10384,#10385,#10386,
#10387,#10388,#10389,#10390,#10391,#10392,#10393,#10394,#10395,#10396,#10397,
#10398,#10399,#10400,#10401,#10402,#10403,#10404,#10405,#10406,#10407,#10408,
#10409,#10410,#10411,#10412,#10413,#10414,#10415,#10416,#10417,#10418,#10419,
#10420,#10421,#10422,#10423,#10424,#10425,#10426,#10427,#10428,#10429,#10430,
#10431,#10432,#10433,#10434,#10435,#10436,#10437,#10438,#10439,#10440,#10441,
#10442,#10443,#10444,#10445,#10446,#10447,#10448,#10449,#10450,#10451,#10452,
#10453,#10454,#10455,#10456,#10457,#10458,#10459,#10460,#10461,#10462,#10463,
#10464,#10465,#10466,#10467,#10468,#10469,#10470,#10471,#10472,#10473,#10474,
#10475,#10476,#10477,#10478,#10479,#10480,#10481,#10482,#10483,#10484,#10485,
#10486,#10487,#10488,#10489,#10490,#10491,#10492,#10493,#10494,#10495),
(#10496,#10497,#10498,#10499,#10500,#10501,#10502,#10503,#10504,#10505,
#10506,#10507,#10508,#10509,#10510,#10511,#10512,#10513,#10514,#10515,#10516,
#10517,#10518,#10519,#10520,#10521,#10522,#10523,#10524,#10525,#10526,#10527,
#10528,#10529,#10530,#10531,#10532,#10533,#10534,#10535,#10536,#10537,#10538,
#10539,#10540,#10541,#10542,#10543,#10544,#10545,#10546,#10547,#10548,#10549,
#10550,#10551,#10552,#10553,#10554,#10555,#10556,#10557,#10558,#10559,#10560,
#10561,#10562,#10563,#10564,#10565,#10566,#10567,#10568,#10569,#10570,#10571,
#10572,#10573,#10574,#10575,#10576,#10577,#10578,#10579,#10580,#10581,#10582,
#10583,#10584,#10585,#10586,#10587,#10588,#10589,#10590,#10591,#10592,#10593,
#10594,#10595,#10596,#10597,#10598,#10599,#10600,#10601,#10602,#10603,#10604,
#10605,#10606,#10607,#10608,#10609,#10610,#10611,#10612,#10613,#10614,#10615,
#10616,#10617,#10618,#10619,#10620,#10621,#10622,#10623,#10624,#10625,#10626,
#10627,#10628,#10629,#10630,#10631,#10632,#10633,#10634,#10635,#10636,#10637,
#10638,#10639,#10640,#10641,#10642,#10643,#10644,#10645,#10646,#10647,#10648,
#10649,#10650,#10651,#10652,#10653,#10654,#10655,#10656,#10657,#10658,#10659,
#10660,#10661,#10662,#10663,#10664,#10665,#10666,#10667,#10668,#10669,#10670,
#10671,#10672,#10673,#10674,#10675,#10676,#10677,#10678,#10679,#10680,#10681,
#10682,#10683,#10684,#10685,#10686,#10687,#10688,#10689,#10690,#10691,#10692,
#10693,#10694,#10695,#10696,#10697),(#10698,#10699,#10700,#10701,#10702,
#10703,#10704,#10705,#10706,#10707,#10708,#10709,#10710,#10711,#10712,#10713,
#10714,#10715,#10716,#10717,#10718,#10719,#10720,#10721,#10722,#10723,#10724,
#10725,#10726,#10727,#10728,#10729,#10730,#10731,#10732,#10733,#10734,#10735,
#10736,#10737,#10738,#10739,#10740,#10741,#10742,#10743,#10744,#10745,#10746,
#10747,#10748,#10749,#10750,#10751,#10752,#10753,#10754,#10755,#10756,#10757,
#10758,#10759,#10760,#10761,#10762,#10763,#10764,#10765,#10766,#10767,#10768,
#10769,#10770,#10771,#10772,#10773,#10774,#10775,#10776,#10777,#10778,#10779,
#10780,#10781,#10782,#10783,#10784,#10785,#10786,#10787,#10788,#10789,#10790,
#10791,#10792,#10793,#10794,#10795,#10796,#10797,#10798,#10799,#10800,#10801,
#10802,#10803,#10804,#10805,#10806,#10807,#10808,#10809,#10810,#10811,#10812,
#10813,#10814,#10815,#10816,#10817,#10818,#10819,#10820,#10821,#10822,#10823,
#10824,#10825,#10826,#10827,#10828,#10829,#10830,#10831,#10832,#10833,#10834,
#10835,#10836,#10837,#10838,#10839,#10840,#10841,#10842,#10843,#10844,#10845,
#10846,#10847,#10848,#10849,#10850,#10851,#10852,#10853,#10854,#10855,#10856,
#10857,#10858,#10859,#10860,#10861,#10862,#10863,#10864,#10865,#10866,#10867,
#10868,#10869,#10870,#10871,#10872,#10873,#10874,#10875,#10876,#10877,#10878,
#10879,#10880,#10881,#10882,#10883,#10884,#10885,#10886,#10887,#10888,#10889,
#10890,#10891,#10892,#10893,#10894,#10895,#10896,#10897,#10898,#10899),
(#10900,#10901,#10902,#10903,#10904,#10905,#10906,#10907,#10908,#10909,
#10910,#10911,#10912,#10913,#10914,#10915,#10916,#10917,#10918,#10919,#10920,
#10921,#10922,#10923,#10924,#10925,#10926,#10927,#10928,#10929,#10930,#10931,
#10932,#10933,#10934,#10935,#10936,#10937,#10938,#10939,#10940,#10941,#10942,
#10943,#10944,#10945,#10946,#10947,#10948,#10949,#10950,#10951,#10952,#10953,
#10954,#10955,#10956,#10957,#10958,#10959,#10960,#10961,#10962,#10963,#10964,
#10965,#10966,#10967,#10968,#10969,#10970,#10971,#10972,#10973,#10974,#10975,
#10976,#10977,#10978,#10979,#10980,#10981,#10982,#10983,#10984,#10985,#10986,
#10987,#10988,#10989,#10990,#10991,#10992,#10993,#10994,#10995,#10996,#10997,
#10998,#10999,#11000,#11001,#11002,#11003,#11004,#11005,#11006,#11007,#11008,
#11009,#11010,#11011,#11012,#11013,#11014,#11015,#11016,#11017,#11018,#11019,
#11020,#11021,#11022,#11023,#11024,#11025,#11026,#11027,#11028,#11029,#11030,
#11031,#11032,#11033,#11034,#11035,#11036,#11037,#11038,#11039,#11040,#11041,
#11042,#11043,#11044,#11045,#11046,#11047,#11048,#11049,#11050,#11051,#11052,
#11053,#11054,#11055,#11056,#11057,#11058,#11059,#11060,#11061,#11062,#11063,
#11064,#11065,#11066,#11067,#11068,#11069,#11070,#11071,#11072,#11073,#11074,
#11075,#11076,#11077,#11078,#11079,#11080,#11081,#11082,#11083,#11084,#11085,
#11086,#11087,#11088,#11089,#11090,#11091,#11092,#11093,#11094,#11095,#11096,
#11097,#11098,#11099,#11100,#11101),(#11102,#11103,#11104,#11105,#11106,
#11107,#11108,#11109,#11110,#11111,#11112,#11113,#11114,#11115,#11116,#11117,
#11118,#11119,#11120,#11121,#11122,#11123,#11124,#11125,#11126,#11127,#11128,
#11129,#11130,#11131,#11132,#11133,#11134,#11135,#11136,#11137,#11138,#11139,
#11140,#11141,#11142,#11143,#11144,#11145,#11146,#11147,#11148,#11149,#11150,
#11151,#11152,#11153,#11154,#11155,#11156,#11157,#11158,#11159,#11160,#11161,
#11162,#11163,#11164,#11165,#11166,#11167,#11168,#11169,#11170,#11171,#11172,
#11173,#11174,#11175,#11176,#11177,#11178,#11179,#11180,#11181,#11182,#11183,
#11184,#11185,#11186,#11187,#11188,#11189,#11190,#11191,#11192,#11193,#11194,
#11195,#11196,#11197,#11198,#11199,#11200,#11201,#11202,#11203,#11204,#11205,
#11206,#11207,#11208,#11209,#11210,#11211,#11212,#11213,#11214,#11215,#11216,
#11217,#11218,#11219,#11220,#11221,#11222,#11223,#11224,#11225,#11226,#11227,
#11228,#11229,#11230,#11231,#11232,#11233,#11234,#11235,#11236,#11237,#11238,
#11239,#11240,#11241,#11242,#11243,#11244,#11245,#11246,#11247,#11248,#11249,
#11250,#11251,#11252,#11253,#11254,#11255,#11256,#11257,#11258,#11259,#11260,
#11261,#11262,#11263,#11264,#11265,#11266,#11267,#11268,#11269,#11270,#11271,
#11272,#11273,#11274,#11275,#11276,#11277,#11278,#11279,#11280,#11281,#11282,
#11283,#11284,#11285,#11286,#11287,#11288,#11289,#11290,#11291,#11292,#11293,
#11294,#11295,#11296,#11297,#11298,#11299,#11300,#11301,#11302,#11303),
(#11304,#11305,#11306,#11307,#11308,#11309,#11310,#11311,#11312,#11313,
#11314,#11315,#11316,#11317,#11318,#11319,#11320,#11321,#11322,#11323,#11324,
#11325,#11326,#11327,#11328,#11329,#11330,#11331,#11332,#11333,#11334,#11335,
#11336,#11337,#11338,#11339,#11340,#11341,#11342,#11343,#11344,#11345,#11346,
#11347,#11348,#11349,#11350,#11351,#11352,#11353,#11354,#11355,#11356,#11357,
#11358,#11359,#11360,#11361,#11362,#11363,#11364,#11365,#11366,#11367,#11368,
#11369,#11370,#11371,#11372,#11373,#11374,#11375,#11376,#11377,#11378,#11379,
#11380,#11381,#11382,#11383,#11384,#11385,#11386,#11387,#11388,#11389,#11390,
#11391,#11392,#11393,#11394,#11395,#11396,#11397,#11398,#11399,#11400,#11401,
#11402,#11403,#11404,#11405,#11406,#11407,#11408,#11409,#11410,#11411,#11412,
#11413,#11414,#11415,#11416,#11417,#11418,#11419,#11420,#11421,#11422,#11423,
#11424,#11425,#11426,#11427,#11428,#11429,#11430,#11431,#11432,#11433,#11434,
#11435,#11436,#11437,#11438,#11439,#11440,#11441,#11442,#11443,#11444,#11445,
#11446,#11447,#11448,#11449,#11450,#11451,#11452,#11453,#11454,#11455,#11456,
#11457,#11458,#11459,#11460,#11461,#11462,#11463,#11464,#11465,#11466,#11467,
#11468,#11469,#11470,#11471,#11472,#11473,#11474,#11475,#11476,#11477,#11478,
#11479,#11480,#11481,#11482,#11483,#11484,#11485,#11486,#11487,#11488,#11489,
#11490,#11491,#11492,#11493,#11494,#11495,#11496,#11497,#11498,#11499,#11500,
#11501,#11502,#11503,#11504,#11505)),.UNSPECIFIED.,.F.,.F.,.F.,(4,1,1,1,
1,1,4),(4,1,1,1,1,1,1,1,1,1,1,1,1,1,1,1,1,1,1,1,1,1,1,1,1,1,1,1,1,1,1,1,
1,1,1,1,1,1,1,1,1,1,1,1,1,1,1,1,1,1,1,1,1,1,1,1,1,1,1,1,1,1,1,1,1,1,1,1,
1,1,1,1,1,1,1,1,1,1,1,1,1,1,1,1,1,1,1,1,1,1,1,1,1,1,1,1,1,1,1,1,1,1,1,1,
1,1,1,1,1,1,1,1,1,1,1,1,1,1,1,1,1,1,1,1,1,1,1,1,1,1,1,1,1,1,1,1,1,1,1,1,
1,1,1,1,1,1,1,1,1,1,1,1,1,1,1,1,1,1,1,1,1,1,1,1,1,1,1,1,1,1,1,1,1,1,1,1,
1,1,1,1,1,1,1,1,1,1,1,1,1,1,1,1,1,1,1,1,1,1,1,4),(0.4875083781794,0.5,0.625,
0.75,0.875,1.,1.012491621821),(-0.0007179197754521,0.001352605460595,0.002817928042906,
0.004283250625217,0.00587068342272,0.007336006005031,0.008923438802534,
0.01051087160004,0.012230590464,0.01369591304631,0.01528334584381,0.01687077864132,
0.01859049750528,0.02017793030278,0.02189764916675,0.02361736803071,0.0254803968,
0.02694571938231,0.02853315217981,0.03012058497732,0.03184030384128,0.03342773663878,
0.03514745550275,0.03686717436671,0.038730203136,0.0403176359335,0.04203735479747,
0.04375707366143,0.04562010243072,0.04733982129468,0.04920285006397,0.05106587883327,
0.05308416,0.05613691537981,0.05944406704128,0.06275121870275,0.06447093756671,
0.066333966336,0.06964111799747,0.07322386563072,0.07680661326397,0.07866964203327,
0.0806879232,0.08399507486147,0.08757782249472,0.09116057012797,0.095041880064,
0.09862462769725,0.1025059376333,0.1063872475693,0.108405528736,0.110592,
0.1136447553798,0.1169519070413,0.1202590587027,0.123841806336,0.1271489579975,
0.1307317056307,0.134314453264,0.1381957632,0.1415029148615,0.1450856624947,
0.148668410128,0.152549720064,0.1561324676973,0.1600137776333,0.1638950875693,
0.16809984,0.1714069916615,0.1749897392947,0.178572486928,0.182453796864,
0.1860365444973,0.1899178544333,0.1937991643693,0.1980039168,0.2015866644333,
0.2054679743693,0.2093492843053,0.213554036736,0.217435346672,0.2216400991027,
0.2258448515334,0.2304,0.2334527553798,0.2367599070413,0.2400670587027,
0.243649806336,0.2469569579975,0.2505397056307,0.254122453264,0.2580037632,
0.2613109148615,0.2648936624947,0.268476410128,0.272357720064,0.2759404676973,
0.2798217776333,0.2837030875693,0.28790784,0.2912149916615,0.2947977392947,
0.298380486928,0.302261796864,0.3058445444973,0.3097258544333,0.3136071643693,
0.3178119168,0.3213946644333,0.3252759743693,0.3291572843053,0.333362036736,
0.337243346672,0.3414480991027,0.3456528515334,0.350208,0.3570978992947,
0.364561956864,0.3720260144333,0.3759073243693,0.3801120768,0.3875761343693,
0.395662196736,0.4037482591027,0.4079530115334,0.41250816,0.4199722175693,
0.428058279936,0.4361443423027,0.4403490947334,0.4449042432,0.4529903055667,
0.461750206464,0.4705101073613,0.4750652558279,0.48,0.4863599070413,0.493249806336,
0.5001397056307,0.5076037632,0.5144936624947,0.521957720064,0.5294217776333,
0.53750784,0.5443977392947,0.551861796864,0.5593258544333,0.5674119168,
0.5748759743693,0.582962036736,0.5910480991027,0.599808,0.6066978992947,
0.614161956864,0.6216260144333,0.6297120768,0.6371761343693,0.645262196736,
0.6533482591027,0.66210816,0.6695722175693,0.677658279936,0.6857443423027,
0.6945042432,0.7025903055667,0.711350206464,0.7201101073613,0.7296,0.7364898992947,
0.743953956864,0.7514180144333,0.7595040768,0.7669681343693,0.775054196736,
0.7831402591027,0.79190016,0.7993642175693,0.807450279936,0.8155363423027,
0.8242962432,0.8323823055667,0.841142206464,0.8499021073613,0.859392,0.8668560575693,
0.874942119936,0.8830281823027,0.8917880832,0.8998741455667,0.908634046464,
0.9173939473613,0.92688384,0.9349699023667,0.943729803264,0.9524897041613,
0.9619795968,0.9707394976973,0.980229390336,0.9897192829747,1.006271035358),
 .UNSPECIFIED.);
#31=B_SPLINE_SURFACE_WITH_KNOTS('',3,3,((#11514,#11515,#11516,#11517),(#11518,
#11519,#11520,#11521),(#11522,#11523,#11524,#11525),(#11526,#11527,#11528,
#11529),(#11530,#11531,#11532,#11533),(#11534,#11535,#11536,#11537),(#11538,
#11539,#11540,#11541),(#11542,#11543,#11544,#11545),(#11546,#11547,#11548,
#11549),(#11550,#11551,#11552,#11553),(#11554,#11555,#11556,#11557),(#11558,
#11559,#11560,#11561),(#11562,#11563,#11564,#11565),(#11566,#11567,#11568,
#11569),(#11570,#11571,#11572,#11573),(#11574,#11575,#11576,#11577),(#11578,
#11579,#11580,#11581),(#11582,#11583,#11584,#11585),(#11586,#11587,#11588,
#11589),(#11590,#11591,#11592,#11593),(#11594,#11595,#11596,#11597),(#11598,
#11599,#11600,#11601),(#11602,#11603,#11604,#11605),(#11606,#11607,#11608,
#11609),(#11610,#11611,#11612,#11613),(#11614,#11615,#11616,#11617),(#11618,
#11619,#11620,#11621),(#11622,#11623,#11624,#11625),(#11626,#11627,#11628,
#11629),(#11630,#11631,#11632,#11633),(#11634,#11635,#11636,#11637),(#11638,
#11639,#11640,#11641),(#11642,#11643,#11644,#11645),(#11646,#11647,#11648,
#11649),(#11650,#11651,#11652,#11653),(#11654,#11655,#11656,#11657),(#11658,
#11659,#11660,#11661),(#11662,#11663,#11664,#11665),(#11666,#11667,#11668,
#11669),(#11670,#11671,#11672,#11673),(#11674,#11675,#11676,#11677),(#11678,
#11679,#11680,#11681),(#11682,#11683,#11684,#11685),(#11686,#11687,#11688,
#11689),(#11690,#11691,#11692,#11693),(#11694,#11695,#11696,#11697),(#11698,
#11699,#11700,#11701),(#11702,#11703,#11704,#11705),(#11706,#11707,#11708,
#11709),(#11710,#11711,#11712,#11713),(#11714,#11715,#11716,#11717),(#11718,
#11719,#11720,#11721),(#11722,#11723,#11724,#11725),(#11726,#11727,#11728,
#11729),(#11730,#11731,#11732,#11733),(#11734,#11735,#11736,#11737),(#11738,
#11739,#11740,#11741),(#11742,#11743,#11744,#11745),(#11746,#11747,#11748,
#11749),(#11750,#11751,#11752,#11753),(#11754,#11755,#11756,#11757),(#11758,
#11759,#11760,#11761),(#11762,#11763,#11764,#11765),(#11766,#11767,#11768,
#11769),(#11770,#11771,#11772,#11773),(#11774,#11775,#11776,#11777),(#11778,
#11779,#11780,#11781),(#11782,#11783,#11784,#11785),(#11786,#11787,#11788,
#11789),(#11790,#11791,#11792,#11793),(#11794,#11795,#11796,#11797),(#11798,
#11799,#11800,#11801),(#11802,#11803,#11804,#11805),(#11806,#11807,#11808,
#11809),(#11810,#11811,#11812,#11813),(#11814,#11815,#11816,#11817),(#11818,
#11819,#11820,#11821),(#11822,#11823,#11824,#11825),(#11826,#11827,#11828,
#11829),(#11830,#11831,#11832,#11833),(#11834,#11835,#11836,#11837),(#11838,
#11839,#11840,#11841),(#11842,#11843,#11844,#11845),(#11846,#11847,#11848,
#11849),(#11850,#11851,#11852,#11853),(#11854,#11855,#11856,#11857),(#11858,
#11859,#11860,#11861),(#11862,#11863,#11864,#11865),(#11866,#11867,#11868,
#11869),(#11870,#11871,#11872,#11873),(#11874,#11875,#11876,#11877),(#11878,
#11879,#11880,#11881),(#11882,#11883,#11884,#11885),(#11886,#11887,#11888,
#11889),(#11890,#11891,#11892,#11893),(#11894,#11895,#11896,#11897),(#11898,
#11899,#11900,#11901),(#11902,#11903,#11904,#11905),(#11906,#11907,#11908,
#11909),(#11910,#11911,#11912,#11913),(#11914,#11915,#11916,#11917),(#11918,
#11919,#11920,#11921),(#11922,#11923,#11924,#11925),(#11926,#11927,#11928,
#11929),(#11930,#11931,#11932,#11933),(#11934,#11935,#11936,#11937),(#11938,
#11939,#11940,#11941),(#11942,#11943,#11944,#11945),(#11946,#11947,#11948,
#11949),(#11950,#11951,#11952,#11953),(#11954,#11955,#11956,#11957),(#11958,
#11959,#11960,#11961),(#11962,#11963,#11964,#11965),(#11966,#11967,#11968,
#11969),(#11970,#11971,#11972,#11973),(#11974,#11975,#11976,#11977),(#11978,
#11979,#11980,#11981),(#11982,#11983,#11984,#11985),(#11986,#11987,#11988,
#11989),(#11990,#11991,#11992,#11993),(#11994,#11995,#11996,#11997),(#11998,
#11999,#12000,#12001),(#12002,#12003,#12004,#12005),(#12006,#12007,#12008,
#12009),(#12010,#12011,#12012,#12013),(#12014,#12015,#12016,#12017),(#12018,
#12019,#12020,#12021),(#12022,#12023,#12024,#12025),(#12026,#12027,#12028,
#12029),(#12030,#12031,#12032,#12033),(#12034,#12035,#12036,#12037),(#12038,
#12039,#12040,#12041),(#12042,#12043,#12044,#12045),(#12046,#12047,#12048,
#12049),(#12050,#12051,#12052,#12053),(#12054,#12055,#12056,#12057),(#12058,
#12059,#12060,#12061),(#12062,#12063,#12064,#12065),(#12066,#12067,#12068,
#12069),(#12070,#12071,#12072,#12073),(#12074,#12075,#12076,#12077),(#12078,
#12079,#12080,#12081),(#12082,#12083,#12084,#12085),(#12086,#12087,#12088,
#12089),(#12090,#12091,#12092,#12093),(#12094,#12095,#12096,#12097),(#12098,
#12099,#12100,#12101),(#12102,#12103,#12104,#12105),(#12106,#12107,#12108,
#12109),(#12110,#12111,#12112,#12113),(#12114,#12115,#12116,#12117),(#12118,
#12119,#12120,#12121),(#12122,#12123,#12124,#12125),(#12126,#12127,#12128,
#12129),(#12130,#12131,#12132,#12133),(#12134,#12135,#12136,#12137),(#12138,
#12139,#12140,#12141),(#12142,#12143,#12144,#12145),(#12146,#12147,#12148,
#12149),(#12150,#12151,#12152,#12153),(#12154,#12155,#12156,#12157),(#12158,
#12159,#12160,#12161),(#12162,#12163,#12164,#12165),(#12166,#12167,#12168,
#12169),(#12170,#12171,#12172,#12173),(#12174,#12175,#12176,#12177),(#12178,
#12179,#12180,#12181),(#12182,#12183,#12184,#12185),(#12186,#12187,#12188,
#12189),(#12190,#12191,#12192,#12193),(#12194,#12195,#12196,#12197),(#12198,
#12199,#12200,#12201),(#12202,#12203,#12204,#12205),(#12206,#12207,#12208,
#12209),(#12210,#12211,#12212,#12213),(#12214,#12215,#12216,#12217),(#12218,
#12219,#12220,#12221),(#12222,#12223,#12224,#12225),(#12226,#12227,#12228,
#12229),(#12230,#12231,#12232,#12233),(#12234,#12235,#12236,#12237),(#12238,
#12239,#12240,#12241),(#12242,#12243,#12244,#12245),(#12246,#12247,#12248,
#12249),(#12250,#12251,#12252,#12253),(#12254,#12255,#12256,#12257),(#12258,
#12259,#12260,#12261),(#12262,#12263,#12264,#12265),(#12266,#12267,#12268,
#12269),(#12270,#12271,#12272,#12273),(#12274,#12275,#12276,#12277),(#12278,
#12279,#12280,#12281),(#12282,#12283,#12284,#12285),(#12286,#12287,#12288,
#12289),(#12290,#12291,#12292,#12293),(#12294,#12295,#12296,#12297),(#12298,
#12299,#12300,#12301),(#12302,#12303,#12304,#12305),(#12306,#12307,#12308,
#12309),(#12310,#12311,#12312,#12313),(#12314,#12315,#12316,#12317),(#12318,
#12319,#12320,#12321),(#12322,#12323,#12324,#12325),(#12326,#12327,#12328,
#12329)),.UNSPECIFIED.,.F.,.F.,.F.,(4,1,1,1,1,1,1,1,1,1,1,1,1,1,1,1,1,1,
1,1,1,1,1,1,1,1,1,1,1,1,1,1,1,1,1,1,1,1,1,1,1,1,1,1,1,1,1,1,1,1,1,1,1,1,
1,1,1,1,1,1,1,1,1,1,1,1,1,1,1,1,1,1,1,1,1,1,1,1,1,1,1,1,1,1,1,1,1,1,1,1,
1,1,1,1,1,1,1,1,1,1,1,1,1,1,1,1,1,1,1,1,1,1,1,1,1,1,1,1,1,1,1,1,1,1,1,1,
1,1,1,1,1,1,1,1,1,1,1,1,1,1,1,1,1,1,1,1,1,1,1,1,1,1,1,1,1,1,1,1,1,1,1,1,
1,1,1,1,1,1,1,1,1,1,1,1,1,1,1,1,1,1,1,1,1,1,1,1,1,1,1,1,1,1,1,1,1,1,1,1,
1,1,1,4),(4,4),(-0.0007377064443679,0.,0.001352605460595,0.002817928042906,
0.004283250625217,0.00587068342272,0.007336006005031,0.008923438802534,
0.01051087160004,0.012230590464,0.01369591304631,0.01528334584381,0.01687077864132,
0.01859049750528,0.02017793030278,0.02189764916675,0.02361736803071,0.0254803968,
0.02694571938231,0.02853315217981,0.03012058497732,0.03184030384128,0.03342773663878,
0.03514745550275,0.03686717436671,0.038730203136,0.0403176359335,0.04203735479747,
0.04375707366143,0.04562010243072,0.04733982129468,0.04920285006397,0.05106587883327,
0.05308416,0.05613691537981,0.05944406704128,0.06275121870275,0.06447093756671,
0.066333966336,0.06964111799747,0.07322386563072,0.07680661326397,0.07866964203327,
0.0806879232,0.08399507486147,0.08757782249472,0.09116057012797,0.095041880064,
0.09862462769725,0.1025059376333,0.1063872475693,0.108405528736,0.110592,
0.1136447553798,0.1169519070413,0.1202590587027,0.123841806336,0.1271489579975,
0.1307317056307,0.134314453264,0.1381957632,0.1415029148615,0.1450856624947,
0.148668410128,0.152549720064,0.1561324676973,0.1600137776333,0.1638950875693,
0.16809984,0.1714069916615,0.1749897392947,0.178572486928,0.182453796864,
0.1860365444973,0.1899178544333,0.1937991643693,0.1980039168,0.2015866644333,
0.2054679743693,0.2093492843053,0.213554036736,0.217435346672,0.2216400991027,
0.2258448515334,0.2304,0.2334527553798,0.2367599070413,0.2400670587027,
0.243649806336,0.2469569579975,0.2505397056307,0.254122453264,0.2580037632,
0.2613109148615,0.2648936624947,0.268476410128,0.272357720064,0.2759404676973,
0.2798217776333,0.2837030875693,0.28790784,0.2912149916615,0.2947977392947,
0.298380486928,0.302261796864,0.3058445444973,0.3097258544333,0.3136071643693,
0.3178119168,0.3213946644333,0.3252759743693,0.3291572843053,0.333362036736,
0.337243346672,0.3414480991027,0.3456528515334,0.350208,0.3570978992947,
0.364561956864,0.3720260144333,0.3759073243693,0.3801120768,0.3875761343693,
0.395662196736,0.4037482591027,0.4079530115334,0.41250816,0.4199722175693,
0.428058279936,0.4361443423027,0.4403490947334,0.4449042432,0.4529903055667,
0.461750206464,0.4705101073613,0.4750652558279,0.48,0.4863599070413,0.493249806336,
0.5001397056307,0.5076037632,0.5144936624947,0.521957720064,0.5294217776333,
0.53750784,0.5443977392947,0.551861796864,0.5593258544333,0.5674119168,
0.5748759743693,0.582962036736,0.5910480991027,0.599808,0.6066978992947,
0.614161956864,0.6216260144333,0.6297120768,0.6371761343693,0.645262196736,
0.6533482591027,0.66210816,0.6695722175693,0.677658279936,0.6857443423027,
0.6945042432,0.7025903055667,0.711350206464,0.7201101073613,0.7296,0.7364898992947,
0.743953956864,0.7514180144333,0.7595040768,0.7669681343693,0.775054196736,
0.7831402591027,0.79190016,0.7993642175693,0.807450279936,0.8155363423027,
0.8242962432,0.8323823055667,0.841142206464,0.8499021073613,0.859392,0.8668560575693,
0.874942119936,0.8830281823027,0.8917880832,0.8998741455667,0.908634046464,
0.9173939473613,0.92688384,0.9349699023667,0.943729803264,0.9524897041613,
0.9619795968,0.9707394976973,0.980229390336,0.9897192829747,1.,1.006444683926),
(-0.02,1.02),.UNSPECIFIED.);
#32=SHAPE_REPRESENTATION_RELATIONSHIP('SRR','None',#12970,#36);
#33=SHAPE_REPRESENTATION_RELATIONSHIP('SRR','None',#12971,#37);
#34=SHAPE_REPRESENTATION_RELATIONSHIP('SRR','None',#12972,#38);
#35=SHAPE_REPRESENTATION_RELATIONSHIP('SRR','None',#12973,#39);
#36=ADVANCED_BREP_SHAPE_REPRESENTATION('',(#47),#12946);
#37=ADVANCED_BREP_SHAPE_REPRESENTATION('',(#48,#49,#50),#12947);
#38=ADVANCED_BREP_SHAPE_REPRESENTATION('',(#51),#12948);
#39=ADVANCED_BREP_SHAPE_REPRESENTATION('',(#52),#12949);
#40=STYLED_ITEM('',(#12999),#47);
#41=STYLED_ITEM('',(#13000),#48);
#42=STYLED_ITEM('',(#13001),#49);
#43=STYLED_ITEM('',(#13001),#50);
#44=STYLED_ITEM('',(#12999),#51);
#45=STYLED_ITEM('',(#13002),#52);
#46=STYLED_ITEM('',(#12998),#28);
#47=MANIFOLD_SOLID_BREP('K\X\F6rper1',#4186);
#48=MANIFOLD_SOLID_BREP('K\X\F6rper1',#4187);
#49=MANIFOLD_SOLID_BREP('K\X\F6rper2',#4188);
#50=MANIFOLD_SOLID_BREP('K\X\F6rper3',#4189);
#51=MANIFOLD_SOLID_BREP('K\X\F6rper1',#4190);
#52=MANIFOLD_SOLID_BREP('K\X\F6rper1',#4191);
#53=SPHERICAL_SURFACE('',#4351,1.);
#54=SPHERICAL_SURFACE('',#4373,1.);
#55=(
BOUNDED_SURFACE()
B_SPLINE_SURFACE(3,3,((#6317,#6318,#6319,#6320,#6321,#6322,#6323),(#6324,
#6325,#6326,#6327,#6328,#6329,#6330),(#6331,#6332,#6333,#6334,#6335,#6336,
#6337),(#6338,#6339,#6340,#6341,#6342,#6343,#6344)),.UNSPECIFIED.,.F.,.F.,
 .F.)
B_SPLINE_SURFACE_WITH_KNOTS((4,4),(4,1,1,1,4),(0.,1.),(0.1061078140325,
0.1094101164402,0.1229034624064,0.1382449895083,0.1483668680505),
 .UNSPECIFIED.)
GEOMETRIC_REPRESENTATION_ITEM()
RATIONAL_B_SPLINE_SURFACE(((1.005996933804,1.005996933804,1.005996933804,
1.005996933804,1.005996933804,1.005996933804,1.005996933804),(0.9980010220653,
0.9980010220653,0.9980010220653,0.9980010220653,0.9980010220653,0.9980010220653,
0.9980010220653),(0.9980010220653,0.9980010220653,0.9980010220653,0.9980010220653,
0.9980010220653,0.9980010220653,0.9980010220653),(1.005996933804,1.005996933804,
1.005996933804,1.005996933804,1.005996933804,1.005996933804,1.005996933804)))
REPRESENTATION_ITEM('')
SURFACE()
);
#56=(
BOUNDED_SURFACE()
B_SPLINE_SURFACE(3,3,((#6348,#6349,#6350,#6351,#6352,#6353,#6354,#6355,
#6356,#6357),(#6358,#6359,#6360,#6361,#6362,#6363,#6364,#6365,#6366,#6367),
(#6368,#6369,#6370,#6371,#6372,#6373,#6374,#6375,#6376,#6377),(#6378,#6379,
#6380,#6381,#6382,#6383,#6384,#6385,#6386,#6387)),.UNSPECIFIED.,.F.,.F.,
 .F.)
B_SPLINE_SURFACE_WITH_KNOTS((4,4),(4,1,1,1,1,1,1,4),(0.,1.),(0.1154162132737,
0.1987389394279,0.3139304527738,0.4391797926669,0.5679380648312,0.6917605423406,
0.8049231983172,0.8733201573005),.UNSPECIFIED.)
GEOMETRIC_REPRESENTATION_ITEM()
RATIONAL_B_SPLINE_SURFACE(((1.007091957336,1.007091957336,1.007091957336,
1.007091957336,1.007091957336,1.007091957336,1.007091957336,1.007091957336,
1.007091957336,1.007091957336),(0.9976360142214,0.9976360142214,0.9976360142214,
0.9976360142214,0.9976360142214,0.9976360142214,0.9976360142214,0.9976360142214,
0.9976360142214,0.9976360142214),(0.9976360142214,0.9976360142214,0.9976360142214,
0.9976360142214,0.9976360142214,0.9976360142214,0.9976360142214,0.9976360142214,
0.9976360142214,0.9976360142214),(1.007091957336,1.007091957336,1.007091957336,
1.007091957336,1.007091957336,1.007091957336,1.007091957336,1.007091957336,
1.007091957336,1.007091957336)))
REPRESENTATION_ITEM('')
SURFACE()
);
#57=(
BOUNDED_SURFACE()
B_SPLINE_SURFACE(3,3,((#6400,#6401,#6402,#6403,#6404,#6405,#6406),(#6407,
#6408,#6409,#6410,#6411,#6412,#6413),(#6414,#6415,#6416,#6417,#6418,#6419,
#6420),(#6421,#6422,#6423,#6424,#6425,#6426,#6427)),.UNSPECIFIED.,.F.,.F.,
 .F.)
B_SPLINE_SURFACE_WITH_KNOTS((4,4),(4,1,1,1,4),(0.,1.),(0.8504619461734,
0.8640515065057,0.8774223369379,0.8899176718372,0.8926535927122),
 .UNSPECIFIED.)
GEOMETRIC_REPRESENTATION_ITEM()
RATIONAL_B_SPLINE_SURFACE(((1.005996932421,1.005996932421,1.005996932421,
1.005996932421,1.005996932421,1.005996932421,1.005996932421),(0.9980010225262,
0.9980010225262,0.9980010225262,0.9980010225262,0.9980010225262,0.9980010225262,
0.9980010225262),(0.9980010225262,0.9980010225262,0.9980010225262,0.9980010225262,
0.9980010225262,0.9980010225262,0.9980010225262),(1.005996932421,1.005996932421,
1.005996932421,1.005996932421,1.005996932421,1.005996932421,1.005996932421)))
REPRESENTATION_ITEM('')
SURFACE()
);
#58=(
BOUNDED_SURFACE()
B_SPLINE_SURFACE(3,3,((#6504,#6505,#6506,#6507,#6508,#6509,#6510),(#6511,
#6512,#6513,#6514,#6515,#6516,#6517),(#6518,#6519,#6520,#6521,#6522,#6523,
#6524),(#6525,#6526,#6527,#6528,#6529,#6530,#6531)),.UNSPECIFIED.,.F.,.F.,
 .F.)
B_SPLINE_SURFACE_WITH_KNOTS((4,4),(4,1,1,1,4),(0.,1.),(0.107335951281,0.1093408500543,
0.1228492239986,0.1381903601052,0.1495373198785),.UNSPECIFIED.)
GEOMETRIC_REPRESENTATION_ITEM()
RATIONAL_B_SPLINE_SURFACE(((1.005996958164,1.005996958164,1.005996958164,
1.005996958164,1.005996958164,1.005996958164,1.005996958164),(0.9980010139454,
0.9980010139454,0.9980010139454,0.9980010139454,0.9980010139454,0.9980010139454,
0.9980010139454),(0.9980010139454,0.9980010139454,0.9980010139454,0.9980010139454,
0.9980010139454,0.9980010139454,0.9980010139454),(1.005996958164,1.005996958164,
1.005996958164,1.005996958164,1.005996958164,1.005996958164,1.005996958164)))
REPRESENTATION_ITEM('')
SURFACE()
);
#59=(
BOUNDED_SURFACE()
B_SPLINE_SURFACE(3,3,((#6533,#6534,#6535,#6536,#6537,#6538,#6539,#6540,
#6541,#6542),(#6543,#6544,#6545,#6546,#6547,#6548,#6549,#6550,#6551,#6552),
(#6553,#6554,#6555,#6556,#6557,#6558,#6559,#6560,#6561,#6562),(#6563,#6564,
#6565,#6566,#6567,#6568,#6569,#6570,#6571,#6572)),.UNSPECIFIED.,.F.,.F.,
 .F.)
B_SPLINE_SURFACE_WITH_KNOTS((4,4),(4,1,1,1,1,1,1,4),(0.,1.),(0.1266866858104,
0.1951135819827,0.3082951772583,0.4321296393443,0.5608885071683,0.686126906822,
0.8012994698733,0.8845849699935),.UNSPECIFIED.)
GEOMETRIC_REPRESENTATION_ITEM()
RATIONAL_B_SPLINE_SURFACE(((1.007091793561,1.007091793561,1.007091793561,
1.007091793561,1.007091793561,1.007091793561,1.007091793561,1.007091793561,
1.007091793561,1.007091793561),(0.9976360688129,0.9976360688129,0.9976360688129,
0.9976360688129,0.9976360688129,0.9976360688129,0.9976360688129,0.9976360688129,
0.9976360688129,0.9976360688129),(0.9976360688129,0.9976360688129,0.9976360688129,
0.9976360688129,0.9976360688129,0.9976360688129,0.9976360688129,0.9976360688129,
0.9976360688129,0.9976360688129),(1.007091793561,1.007091793561,1.007091793561,
1.007091793561,1.007091793561,1.007091793561,1.007091793561,1.007091793561,
1.007091793561,1.007091793561)))
REPRESENTATION_ITEM('')
SURFACE()
);
#60=(
BOUNDED_SURFACE()
B_SPLINE_SURFACE(3,3,((#6574,#6575,#6576,#6577,#6578,#6579,#6580),(#6581,
#6582,#6583,#6584,#6585,#6586,#6587),(#6588,#6589,#6590,#6591,#6592,#6593,
#6594),(#6595,#6596,#6597,#6598,#6599,#6600,#6601)),.UNSPECIFIED.,.F.,.F.,
 .F.)
B_SPLINE_SURFACE_WITH_KNOTS((4,4),(4,1,1,1,4),(0.,1.),(0.8516324232999,
0.8639390414003,0.8773143261122,0.8898059598606,0.8938817814674),
 .UNSPECIFIED.)
GEOMETRIC_REPRESENTATION_ITEM()
RATIONAL_B_SPLINE_SURFACE(((1.005996947574,1.005996947574,1.005996947574,
1.005996947574,1.005996947574,1.005996947574,1.005996947574),(0.9980010174754,
0.9980010174754,0.9980010174754,0.9980010174754,0.9980010174754,0.9980010174754,
0.9980010174754),(0.9980010174754,0.9980010174754,0.9980010174754,0.9980010174754,
0.9980010174754,0.9980010174754,0.9980010174754),(1.005996947574,1.005996947574,
1.005996947574,1.005996947574,1.005996947574,1.005996947574,1.005996947574)))
REPRESENTATION_ITEM('')
SURFACE()
);
#61=(
BOUNDED_SURFACE()
B_SPLINE_SURFACE(3,2,((#7270,#7271,#7272,#7273,#7274,#7275,#7276,#7277,
#7278),(#7279,#7280,#7281,#7282,#7283,#7284,#7285,#7286,#7287),(#7288,#7289,
#7290,#7291,#7292,#7293,#7294,#7295,#7296),(#7297,#7298,#7299,#7300,#7301,
#7302,#7303,#7304,#7305)),.UNSPECIFIED.,.F.,.T.,.F.)
B_SPLINE_SURFACE_WITH_KNOTS((4,4),(3,2,2,2,3),(0.,1.),(0.,1.5707963267949,
3.14159265358979,4.71238898038469,6.28318530717959),.UNSPECIFIED.)
GEOMETRIC_REPRESENTATION_ITEM()
RATIONAL_B_SPLINE_SURFACE(((1.,0.707106781186548,1.,0.707106781186548,1.,
0.707106781186548,1.,0.707106781186548,1.),(1.,0.707106781186548,1.,0.707106781186548,
1.,0.707106781186548,1.,0.707106781186548,1.),(1.,0.707106781186548,1.,
0.707106781186548,1.,0.707106781186548,1.,0.707106781186548,1.),(1.,0.707106781186548,
1.,0.707106781186548,1.,0.707106781186548,1.,0.707106781186548,1.)))
REPRESENTATION_ITEM('')
SURFACE()
);
#62=(
BOUNDED_SURFACE()
B_SPLINE_SURFACE(3,2,((#7315,#7316,#7317,#7318,#7319,#7320,#7321,#7322,
#7323),(#7324,#7325,#7326,#7327,#7328,#7329,#7330,#7331,#7332),(#7333,#7334,
#7335,#7336,#7337,#7338,#7339,#7340,#7341),(#7342,#7343,#7344,#7345,#7346,
#7347,#7348,#7349,#7350)),.UNSPECIFIED.,.F.,.T.,.F.)
B_SPLINE_SURFACE_WITH_KNOTS((4,4),(3,2,2,2,3),(0.,1.),(0.,1.5707963267949,
3.14159265358979,4.71238898038469,6.28318530717959),.UNSPECIFIED.)
GEOMETRIC_REPRESENTATION_ITEM()
RATIONAL_B_SPLINE_SURFACE(((1.,0.707106781186548,1.,0.707106781186548,1.,
0.707106781186548,1.,0.707106781186548,1.),(1.,0.707106781186548,1.,0.707106781186548,
1.,0.707106781186548,1.,0.707106781186548,1.),(1.,0.707106781186548,1.,
0.707106781186548,1.,0.707106781186548,1.,0.707106781186548,1.),(1.,0.707106781186548,
1.,0.707106781186548,1.,0.707106781186548,1.,0.707106781186548,1.)))
REPRESENTATION_ITEM('')
SURFACE()
);
#63=ELLIPSE('',#4334,21.5255745006979,12.0097944355072);
#64=ELLIPSE('',#4335,11.6538342052549,7.2691334014139);
#65=ELLIPSE('',#4338,39.3840609820915,14.4109776736537);
#66=ELLIPSE('',#4341,3.86370330515668,1.);
#67=ELLIPSE('',#4357,3.86370330515668,1.);
#68=B_SPLINE_CURVE_WITH_KNOTS('',3,(#5785,#5786,#5787,#5788,#5789,#5790,
#5791,#5792,#5793,#5794,#5795,#5796,#5797,#5798,#5799,#5800),
 .UNSPECIFIED.,.F.,.F.,(4,3,3,3,3,4),(0.000292092400810886,0.281657126272939,
0.3333333333333,0.588958166819684,0.6666666666667,0.999999987811398),
 .UNSPECIFIED.);
#69=B_SPLINE_CURVE_WITH_KNOTS('',3,(#5802,#5803,#5804,#5805,#5806,#5807,
#5808,#5809,#5810,#5811,#5812),.UNSPECIFIED.,.F.,.F.,(4,1,1,1,1,1,1,1,4),
(0.,0.125,0.25,0.375,0.5,0.625,0.75,0.875,1.),.UNSPECIFIED.);
#70=B_SPLINE_CURVE_WITH_KNOTS('',3,(#5814,#5815,#5816,#5817,#5818,#5819,
#5820,#5821,#5822,#5823,#5824,#5825,#5826,#5827,#5828,#5829,#5830,#5831,
#5832,#5833,#5834,#5835,#5836,#5837,#5838),.UNSPECIFIED.,.F.,.F.,(4,3,3,
3,3,3,3,3,4),(4.47808002585711E-10,0.235685887611613,0.25,0.466008723966375,
0.5,0.700381417345603,0.75,0.975566858640324,0.999577907706318),
 .UNSPECIFIED.);
#71=B_SPLINE_CURVE_WITH_KNOTS('',3,(#5851,#5852,#5853,#5854,#5855,#5856,
#5857,#5858,#5859,#5860,#5861,#5862,#5863,#5864,#5865,#5866),
 .UNSPECIFIED.,.F.,.F.,(4,3,3,3,3,4),(0.000301274247994541,0.273048699884122,
0.3333333333333,0.576367977209226,0.6666666666667,0.999999989536687),
 .UNSPECIFIED.);
#72=B_SPLINE_CURVE_WITH_KNOTS('',3,(#5868,#5869,#5870,#5871,#5872,#5873,
#5874,#5875,#5876,#5877,#5878),.UNSPECIFIED.,.F.,.F.,(4,1,1,1,1,1,1,1,4),
(0.,0.125,0.25,0.375,0.5,0.625,0.75,0.875,1.),.UNSPECIFIED.);
#73=B_SPLINE_CURVE_WITH_KNOTS('',3,(#5880,#5881,#5882,#5883,#5884,#5885,
#5886,#5887,#5888,#5889,#5890,#5891,#5892,#5893,#5894,#5895,#5896,#5897,
#5898,#5899,#5900,#5901),.UNSPECIFIED.,.F.,.F.,(4,3,3,3,3,3,3,4),(0.,0.25,
0.471759070397189,0.5,0.701347187957387,0.75,0.976457099083881,0.999583645450742),
 .UNSPECIFIED.);
#74=B_SPLINE_CURVE_WITH_KNOTS('',3,(#5912,#5913,#5914,#5915,#5916,#5917,
#5918,#5919,#5920,#5921),.UNSPECIFIED.,.F.,.F.,(4,2,2,2,4),(0.,0.0376457686601818,
0.0752915373203637,0.114764566962023,0.154237596603682),.UNSPECIFIED.);
#75=B_SPLINE_CURVE_WITH_KNOTS('',3,(#5925,#5926,#5927,#5928,#5929,#5930,
#5931,#5932,#5933,#5934),.UNSPECIFIED.,.F.,.F.,(4,2,2,2,4),(0.460110058638983,
0.499583088280642,0.539056117922301,0.576701886582483,0.614347655242665),
 .UNSPECIFIED.);
#76=B_SPLINE_CURVE_WITH_KNOTS('',3,(#5942,#5943,#5944,#5945,#5946,#5947,
#5948,#5949,#5950,#5951),.UNSPECIFIED.,.F.,.F.,(4,2,2,2,4),(0.,0.0376457686601818,
0.0752915373203637,0.114764566962023,0.154237596603682),.UNSPECIFIED.);
#77=B_SPLINE_CURVE_WITH_KNOTS('',3,(#5955,#5956,#5957,#5958,#5959,#5960,
#5961,#5962,#5963,#5964),.UNSPECIFIED.,.F.,.F.,(4,2,2,2,4),(0.460110058638983,
0.499583088280642,0.539056117922301,0.576701886582483,0.614347655242665),
 .UNSPECIFIED.);
#78=B_SPLINE_CURVE_WITH_KNOTS('',3,(#5981,#5982,#5983,#5984,#5985,#5986,
#5987,#5988,#5989,#5990),.UNSPECIFIED.,.F.,.F.,(4,2,2,2,4),(0.467935584848775,
0.509187933353805,0.550440281858834,0.588087344960282,0.625734408061731),
 .UNSPECIFIED.);
#79=B_SPLINE_CURVE_WITH_KNOTS('',3,(#5993,#5994,#5995,#5996,#5997,#5998,
#5999,#6000,#6001,#6002),.UNSPECIFIED.,.F.,.F.,(4,2,2,2,4),(-0.625734408061731,
-0.588087344960282,-0.550440281858834,-0.509187933353805,-0.467935584848775),
 .UNSPECIFIED.);
#80=B_SPLINE_CURVE_WITH_KNOTS('',3,(#6013,#6014,#6015,#6016,#6017,#6018,
#6019,#6020,#6021,#6022),.UNSPECIFIED.,.F.,.F.,(4,2,2,2,4),(-0.153032296549641,
-0.112627832713563,-0.0737118699421622,-0.0362965523293514,0.),
 .UNSPECIFIED.);
#81=B_SPLINE_CURVE_WITH_KNOTS('',3,(#6027,#6028,#6029,#6030,#6031,#6032,
#6033,#6034,#6035,#6036),.UNSPECIFIED.,.F.,.F.,(4,2,2,2,4),(0.,0.0362965523293513,
0.073711869942162,0.112627832713563,0.15303229654964),.UNSPECIFIED.);
#82=B_SPLINE_CURVE_WITH_KNOTS('',3,(#6037,#6038,#6039,#6040,#6041,#6042,
#6043,#6044,#6045,#6046),.UNSPECIFIED.,.F.,.F.,(4,2,2,2,4),(0.460548801962402,
0.50095326579848,0.539869228569881,0.577284546182691,0.613581098512043),
 .UNSPECIFIED.);
#83=B_SPLINE_CURVE_WITH_KNOTS('',3,(#6050,#6051,#6052,#6053,#6054,#6055,
#6056,#6057,#6058,#6059),.UNSPECIFIED.,.F.,.F.,(4,2,2,2,4),(0.,0.0362965523293513,
0.073711869942162,0.112627832713563,0.15303229654964),.UNSPECIFIED.);
#84=B_SPLINE_CURVE_WITH_KNOTS('',3,(#6081,#6082,#6083,#6084,#6085,#6086,
#6087,#6088,#6089,#6090),.UNSPECIFIED.,.F.,.F.,(4,2,2,2,4),(0.467935584848775,
0.509187933353805,0.550440281858834,0.588087344960282,0.625734408061731),
 .UNSPECIFIED.);
#85=B_SPLINE_CURVE_WITH_KNOTS('',3,(#6094,#6095,#6096,#6097,#6098,#6099,
#6100,#6101,#6102,#6103),.UNSPECIFIED.,.F.,.F.,(4,2,2,2,4),(-0.625734408061731,
-0.588087344960282,-0.550440281858834,-0.509187933353805,-0.467935584848775),
 .UNSPECIFIED.);
#86=B_SPLINE_CURVE_WITH_KNOTS('',3,(#6202,#6203,#6204,#6205,#6206,#6207),
 .UNSPECIFIED.,.F.,.F.,(4,2,4),(-0.211545100101374,-0.103769616317254,-1.00095400842353E-6),
 .UNSPECIFIED.);
#87=B_SPLINE_CURVE_WITH_KNOTS('',3,(#6250,#6251,#6252,#6253,#6254,#6255),
 .UNSPECIFIED.,.F.,.F.,(4,2,4),(-0.21153342069172,-0.10777100766872,-1.00027655726001E-6),
 .UNSPECIFIED.);
#88=B_SPLINE_CURVE_WITH_KNOTS('',3,(#6289,#6290,#6291,#6292,#6293,#6294),
 .UNSPECIFIED.,.F.,.F.,(4,2,4),(1.0000000259941E-6,0.103770712452303,0.211549300117054),
 .UNSPECIFIED.);
#89=B_SPLINE_CURVE_WITH_KNOTS('',3,(#6389,#6390,#6391,#6392,#6393,#6394,
#6395,#6396,#6397,#6398),.UNSPECIFIED.,.F.,.F.,(4,1,1,1,1,1,1,4),(0.,0.1428571428571,
0.2857142857143,0.4285714285714,0.5714285714286,0.7142857142857,0.8571428571429,
1.),.UNSPECIFIED.);
#90=B_SPLINE_CURVE_WITH_KNOTS('',3,(#6473,#6474,#6475,#6476,#6477,#6478,
#6479),.UNSPECIFIED.,.F.,.F.,(4,3,4),(5.64873010160869E-8,0.5,1.),
 .UNSPECIFIED.);
#91=B_SPLINE_CURVE_WITH_KNOTS('',3,(#6482,#6483,#6484,#6485,#6486,#6487,
#6488),.UNSPECIFIED.,.F.,.F.,(4,3,4),(0.,0.5,0.999952753392932),
 .UNSPECIFIED.);
#92=B_SPLINE_CURVE_WITH_KNOTS('',3,(#6489,#6490,#6491,#6492,#6493,#6494,
#6495,#6496,#6497,#6498),.UNSPECIFIED.,.F.,.F.,(4,1,1,1,1,1,1,4),(0.,0.1428571428571,
0.2857142857143,0.4285714285714,0.5714285714286,0.7142857142857,0.8571428571429,
1.),.UNSPECIFIED.);
#93=B_SPLINE_CURVE_WITH_KNOTS('',3,(#7307,#7308,#7309,#7310),
 .UNSPECIFIED.,.F.,.F.,(4,4),(0.,1.),.UNSPECIFIED.);
#94=B_SPLINE_CURVE_WITH_KNOTS('',3,(#7311,#7312,#7313,#7314),
 .UNSPECIFIED.,.F.,.F.,(4,4),(0.,1.),.UNSPECIFIED.);
#95=B_SPLINE_CURVE_WITH_KNOTS('',3,(#7365,#7366,#7367,#7368,#7369,#7370,
#7371),.UNSPECIFIED.,.F.,.F.,(4,1,1,1,4),(0.,0.25,0.5,0.75,1.),
 .UNSPECIFIED.);
#96=B_SPLINE_CURVE_WITH_KNOTS('',3,(#7373,#7374,#7375,#7376,#7377,#7378,
#7379,#7380,#7381,#7382,#7383,#7384,#7385,#7386,#7387,#7388,#7389,#7390,
#7391,#7392,#7393,#7394,#7395,#7396,#7397,#7398,#7399,#7400,#7401,#7402,
#7403,#7404,#7405,#7406,#7407,#7408,#7409,#7410,#7411,#7412,#7413,#7414,
#7415,#7416,#7417,#7418,#7419,#7420,#7421,#7422,#7423,#7424,#7425,#7426,
#7427,#7428,#7429,#7430,#7431,#7432,#7433,#7434,#7435,#7436,#7437,#7438,
#7439,#7440,#7441,#7442,#7443,#7444,#7445,#7446,#7447,#7448,#7449,#7450,
#7451,#7452,#7453,#7454,#7455,#7456),.UNSPECIFIED.,.F.,.F.,(4,2,2,2,2,2,
2,2,2,2,2,2,2,2,2,2,2,2,2,2,2,2,2,2,2,2,2,2,2,2,2,2,2,2,2,2,2,2,2,2,2,4),
(-17.3849507075875,-16.7079801038186,-16.0531958198265,-15.2949390864392,
-14.5811469471777,-13.8661108689446,-13.2106245831077,-12.6014784293101,
-11.9920412863757,-11.3811602933445,-10.7686058966352,-10.1911621199163,
-9.60901385595611,-8.98495203300438,-8.36530740167815,-7.53787888256944,
-7.29685445771616,-7.24338999442669,-7.22557607964446,-7.21796509023457,
-7.21346412730469,-7.20954747668346,-7.2049657810717,-7.19756094142745,
-7.18226225340864,-7.13383780489375,-6.91770839197021,-6.23943356206094,
-5.72390323584548,-5.18495108195623,-4.63906332555416,-4.11988192973875,
-3.62623211811627,-3.15908331959238,-2.71599118885049,-2.27243393403363,
-1.85130037840321,-1.45269098278813,-1.05523363291749,-0.691910902620387,
-0.353739630662837,-9.99999744315836E-7),.UNSPECIFIED.);
#97=B_SPLINE_CURVE_WITH_KNOTS('',3,(#9276,#9277,#9278,#9279,#9280,#9281,
#9282,#9283,#9284,#9285,#9286,#9287,#9288,#9289,#9290,#9291,#9292,#9293,
#9294,#9295,#9296,#9297,#9298,#9299,#9300,#9301,#9302,#9303,#9304,#9305,
#9306,#9307,#9308,#9309,#9310,#9311,#9312,#9313,#9314,#9315,#9316,#9317,
#9318,#9319,#9320,#9321,#9322,#9323,#9324,#9325,#9326,#9327,#9328,#9329,
#9330,#9331,#9332,#9333,#9334,#9335,#9336,#9337,#9338,#9339,#9340,#9341,
#9342,#9343,#9344,#9345,#9346,#9347,#9348,#9349,#9350,#9351,#9352,#9353,
#9354,#9355,#9356,#9357,#9358,#9359,#9360,#9361,#9362,#9363,#9364,#9365,
#9366,#9367,#9368,#9369,#9370,#9371,#9372,#9373,#9374,#9375,#9376,#9377,
#9378,#9379,#9380,#9381,#9382,#9383,#9384,#9385,#9386,#9387,#9388,#9389,
#9390,#9391,#9392,#9393,#9394,#9395,#9396,#9397,#9398,#9399,#9400,#9401,
#9402,#9403,#9404,#9405,#9406,#9407,#9408,#9409,#9410,#9411,#9412,#9413,
#9414,#9415,#9416,#9417,#9418,#9419,#9420,#9421,#9422,#9423,#9424,#9425,
#9426,#9427,#9428,#9429,#9430,#9431,#9432,#9433,#9434,#9435,#9436,#9437,
#9438,#9439,#9440,#9441,#9442,#9443,#9444,#9445,#9446,#9447,#9448,#9449,
#9450,#9451,#9452,#9453,#9454,#9455,#9456,#9457,#9458,#9459,#9460,#9461,
#9462,#9463,#9464,#9465,#9466,#9467,#9468,#9469,#9470,#9471,#9472,#9473,
#9474,#9475,#9476,#9477),.UNSPECIFIED.,.F.,.F.,(4,1,1,1,1,1,1,1,1,1,1,1,
1,1,1,1,1,1,1,1,1,1,1,1,1,1,1,1,1,1,1,1,1,1,1,1,1,1,1,1,1,1,1,1,1,1,1,1,
1,1,1,1,1,1,1,1,1,1,1,1,1,1,1,1,1,1,1,1,1,1,1,1,1,1,1,1,1,1,1,1,1,1,1,1,
1,1,1,1,1,1,1,1,1,1,1,1,1,1,1,1,1,1,1,1,1,1,1,1,1,1,1,1,1,1,1,1,1,1,1,1,
1,1,1,1,1,1,1,1,1,1,1,1,1,1,1,1,1,1,1,1,1,1,1,1,1,1,1,1,1,1,1,1,1,1,1,1,
1,1,1,1,1,1,1,1,1,1,1,1,1,1,1,1,1,1,1,1,1,1,1,1,1,1,1,1,1,1,1,1,1,1,1,1,
1,1,1,1,1,1,1,4),(0.,0.001352605460595,0.002817928042906,0.004283250625217,
0.00587068342272,0.007336006005031,0.008923438802534,0.01051087160004,0.012230590464,
0.01369591304631,0.01528334584381,0.01687077864132,0.01859049750528,0.02017793030278,
0.02189764916675,0.02361736803071,0.0254803968,0.02694571938231,0.02853315217981,
0.03012058497732,0.03184030384128,0.03342773663878,0.03514745550275,0.03686717436671,
0.038730203136,0.0403176359335,0.04203735479747,0.04375707366143,0.04562010243072,
0.04733982129468,0.04920285006397,0.05106587883327,0.05308416,0.05613691537981,
0.05944406704128,0.06275121870275,0.06447093756671,0.066333966336,0.06964111799747,
0.07322386563072,0.07680661326397,0.07866964203327,0.0806879232,0.08399507486147,
0.08757782249472,0.09116057012797,0.095041880064,0.09862462769725,0.1025059376333,
0.1063872475693,0.108405528736,0.110592,0.1136447553798,0.1169519070413,
0.1202590587027,0.123841806336,0.1271489579975,0.1307317056307,0.134314453264,
0.1381957632,0.1415029148615,0.1450856624947,0.148668410128,0.152549720064,
0.1561324676973,0.1600137776333,0.1638950875693,0.16809984,0.1714069916615,
0.1749897392947,0.178572486928,0.182453796864,0.1860365444973,0.1899178544333,
0.1937991643693,0.1980039168,0.2015866644333,0.2054679743693,0.2093492843053,
0.213554036736,0.217435346672,0.2216400991027,0.2258448515334,0.2304,0.2334527553798,
0.2367599070413,0.2400670587027,0.243649806336,0.2469569579975,0.2505397056307,
0.254122453264,0.2580037632,0.2613109148615,0.2648936624947,0.268476410128,
0.272357720064,0.2759404676973,0.2798217776333,0.2837030875693,0.28790784,
0.2912149916615,0.2947977392947,0.298380486928,0.302261796864,0.3058445444973,
0.3097258544333,0.3136071643693,0.3178119168,0.3213946644333,0.3252759743693,
0.3291572843053,0.333362036736,0.337243346672,0.3414480991027,0.3456528515334,
0.350208,0.3570978992947,0.364561956864,0.3720260144333,0.3759073243693,
0.3801120768,0.3875761343693,0.395662196736,0.4037482591027,0.4079530115334,
0.41250816,0.4199722175693,0.428058279936,0.4361443423027,0.4403490947334,
0.4449042432,0.4529903055667,0.461750206464,0.4705101073613,0.4750652558279,
0.48,0.4863599070413,0.493249806336,0.5001397056307,0.5076037632,0.5144936624947,
0.521957720064,0.5294217776333,0.53750784,0.5443977392947,0.551861796864,
0.5593258544333,0.5674119168,0.5748759743693,0.582962036736,0.5910480991027,
0.599808,0.6066978992947,0.614161956864,0.6216260144333,0.6297120768,0.6371761343693,
0.645262196736,0.6533482591027,0.66210816,0.6695722175693,0.677658279936,
0.6857443423027,0.6945042432,0.7025903055667,0.711350206464,0.7201101073613,
0.7296,0.7364898992947,0.743953956864,0.7514180144333,0.7595040768,0.7669681343693,
0.775054196736,0.7831402591027,0.79190016,0.7993642175693,0.807450279936,
0.8155363423027,0.8242962432,0.8323823055667,0.841142206464,0.8499021073613,
0.859392,0.8668560575693,0.874942119936,0.8830281823027,0.8917880832,0.8998741455667,
0.908634046464,0.9173939473613,0.92688384,0.9349699023667,0.943729803264,
0.9524897041613,0.9619795968,0.9707394976973,0.980229390336,0.9897192829747,
1.),.UNSPECIFIED.);
#98=B_SPLINE_CURVE_WITH_KNOTS('',3,(#9479,#9480,#9481,#9482,#9483,#9484,
#9485),.UNSPECIFIED.,.F.,.F.,(4,1,1,1,4),(0.,0.25,0.5,0.75,1.),
 .UNSPECIFIED.);
#99=B_SPLINE_CURVE_WITH_KNOTS('',3,(#9486,#9487,#9488,#9489,#9490,#9491,
#9492,#9493,#9494,#9495,#9496,#9497,#9498,#9499,#9500,#9501,#9502,#9503,
#9504,#9505,#9506,#9507,#9508,#9509,#9510,#9511,#9512,#9513,#9514,#9515,
#9516,#9517,#9518,#9519,#9520,#9521,#9522,#9523,#9524,#9525,#9526,#9527,
#9528,#9529,#9530,#9531,#9532,#9533,#9534,#9535,#9536,#9537,#9538,#9539,
#9540,#9541,#9542,#9543,#9544,#9545,#9546,#9547,#9548,#9549,#9550,#9551,
#9552,#9553,#9554,#9555,#9556,#9557,#9558,#9559,#9560,#9561,#9562,#9563,
#9564,#9565,#9566,#9567,#9568,#9569,#9570,#9571,#9572,#9573,#9574,#9575,
#9576,#9577,#9578,#9579,#9580,#9581,#9582,#9583,#9584,#9585,#9586,#9587,
#9588,#9589,#9590,#9591,#9592,#9593,#9594,#9595,#9596,#9597,#9598,#9599,
#9600,#9601,#9602,#9603,#9604,#9605,#9606,#9607,#9608,#9609,#9610,#9611,
#9612,#9613,#9614,#9615,#9616,#9617,#9618,#9619,#9620,#9621,#9622,#9623,
#9624,#9625,#9626,#9627,#9628,#9629,#9630,#9631,#9632,#9633,#9634,#9635,
#9636,#9637,#9638,#9639,#9640,#9641,#9642,#9643,#9644,#9645,#9646,#9647,
#9648,#9649,#9650,#9651,#9652,#9653,#9654,#9655,#9656,#9657,#9658,#9659,
#9660,#9661,#9662,#9663,#9664,#9665,#9666,#9667,#9668,#9669,#9670,#9671,
#9672,#9673,#9674,#9675,#9676,#9677,#9678,#9679,#9680,#9681,#9682,#9683,
#9684,#9685,#9686,#9687),.UNSPECIFIED.,.F.,.F.,(4,1,1,1,1,1,1,1,1,1,1,1,
1,1,1,1,1,1,1,1,1,1,1,1,1,1,1,1,1,1,1,1,1,1,1,1,1,1,1,1,1,1,1,1,1,1,1,1,
1,1,1,1,1,1,1,1,1,1,1,1,1,1,1,1,1,1,1,1,1,1,1,1,1,1,1,1,1,1,1,1,1,1,1,1,
1,1,1,1,1,1,1,1,1,1,1,1,1,1,1,1,1,1,1,1,1,1,1,1,1,1,1,1,1,1,1,1,1,1,1,1,
1,1,1,1,1,1,1,1,1,1,1,1,1,1,1,1,1,1,1,1,1,1,1,1,1,1,1,1,1,1,1,1,1,1,1,1,
1,1,1,1,1,1,1,1,1,1,1,1,1,1,1,1,1,1,1,1,1,1,1,1,1,1,1,1,1,1,1,1,1,1,1,1,
1,1,1,1,1,1,1,4),(0.,0.001352605460595,0.002817928042906,0.004283250625217,
0.00587068342272,0.007336006005031,0.008923438802534,0.01051087160004,0.012230590464,
0.01369591304631,0.01528334584381,0.01687077864132,0.01859049750528,0.02017793030278,
0.02189764916675,0.02361736803071,0.0254803968,0.02694571938231,0.02853315217981,
0.03012058497732,0.03184030384128,0.03342773663878,0.03514745550275,0.03686717436671,
0.038730203136,0.0403176359335,0.04203735479747,0.04375707366143,0.04562010243072,
0.04733982129468,0.04920285006397,0.05106587883327,0.05308416,0.05613691537981,
0.05944406704128,0.06275121870275,0.06447093756671,0.066333966336,0.06964111799747,
0.07322386563072,0.07680661326397,0.07866964203327,0.0806879232,0.08399507486147,
0.08757782249472,0.09116057012797,0.095041880064,0.09862462769725,0.1025059376333,
0.1063872475693,0.108405528736,0.110592,0.1136447553798,0.1169519070413,
0.1202590587027,0.123841806336,0.1271489579975,0.1307317056307,0.134314453264,
0.1381957632,0.1415029148615,0.1450856624947,0.148668410128,0.152549720064,
0.1561324676973,0.1600137776333,0.1638950875693,0.16809984,0.1714069916615,
0.1749897392947,0.178572486928,0.182453796864,0.1860365444973,0.1899178544333,
0.1937991643693,0.1980039168,0.2015866644333,0.2054679743693,0.2093492843053,
0.213554036736,0.217435346672,0.2216400991027,0.2258448515334,0.2304,0.2334527553798,
0.2367599070413,0.2400670587027,0.243649806336,0.2469569579975,0.2505397056307,
0.254122453264,0.2580037632,0.2613109148615,0.2648936624947,0.268476410128,
0.272357720064,0.2759404676973,0.2798217776333,0.2837030875693,0.28790784,
0.2912149916615,0.2947977392947,0.298380486928,0.302261796864,0.3058445444973,
0.3097258544333,0.3136071643693,0.3178119168,0.3213946644333,0.3252759743693,
0.3291572843053,0.333362036736,0.337243346672,0.3414480991027,0.3456528515334,
0.350208,0.3570978992947,0.364561956864,0.3720260144333,0.3759073243693,
0.3801120768,0.3875761343693,0.395662196736,0.4037482591027,0.4079530115334,
0.41250816,0.4199722175693,0.428058279936,0.4361443423027,0.4403490947334,
0.4449042432,0.4529903055667,0.461750206464,0.4705101073613,0.4750652558279,
0.48,0.4863599070413,0.493249806336,0.5001397056307,0.5076037632,0.5144936624947,
0.521957720064,0.5294217776333,0.53750784,0.5443977392947,0.551861796864,
0.5593258544333,0.5674119168,0.5748759743693,0.582962036736,0.5910480991027,
0.599808,0.6066978992947,0.614161956864,0.6216260144333,0.6297120768,0.6371761343693,
0.645262196736,0.6533482591027,0.66210816,0.6695722175693,0.677658279936,
0.6857443423027,0.6945042432,0.7025903055667,0.711350206464,0.7201101073613,
0.7296,0.7364898992947,0.743953956864,0.7514180144333,0.7595040768,0.7669681343693,
0.775054196736,0.7831402591027,0.79190016,0.7993642175693,0.807450279936,
0.8155363423027,0.8242962432,0.8323823055667,0.841142206464,0.8499021073613,
0.859392,0.8668560575693,0.874942119936,0.8830281823027,0.8917880832,0.8998741455667,
0.908634046464,0.9173939473613,0.92688384,0.9349699023667,0.943729803264,
0.9524897041613,0.9619795968,0.9707394976973,0.980229390336,0.9897192829747,
1.),.UNSPECIFIED.);
#100=B_SPLINE_CURVE_WITH_KNOTS('',3,(#11506,#11507,#11508,#11509,#11510,
#11511,#11512),.UNSPECIFIED.,.F.,.F.,(4,1,1,1,4),(0.,0.25,0.5,0.75,1.),
 .UNSPECIFIED.);
#101=B_SPLINE_CURVE_WITH_KNOTS('',3,(#12334,#12335,#12336,#12337,#12338,
#12339,#12340,#12341,#12342,#12343,#12344,#12345,#12346,#12347,#12348,#12349,
#12350,#12351,#12352,#12353,#12354,#12355,#12356,#12357,#12358,#12359,#12360,
#12361,#12362,#12363,#12364,#12365,#12366,#12367,#12368,#12369,#12370,#12371,
#12372,#12373,#12374,#12375,#12376,#12377,#12378,#12379,#12380,#12381,#12382,
#12383,#12384,#12385,#12386,#12387,#12388,#12389,#12390,#12391,#12392,#12393,
#12394,#12395,#12396,#12397,#12398,#12399,#12400,#12401,#12402,#12403,#12404,
#12405,#12406,#12407,#12408,#12409,#12410,#12411,#12412,#12413,#12414,#12415,
#12416,#12417,#12418,#12419,#12420,#12421,#12422,#12423,#12424,#12425,#12426,
#12427,#12428,#12429,#12430,#12431,#12432,#12433,#12434,#12435,#12436,#12437,
#12438,#12439,#12440,#12441,#12442,#12443,#12444,#12445,#12446,#12447,#12448,
#12449,#12450,#12451,#12452,#12453,#12454,#12455,#12456,#12457,#12458,#12459,
#12460,#12461,#12462,#12463,#12464,#12465,#12466,#12467,#12468,#12469,#12470,
#12471,#12472,#12473,#12474,#12475,#12476,#12477,#12478,#12479,#12480,#12481,
#12482,#12483,#12484,#12485,#12486,#12487,#12488,#12489,#12490,#12491,#12492,
#12493,#12494,#12495,#12496,#12497,#12498,#12499,#12500,#12501,#12502,#12503,
#12504,#12505,#12506,#12507,#12508,#12509,#12510,#12511,#12512,#12513,#12514,
#12515,#12516,#12517,#12518,#12519,#12520,#12521,#12522,#12523,#12524,#12525,
#12526,#12527,#12528,#12529,#12530,#12531,#12532,#12533,#12534,#12535,#12536,
#12537,#12538,#12539,#12540,#12541,#12542,#12543,#12544,#12545,#12546,#12547,
#12548,#12549,#12550,#12551,#12552,#12553,#12554,#12555,#12556,#12557,#12558,
#12559,#12560,#12561,#12562,#12563,#12564,#12565,#12566,#12567,#12568,#12569,
#12570,#12571,#12572,#12573,#12574,#12575,#12576,#12577,#12578,#12579,#12580,
#12581,#12582,#12583,#12584,#12585,#12586,#12587,#12588,#12589,#12590,#12591,
#12592,#12593,#12594,#12595,#12596,#12597,#12598,#12599,#12600,#12601,#12602,
#12603,#12604,#12605,#12606,#12607,#12608,#12609,#12610,#12611,#12612,#12613,
#12614,#12615,#12616,#12617,#12618,#12619,#12620,#12621,#12622,#12623,#12624,
#12625,#12626,#12627,#12628,#12629,#12630,#12631,#12632,#12633,#12634,#12635,
#12636,#12637,#12638,#12639,#12640,#12641,#12642,#12643,#12644,#12645,#12646,
#12647,#12648,#12649,#12650,#12651,#12652,#12653,#12654,#12655,#12656,#12657,
#12658,#12659,#12660,#12661,#12662,#12663,#12664,#12665,#12666,#12667,#12668,
#12669,#12670,#12671,#12672,#12673,#12674,#12675,#12676,#12677,#12678,#12679,
#12680,#12681,#12682,#12683,#12684,#12685,#12686,#12687,#12688,#12689,#12690,
#12691,#12692,#12693,#12694,#12695,#12696,#12697,#12698,#12699,#12700,#12701,
#12702,#12703,#12704,#12705,#12706,#12707,#12708,#12709,#12710,#12711,#12712,
#12713,#12714,#12715,#12716,#12717,#12718,#12719,#12720,#12721,#12722,#12723,
#12724,#12725,#12726,#12727,#12728,#12729,#12730,#12731,#12732,#12733,#12734,
#12735,#12736,#12737,#12738,#12739,#12740,#12741,#12742,#12743,#12744,#12745,
#12746,#12747,#12748,#12749,#12750,#12751,#12752,#12753,#12754,#12755,#12756,
#12757,#12758,#12759,#12760,#12761,#12762,#12763,#12764,#12765,#12766,#12767,
#12768,#12769,#12770,#12771,#12772,#12773,#12774,#12775,#12776,#12777,#12778,
#12779,#12780,#12781,#12782,#12783,#12784,#12785,#12786,#12787,#12788,#12789,
#12790,#12791,#12792,#12793,#12794,#12795,#12796,#12797,#12798,#12799,#12800,
#12801,#12802,#12803,#12804,#12805,#12806,#12807,#12808,#12809,#12810,#12811,
#12812,#12813,#12814,#12815,#12816,#12817,#12818,#12819,#12820,#12821,#12822,
#12823,#12824,#12825,#12826,#12827,#12828,#12829,#12830,#12831,#12832,#12833,
#12834,#12835,#12836,#12837,#12838,#12839,#12840,#12841,#12842,#12843,#12844,
#12845,#12846,#12847,#12848,#12849,#12850,#12851,#12852,#12853,#12854,#12855,
#12856,#12857,#12858,#12859,#12860,#12861,#12862,#12863,#12864,#12865,#12866,
#12867,#12868,#12869,#12870,#12871,#12872,#12873,#12874,#12875,#12876,#12877,
#12878,#12879,#12880,#12881,#12882,#12883,#12884,#12885,#12886,#12887,#12888,
#12889,#12890,#12891,#12892,#12893,#12894,#12895,#12896,#12897,#12898,#12899,
#12900,#12901,#12902,#12903,#12904,#12905,#12906,#12907,#12908,#12909,#12910,
#12911,#12912,#12913,#12914,#12915,#12916,#12917,#12918,#12919,#12920,#12921,
#12922,#12923,#12924,#12925,#12926,#12927,#12928,#12929,#12930,#12931),
 .UNSPECIFIED.,.F.,.F.,(4,3,3,3,3,3,3,3,3,3,3,3,3,3,3,3,3,3,3,3,3,3,3,3,
3,3,3,3,3,3,3,3,3,3,3,3,3,3,3,3,3,3,3,3,3,3,3,3,3,3,3,3,3,3,3,3,3,3,3,3,
3,3,3,3,3,3,3,3,3,3,3,3,3,3,3,3,3,3,3,3,3,3,3,3,3,3,3,3,3,3,3,3,3,3,3,3,
3,3,3,3,3,3,3,3,3,3,3,3,3,3,3,3,3,3,3,3,3,3,3,3,3,3,3,3,3,3,3,3,3,3,3,3,
3,3,3,3,3,3,3,3,3,3,3,3,3,3,3,3,3,3,3,3,3,3,3,3,3,3,3,3,3,3,3,3,3,3,3,3,
3,3,3,3,3,3,3,3,3,3,3,3,3,3,3,3,3,3,3,3,3,3,3,3,3,3,3,3,3,3,3,4),(0.,0.0102807170252457,
0.0197706096639463,0.0292605023026468,0.0380204031999472,0.0475102958386478,
0.0562701967359482,0.0650300976332488,0.0731161599999492,0.0826060526386497,
0.0913659535359501,0.100125854433251,0.108211916799951,0.116971817697252,
0.125057880063952,0.133143942430653,0.140607999999953,0.150097892638653,
0.158857793535954,0.167617694433254,0.175703756799955,0.184463657697255,
0.192549720063956,0.200635782430656,0.208099839999957,0.216859740897257,
0.224945803263958,0.233031865630658,0.240495923199958,0.248581985566659,
0.256046043135959,0.26351010070526,0.27039999999996,0.27988989263866,0.288649793535961,
0.297409694433261,0.305495756799962,0.314255657697262,0.322341720063963,
0.330427782430663,0.337891839999964,0.346651740897264,0.354737803263965,
0.362823865630665,0.370287923199966,0.378373985566666,0.385838043135966,
0.393302100705267,0.400191999999967,0.408951900897268,0.417037963263968,
0.425124025630668,0.432588083199969,0.440674145566669,0.44813820313597,
0.45560226070527,0.462492159999971,0.470578222366671,0.478042279935971,
0.485506337505272,0.492396236799972,0.499860294369273,0.506750193663973,
0.513640092958673,0.519999999999974,0.524934744172074,0.529489892638674,
0.538249793535975,0.547009694433275,0.555095756799976,0.559650905266576,
0.563855657697276,0.571941720063976,0.580027782430677,0.587491839999977,
0.592046988466578,0.596251740897278,0.604337803263978,0.612423865630679,
0.619887923199979,0.624092675630679,0.627973985566679,0.63543804313598,
0.64290210070528,0.649791999999981,0.654347148466581,0.658551900897281,
0.662756653327982,0.666637963263982,0.670842715694682,0.674724025630682,
0.678605335566682,0.682188083199983,0.686392835630683,0.690274145566683,
0.694155455502683,0.697738203135983,0.701619513071984,0.705202260705284,
0.708785008338484,0.712092159999984,0.716296912430684,0.720178222366685,
0.724059532302685,0.727642279935985,0.731523589871985,0.735106337505286,
0.738689085138486,0.741996236799986,0.745877546735986,0.749460294369286,
0.753043042002487,0.756350193663987,0.759932941297287,0.763240092958687,
0.766547244620187,0.769599999999987,0.774155148466588,0.778359900897288,
0.782564653327988,0.786445963263988,0.790650715694689,0.794532025630689,
0.798413335566689,0.801996083199989,0.806200835630689,0.81008214556669,
0.81396345550269,0.81754620313599,0.82142751307199,0.82501026070529,0.828593008338491,
0.831900159999991,0.836104912430691,0.839986222366691,0.843867532302692,
0.847450279935992,0.851331589871992,0.854914337505292,0.858497085138492,
0.861804236799992,0.865685546735993,0.869268294369293,0.872851042002493,
0.876158193663993,0.879740941297293,0.883048092958694,0.886355244620194,
0.889407999999994,0.891594471263994,0.893612752430694,0.897494062366694,
0.901375372302745,0.904958119935995,0.908839429872025,0.912422177505275,
0.916004925138525,0.919312076799996,0.921330357966726,0.923193386736026,
0.926776134369276,0.930358882002526,0.933666033663996,0.935529062433286,
0.937248781297247,0.940555932958717,0.943863084620187,0.946915839999997,
0.948934121166727,0.950797149936027,0.952660178705317,0.954379897569278,
0.956242926338568,0.957962645202528,0.959682364066498,0.961269796863998,
0.963132825633288,0.964852544497248,0.966572263361218,0.968159696158718,
0.969879415022678,0.971466847820188,0.973054280617689,0.974519603199999,
0.976382631969289,0.978102350833249,0.979822069697219,0.981409502494719,
0.983129221358679,0.984716654156189,0.986304086953689,0.987769409535999,
0.98948912839996,0.991076561197466,0.992663993994969,0.99412931657728,0.995716749374783,
0.997182071957094,0.998647394539405,1.),.UNSPECIFIED.);
#102=TOROIDAL_SURFACE('',#4248,16.,1.);
#103=TOROIDAL_SURFACE('',#4296,14.,1.);
#104=TOROIDAL_SURFACE('',#4298,14.,1.);
#105=TOROIDAL_SURFACE('',#4544,11.5,1.);
#106=CYLINDRICAL_SURFACE('',#4246,17.);
#107=CYLINDRICAL_SURFACE('',#4253,12.75);
#108=CYLINDRICAL_SURFACE('',#4277,15.);
#109=CYLINDRICAL_SURFACE('',#4291,1.);
#110=CYLINDRICAL_SURFACE('',#4292,11.);
#111=CYLINDRICAL_SURFACE('',#4294,1.);
#112=CYLINDRICAL_SURFACE('',#4304,1.);
#113=CYLINDRICAL_SURFACE('',#4305,11.);
#114=CYLINDRICAL_SURFACE('',#4306,1.);
#115=CYLINDRICAL_SURFACE('',#4349,1.);
#116=CYLINDRICAL_SURFACE('',#4353,1.);
#117=CYLINDRICAL_SURFACE('',#4371,1.);
#118=CYLINDRICAL_SURFACE('',#4375,1.);
#119=CYLINDRICAL_SURFACE('',#4384,1.5);
#120=CYLINDRICAL_SURFACE('',#4389,3.);
#121=CYLINDRICAL_SURFACE('',#4401,0.875);
#122=CYLINDRICAL_SURFACE('',#4414,0.875);
#123=CYLINDRICAL_SURFACE('',#4457,0.875);
#124=CYLINDRICAL_SURFACE('',#4462,0.875);
#125=CYLINDRICAL_SURFACE('',#4473,0.875);
#126=CYLINDRICAL_SURFACE('',#4479,0.875);
#127=CYLINDRICAL_SURFACE('',#4484,12.5);
#128=CYLINDRICAL_SURFACE('',#4503,11.5);
#129=CYLINDRICAL_SURFACE('',#4552,1.5);
#130=FACE_BOUND('',#1278,.T.);
#131=FACE_BOUND('',#1282,.T.);
#132=FACE_BOUND('',#1284,.T.);
#133=FACE_BOUND('',#1294,.T.);
#134=FACE_BOUND('',#1304,.T.);
#135=FACE_BOUND('',#1341,.T.);
#136=FACE_BOUND('',#1355,.T.);
#137=FACE_BOUND('',#1381,.T.);
#138=FACE_BOUND('',#1417,.T.);
#139=FACE_BOUND('',#1418,.T.);
#140=FACE_BOUND('',#1419,.T.);
#141=FACE_BOUND('',#1421,.T.);
#142=FACE_BOUND('',#1422,.T.);
#143=FACE_BOUND('',#1423,.T.);
#144=FACE_BOUND('',#1435,.T.);
#145=FACE_BOUND('',#1442,.T.);
#146=FACE_BOUND('',#1451,.T.);
#147=FACE_BOUND('',#1454,.T.);
#148=FACE_BOUND('',#1465,.T.);
#149=FACE_BOUND('',#1468,.T.);
#150=FACE_BOUND('',#1511,.T.);
#151=LINE('',#5676,#603);
#152=LINE('',#5680,#604);
#153=LINE('',#5686,#605);
#154=LINE('',#5689,#606);
#155=LINE('',#5692,#607);
#156=LINE('',#5703,#608);
#157=LINE('',#5707,#609);
#158=LINE('',#5711,#610);
#159=LINE('',#5714,#611);
#160=LINE('',#5716,#612);
#161=LINE('',#5719,#613);
#162=LINE('',#5721,#614);
#163=LINE('',#5726,#615);
#164=LINE('',#5732,#616);
#165=LINE('',#5735,#617);
#166=LINE('',#5738,#618);
#167=LINE('',#5743,#619);
#168=LINE('',#5746,#620);
#169=LINE('',#5749,#621);
#170=LINE('',#5752,#622);
#171=LINE('',#5753,#623);
#172=LINE('',#5756,#624);
#173=LINE('',#5757,#625);
#174=LINE('',#5763,#626);
#175=LINE('',#5766,#627);
#176=LINE('',#5769,#628);
#177=LINE('',#5771,#629);
#178=LINE('',#5776,#630);
#179=LINE('',#5777,#631);
#180=LINE('',#5779,#632);
#181=LINE('',#5783,#633);
#182=LINE('',#5840,#634);
#183=LINE('',#5843,#635);
#184=LINE('',#5845,#636);
#185=LINE('',#5849,#637);
#186=LINE('',#5903,#638);
#187=LINE('',#5906,#639);
#188=LINE('',#5910,#640);
#189=LINE('',#5936,#641);
#190=LINE('',#5940,#642);
#191=LINE('',#5965,#643);
#192=LINE('',#5968,#644);
#193=LINE('',#5971,#645);
#194=LINE('',#5974,#646);
#195=LINE('',#5977,#647);
#196=LINE('',#5980,#648);
#197=LINE('',#6004,#649);
#198=LINE('',#6007,#650);
#199=LINE('',#6009,#651);
#200=LINE('',#6012,#652);
#201=LINE('',#6061,#653);
#202=LINE('',#6063,#654);
#203=LINE('',#6066,#655);
#204=LINE('',#6069,#656);
#205=LINE('',#6071,#657);
#206=LINE('',#6073,#658);
#207=LINE('',#6074,#659);
#208=LINE('',#6078,#660);
#209=LINE('',#6079,#661);
#210=LINE('',#6093,#662);
#211=LINE('',#6105,#663);
#212=LINE('',#6110,#664);
#213=LINE('',#6112,#665);
#214=LINE('',#6114,#666);
#215=LINE('',#6115,#667);
#216=LINE('',#6117,#668);
#217=LINE('',#6119,#669);
#218=LINE('',#6120,#670);
#219=LINE('',#6123,#671);
#220=LINE('',#6125,#672);
#221=LINE('',#6126,#673);
#222=LINE('',#6130,#674);
#223=LINE('',#6132,#675);
#224=LINE('',#6134,#676);
#225=LINE('',#6135,#677);
#226=LINE('',#6138,#678);
#227=LINE('',#6140,#679);
#228=LINE('',#6141,#680);
#229=LINE('',#6144,#681);
#230=LINE('',#6146,#682);
#231=LINE('',#6147,#683);
#232=LINE('',#6149,#684);
#233=LINE('',#6150,#685);
#234=LINE('',#6152,#686);
#235=LINE('',#6154,#687);
#236=LINE('',#6155,#688);
#237=LINE('',#6158,#689);
#238=LINE('',#6160,#690);
#239=LINE('',#6161,#691);
#240=LINE('',#6164,#692);
#241=LINE('',#6166,#693);
#242=LINE('',#6167,#694);
#243=LINE('',#6170,#695);
#244=LINE('',#6171,#696);
#245=LINE('',#6174,#697);
#246=LINE('',#6175,#698);
#247=LINE('',#6178,#699);
#248=LINE('',#6179,#700);
#249=LINE('',#6182,#701);
#250=LINE('',#6183,#702);
#251=LINE('',#6186,#703);
#252=LINE('',#6187,#704);
#253=LINE('',#6188,#705);
#254=LINE('',#6190,#706);
#255=LINE('',#6191,#707);
#256=LINE('',#6194,#708);
#257=LINE('',#6195,#709);
#258=LINE('',#6198,#710);
#259=LINE('',#6199,#711);
#260=LINE('',#6209,#712);
#261=LINE('',#6211,#713);
#262=LINE('',#6213,#714);
#263=LINE('',#6215,#715);
#264=LINE('',#6217,#716);
#265=LINE('',#6219,#717);
#266=LINE('',#6221,#718);
#267=LINE('',#6223,#719);
#268=LINE('',#6225,#720);
#269=LINE('',#6227,#721);
#270=LINE('',#6228,#722);
#271=LINE('',#6231,#723);
#272=LINE('',#6233,#724);
#273=LINE('',#6235,#725);
#274=LINE('',#6237,#726);
#275=LINE('',#6239,#727);
#276=LINE('',#6241,#728);
#277=LINE('',#6243,#729);
#278=LINE('',#6245,#730);
#279=LINE('',#6247,#731);
#280=LINE('',#6249,#732);
#281=LINE('',#6257,#733);
#282=LINE('',#6260,#734);
#283=LINE('',#6261,#735);
#284=LINE('',#6263,#736);
#285=LINE('',#6266,#737);
#286=LINE('',#6267,#738);
#287=LINE('',#6270,#739);
#288=LINE('',#6271,#740);
#289=LINE('',#6274,#741);
#290=LINE('',#6276,#742);
#291=LINE('',#6278,#743);
#292=LINE('',#6280,#744);
#293=LINE('',#6282,#745);
#294=LINE('',#6284,#746);
#295=LINE('',#6286,#747);
#296=LINE('',#6288,#748);
#297=LINE('',#6299,#749);
#298=LINE('',#6301,#750);
#299=LINE('',#6303,#751);
#300=LINE('',#6305,#752);
#301=LINE('',#6307,#753);
#302=LINE('',#6309,#754);
#303=LINE('',#6311,#755);
#304=LINE('',#6313,#756);
#305=LINE('',#6315,#757);
#306=LINE('',#6316,#758);
#307=LINE('',#6430,#759);
#308=LINE('',#6435,#760);
#309=LINE('',#6438,#761);
#310=LINE('',#6440,#762);
#311=LINE('',#6442,#763);
#312=LINE('',#6444,#764);
#313=LINE('',#6446,#765);
#314=LINE('',#6448,#766);
#315=LINE('',#6450,#767);
#316=LINE('',#6456,#768);
#317=LINE('',#6457,#769);
#318=LINE('',#6461,#770);
#319=LINE('',#6462,#771);
#320=LINE('',#6466,#772);
#321=LINE('',#6468,#773);
#322=LINE('',#6469,#774);
#323=LINE('',#6480,#775);
#324=LINE('',#6503,#776);
#325=LINE('',#6603,#777);
#326=LINE('',#6605,#778);
#327=LINE('',#6607,#779);
#328=LINE('',#6609,#780);
#329=LINE('',#6611,#781);
#330=LINE('',#6613,#782);
#331=LINE('',#6615,#783);
#332=LINE('',#6617,#784);
#333=LINE('',#6618,#785);
#334=LINE('',#6623,#786);
#335=LINE('',#6628,#787);
#336=LINE('',#6633,#788);
#337=LINE('',#6634,#789);
#338=LINE('',#6637,#790);
#339=LINE('',#6638,#791);
#340=LINE('',#6640,#792);
#341=LINE('',#6642,#793);
#342=LINE('',#6649,#794);
#343=LINE('',#6656,#795);
#344=LINE('',#6661,#796);
#345=LINE('',#6663,#797);
#346=LINE('',#6665,#798);
#347=LINE('',#6666,#799);
#348=LINE('',#6670,#800);
#349=LINE('',#6672,#801);
#350=LINE('',#6674,#802);
#351=LINE('',#6675,#803);
#352=LINE('',#6679,#804);
#353=LINE('',#6681,#805);
#354=LINE('',#6683,#806);
#355=LINE('',#6684,#807);
#356=LINE('',#6688,#808);
#357=LINE('',#6689,#809);
#358=LINE('',#6690,#810);
#359=LINE('',#6694,#811);
#360=LINE('',#6695,#812);
#361=LINE('',#6696,#813);
#362=LINE('',#6700,#814);
#363=LINE('',#6702,#815);
#364=LINE('',#6704,#816);
#365=LINE('',#6705,#817);
#366=LINE('',#6710,#818);
#367=LINE('',#6713,#819);
#368=LINE('',#6714,#820);
#369=LINE('',#6717,#821);
#370=LINE('',#6719,#822);
#371=LINE('',#6721,#823);
#372=LINE('',#6722,#824);
#373=LINE('',#6725,#825);
#374=LINE('',#6728,#826);
#375=LINE('',#6731,#827);
#376=LINE('',#6733,#828);
#377=LINE('',#6734,#829);
#378=LINE('',#6737,#830);
#379=LINE('',#6738,#831);
#380=LINE('',#6740,#832);
#381=LINE('',#6742,#833);
#382=LINE('',#6745,#834);
#383=LINE('',#6746,#835);
#384=LINE('',#6748,#836);
#385=LINE('',#6752,#837);
#386=LINE('',#6754,#838);
#387=LINE('',#6756,#839);
#388=LINE('',#6757,#840);
#389=LINE('',#6761,#841);
#390=LINE('',#6763,#842);
#391=LINE('',#6765,#843);
#392=LINE('',#6766,#844);
#393=LINE('',#6769,#845);
#394=LINE('',#6771,#846);
#395=LINE('',#6772,#847);
#396=LINE('',#6775,#848);
#397=LINE('',#6777,#849);
#398=LINE('',#6778,#850);
#399=LINE('',#6782,#851);
#400=LINE('',#6783,#852);
#401=LINE('',#6784,#853);
#402=LINE('',#6790,#854);
#403=LINE('',#6793,#855);
#404=LINE('',#6795,#856);
#405=LINE('',#6797,#857);
#406=LINE('',#6800,#858);
#407=LINE('',#6802,#859);
#408=LINE('',#6804,#860);
#409=LINE('',#6805,#861);
#410=LINE('',#6808,#862);
#411=LINE('',#6810,#863);
#412=LINE('',#6811,#864);
#413=LINE('',#6813,#865);
#414=LINE('',#6815,#866);
#415=LINE('',#6817,#867);
#416=LINE('',#6820,#868);
#417=LINE('',#6821,#869);
#418=LINE('',#6825,#870);
#419=LINE('',#6827,#871);
#420=LINE('',#6829,#872);
#421=LINE('',#6830,#873);
#422=LINE('',#6833,#874);
#423=LINE('',#6835,#875);
#424=LINE('',#6836,#876);
#425=LINE('',#6839,#877);
#426=LINE('',#6841,#878);
#427=LINE('',#6842,#879);
#428=LINE('',#6846,#880);
#429=LINE('',#6848,#881);
#430=LINE('',#6850,#882);
#431=LINE('',#6851,#883);
#432=LINE('',#6852,#884);
#433=LINE('',#6854,#885);
#434=LINE('',#6855,#886);
#435=LINE('',#6859,#887);
#436=LINE('',#6860,#888);
#437=LINE('',#6861,#889);
#438=LINE('',#6864,#890);
#439=LINE('',#6865,#891);
#440=LINE('',#6868,#892);
#441=LINE('',#6869,#893);
#442=LINE('',#6873,#894);
#443=LINE('',#6875,#895);
#444=LINE('',#6876,#896);
#445=LINE('',#6877,#897);
#446=LINE('',#6878,#898);
#447=LINE('',#6880,#899);
#448=LINE('',#6881,#900);
#449=LINE('',#6884,#901);
#450=LINE('',#6886,#902);
#451=LINE('',#6887,#903);
#452=LINE('',#6889,#904);
#453=LINE('',#6892,#905);
#454=LINE('',#6893,#906);
#455=LINE('',#6895,#907);
#456=LINE('',#6896,#908);
#457=LINE('',#6898,#909);
#458=LINE('',#6899,#910);
#459=LINE('',#6901,#911);
#460=LINE('',#6906,#912);
#461=LINE('',#6908,#913);
#462=LINE('',#6910,#914);
#463=LINE('',#6911,#915);
#464=LINE('',#6915,#916);
#465=LINE('',#6916,#917);
#466=LINE('',#6917,#918);
#467=LINE('',#6920,#919);
#468=LINE('',#6921,#920);
#469=LINE('',#6924,#921);
#470=LINE('',#6925,#922);
#471=LINE('',#6927,#923);
#472=LINE('',#6935,#924);
#473=LINE('',#6937,#925);
#474=LINE('',#6939,#926);
#475=LINE('',#6940,#927);
#476=LINE('',#6944,#928);
#477=LINE('',#6946,#929);
#478=LINE('',#6948,#930);
#479=LINE('',#6949,#931);
#480=LINE('',#6952,#932);
#481=LINE('',#6954,#933);
#482=LINE('',#6955,#934);
#483=LINE('',#6958,#935);
#484=LINE('',#6960,#936);
#485=LINE('',#6961,#937);
#486=LINE('',#6964,#938);
#487=LINE('',#6966,#939);
#488=LINE('',#6967,#940);
#489=LINE('',#6970,#941);
#490=LINE('',#6973,#942);
#491=LINE('',#6975,#943);
#492=LINE('',#6976,#944);
#493=LINE('',#6981,#945);
#494=LINE('',#6985,#946);
#495=LINE('',#6986,#947);
#496=LINE('',#6988,#948);
#497=LINE('',#6991,#949);
#498=LINE('',#6993,#950);
#499=LINE('',#6995,#951);
#500=LINE('',#6998,#952);
#501=LINE('',#7003,#953);
#502=LINE('',#7005,#954);
#503=LINE('',#7007,#955);
#504=LINE('',#7008,#956);
#505=LINE('',#7012,#957);
#506=LINE('',#7014,#958);
#507=LINE('',#7016,#959);
#508=LINE('',#7017,#960);
#509=LINE('',#7020,#961);
#510=LINE('',#7022,#962);
#511=LINE('',#7023,#963);
#512=LINE('',#7026,#964);
#513=LINE('',#7028,#965);
#514=LINE('',#7029,#966);
#515=LINE('',#7032,#967);
#516=LINE('',#7035,#968);
#517=LINE('',#7037,#969);
#518=LINE('',#7039,#970);
#519=LINE('',#7040,#971);
#520=LINE('',#7045,#972);
#521=LINE('',#7049,#973);
#522=LINE('',#7051,#974);
#523=LINE('',#7052,#975);
#524=LINE('',#7054,#976);
#525=LINE('',#7057,#977);
#526=LINE('',#7059,#978);
#527=LINE('',#7061,#979);
#528=LINE('',#7064,#980);
#529=LINE('',#7066,#981);
#530=LINE('',#7074,#982);
#531=LINE('',#7078,#983);
#532=LINE('',#7082,#984);
#533=LINE('',#7086,#985);
#534=LINE('',#7090,#986);
#535=LINE('',#7094,#987);
#536=LINE('',#7098,#988);
#537=LINE('',#7105,#989);
#538=LINE('',#7109,#990);
#539=LINE('',#7113,#991);
#540=LINE('',#7117,#992);
#541=LINE('',#7121,#993);
#542=LINE('',#7124,#994);
#543=LINE('',#7127,#995);
#544=LINE('',#7130,#996);
#545=LINE('',#7133,#997);
#546=LINE('',#7134,#998);
#547=LINE('',#7139,#999);
#548=LINE('',#7143,#1000);
#549=LINE('',#7147,#1001);
#550=LINE('',#7151,#1002);
#551=LINE('',#7155,#1003);
#552=LINE('',#7159,#1004);
#553=LINE('',#7162,#1005);
#554=LINE('',#7166,#1006);
#555=LINE('',#7170,#1007);
#556=LINE('',#7174,#1008);
#557=LINE('',#7178,#1009);
#558=LINE('',#7182,#1010);
#559=LINE('',#7185,#1011);
#560=LINE('',#7187,#1012);
#561=LINE('',#7188,#1013);
#562=LINE('',#7190,#1014);
#563=LINE('',#7191,#1015);
#564=LINE('',#7193,#1016);
#565=LINE('',#7195,#1017);
#566=LINE('',#7199,#1018);
#567=LINE('',#7200,#1019);
#568=LINE('',#7201,#1020);
#569=LINE('',#7205,#1021);
#570=LINE('',#7206,#1022);
#571=LINE('',#7207,#1023);
#572=LINE('',#7209,#1024);
#573=LINE('',#7211,#1025);
#574=LINE('',#7213,#1026);
#575=LINE('',#7215,#1027);
#576=LINE('',#7217,#1028);
#577=LINE('',#7219,#1029);
#578=LINE('',#7222,#1030);
#579=LINE('',#7224,#1031);
#580=LINE('',#7225,#1032);
#581=LINE('',#7228,#1033);
#582=LINE('',#7230,#1034);
#583=LINE('',#7231,#1035);
#584=LINE('',#7234,#1036);
#585=LINE('',#7235,#1037);
#586=LINE('',#7238,#1038);
#587=LINE('',#7239,#1039);
#588=LINE('',#7241,#1040);
#589=LINE('',#7244,#1041);
#590=LINE('',#7245,#1042);
#591=LINE('',#7247,#1043);
#592=LINE('',#7250,#1044);
#593=LINE('',#7251,#1045);
#594=LINE('',#7252,#1046);
#595=LINE('',#7254,#1047);
#596=LINE('',#7256,#1048);
#597=LINE('',#7260,#1049);
#598=LINE('',#7358,#1050);
#599=LINE('',#7364,#1051);
#600=LINE('',#12332,#1052);
#601=LINE('',#12933,#1053);
#602=LINE('',#12934,#1054);
#603=VECTOR('',#4573,2.304904725305);
#604=VECTOR('',#4576,2.304904725305);
#605=VECTOR('',#4581,2.304904725305);
#606=VECTOR('',#4584,2.304904725305);
#607=VECTOR('',#4587,17.);
#608=VECTOR('',#4602,12.75);
#609=VECTOR('',#4605,5.);
#610=VECTOR('',#4608,12.75);
#611=VECTOR('',#4611,12.);
#612=VECTOR('',#4612,12.);
#613=VECTOR('',#4615,12.);
#614=VECTOR('',#4616,12.);
#615=VECTOR('',#4621,5.);
#616=VECTOR('',#4626,5.);
#617=VECTOR('',#4629,5.);
#618=VECTOR('',#4632,2.287699707699);
#619=VECTOR('',#4637,2.287699707699);
#620=VECTOR('',#4640,2.287699707699);
#621=VECTOR('',#4643,2.287699707699);
#622=VECTOR('',#4646,5.);
#623=VECTOR('',#4647,2.287699707699);
#624=VECTOR('',#4650,2.287699707699);
#625=VECTOR('',#4651,5.);
#626=VECTOR('',#4658,2.287699707699);
#627=VECTOR('',#4661,2.287699707699);
#628=VECTOR('',#4666,5.);
#629=VECTOR('',#4669,5.);
#630=VECTOR('',#4674,15.);
#631=VECTOR('',#4675,15.);
#632=VECTOR('',#4676,15.);
#633=VECTOR('',#4679,2.75505893317002);
#634=VECTOR('',#4680,2.755063086596);
#635=VECTOR('',#4683,15.);
#636=VECTOR('',#4684,15.);
#637=VECTOR('',#4687,2.75506498466902);
#638=VECTOR('',#4688,2.755065228382);
#639=VECTOR('',#4691,15.);
#640=VECTOR('',#4694,4.2);
#641=VECTOR('',#4697,4.2);
#642=VECTOR('',#4700,4.2);
#643=VECTOR('',#4703,4.2);
#644=VECTOR('',#4706,4.209881528841);
#645=VECTOR('',#4709,4.209881528841);
#646=VECTOR('',#4712,4.209881528841);
#647=VECTOR('',#4715,4.209881528841);
#648=VECTOR('',#4718,4.344176652598);
#649=VECTOR('',#4721,3.2);
#650=VECTOR('',#4724,3.2);
#651=VECTOR('',#4727,4.344176652598);
#652=VECTOR('',#4730,3.278737859489);
#653=VECTOR('',#4741,3.278737859489);
#654=VECTOR('',#4742,3.278737859489);
#655=VECTOR('',#4745,3.278737859489);
#656=VECTOR('',#4746,14.);
#657=VECTOR('',#4747,14.);
#658=VECTOR('',#4748,14.);
#659=VECTOR('',#4749,14.);
#660=VECTOR('',#4754,3.2);
#661=VECTOR('',#4755,4.344176652598);
#662=VECTOR('',#4760,3.2);
#663=VECTOR('',#4763,4.344176652598);
#664=VECTOR('',#4768,6.);
#665=VECTOR('',#4769,1.);
#666=VECTOR('',#4770,4.);
#667=VECTOR('',#4771,3.);
#668=VECTOR('',#4772,3.);
#669=VECTOR('',#4773,4.);
#670=VECTOR('',#4774,1.);
#671=VECTOR('',#4777,5.392033731394);
#672=VECTOR('',#4778,6.);
#673=VECTOR('',#4779,5.392033731394);
#674=VECTOR('',#4782,5.392033731394);
#675=VECTOR('',#4783,6.);
#676=VECTOR('',#4784,5.392033731394);
#677=VECTOR('',#4785,6.);
#678=VECTOR('',#4788,0.8049047253053);
#679=VECTOR('',#4789,3.);
#680=VECTOR('',#4790,1.5);
#681=VECTOR('',#4793,0.8049047253053);
#682=VECTOR('',#4794,1.5);
#683=VECTOR('',#4795,3.);
#684=VECTOR('',#4798,5.392033731394);
#685=VECTOR('',#4799,1.);
#686=VECTOR('',#4802,1.);
#687=VECTOR('',#4803,5.392033731394);
#688=VECTOR('',#4804,1.);
#689=VECTOR('',#4807,0.8049047253053);
#690=VECTOR('',#4808,0.5);
#691=VECTOR('',#4809,0.8981657263553);
#692=VECTOR('',#4812,0.8049047253053);
#693=VECTOR('',#4813,0.8981657263553);
#694=VECTOR('',#4814,0.5);
#695=VECTOR('',#4817,0.8981657263553);
#696=VECTOR('',#4818,0.5);
#697=VECTOR('',#4821,0.5);
#698=VECTOR('',#4822,0.8981657263553);
#699=VECTOR('',#4825,1.5);
#700=VECTOR('',#4826,3.);
#701=VECTOR('',#4829,3.);
#702=VECTOR('',#4830,1.5);
#703=VECTOR('',#4833,5.392033731394);
#704=VECTOR('',#4834,1.);
#705=VECTOR('',#4835,1.);
#706=VECTOR('',#4838,5.392033731394);
#707=VECTOR('',#4839,1.);
#708=VECTOR('',#4842,0.5);
#709=VECTOR('',#4843,3.);
#710=VECTOR('',#4846,3.);
#711=VECTOR('',#4847,0.5);
#712=VECTOR('',#4850,13.4787361658497);
#713=VECTOR('',#4851,1.);
#714=VECTOR('',#4852,0.2679491924311);
#715=VECTOR('',#4853,1.);
#716=VECTOR('',#4854,0.2679491924311);
#717=VECTOR('',#4855,1.);
#718=VECTOR('',#4856,0.2679491924311);
#719=VECTOR('',#4857,3.151624173388);
#720=VECTOR('',#4858,10.16);
#721=VECTOR('',#4859,1.5);
#722=VECTOR('',#4860,3.);
#723=VECTOR('',#4863,1.5);
#724=VECTOR('',#4864,10.16);
#725=VECTOR('',#4865,3.151624173388);
#726=VECTOR('',#4866,0.2679491924311);
#727=VECTOR('',#4867,1.);
#728=VECTOR('',#4868,0.2679491924311);
#729=VECTOR('',#4869,1.);
#730=VECTOR('',#4870,0.2679491924311);
#731=VECTOR('',#4871,1.);
#732=VECTOR('',#4872,13.4787369115998);
#733=VECTOR('',#4875,0.5);
#734=VECTOR('',#4878,0.5);
#735=VECTOR('',#4879,3.);
#736=VECTOR('',#4882,0.5);
#737=VECTOR('',#4885,0.5);
#738=VECTOR('',#4886,1.5);
#739=VECTOR('',#4889,5.);
#740=VECTOR('',#4890,10.16);
#741=VECTOR('',#4893,3.151624173388);
#742=VECTOR('',#4894,0.2679491924311);
#743=VECTOR('',#4895,1.);
#744=VECTOR('',#4896,0.2679491924311);
#745=VECTOR('',#4897,1.);
#746=VECTOR('',#4898,0.2679491924311);
#747=VECTOR('',#4899,1.);
#748=VECTOR('',#4900,13.4787353558204);
#749=VECTOR('',#4905,13.4787349004899);
#750=VECTOR('',#4906,1.);
#751=VECTOR('',#4907,0.2679491924311);
#752=VECTOR('',#4908,1.);
#753=VECTOR('',#4909,0.2679491924311);
#754=VECTOR('',#4910,1.);
#755=VECTOR('',#4911,0.2679491924311);
#756=VECTOR('',#4912,3.151624173388);
#757=VECTOR('',#4913,10.16);
#758=VECTOR('',#4914,1.5);
#759=VECTOR('',#4925,5.);
#760=VECTOR('',#4928,3.50548865197509);
#761=VECTOR('',#4931,3.50548865197509);
#762=VECTOR('',#4934,5.);
#763=VECTOR('',#4937,5.);
#764=VECTOR('',#4940,5.);
#765=VECTOR('',#4943,5.);
#766=VECTOR('',#4946,5.);
#767=VECTOR('',#4949,5.);
#768=VECTOR('',#4956,0.939292853373124);
#769=VECTOR('',#4957,0.939292853373124);
#770=VECTOR('',#4964,3.629148902087);
#771=VECTOR('',#4965,3.629148902087);
#772=VECTOR('',#4968,3.50548865197509);
#773=VECTOR('',#4969,3.629148902087);
#774=VECTOR('',#4970,0.939292853373024);
#775=VECTOR('',#4975,5.);
#776=VECTOR('',#4980,3.50548865197509);
#777=VECTOR('',#4987,5.);
#778=VECTOR('',#4990,5.);
#779=VECTOR('',#4993,5.);
#780=VECTOR('',#4996,5.);
#781=VECTOR('',#4999,5.);
#782=VECTOR('',#5002,5.);
#783=VECTOR('',#5005,5.);
#784=VECTOR('',#5008,0.5);
#785=VECTOR('',#5009,0.5);
#786=VECTOR('',#5016,3.629148902087);
#787=VECTOR('',#5025,0.939292853373024);
#788=VECTOR('',#5032,4.);
#789=VECTOR('',#5033,14.);
#790=VECTOR('',#5036,14.);
#791=VECTOR('',#5037,4.);
#792=VECTOR('',#5040,3.);
#793=VECTOR('',#5043,3.);
#794=VECTOR('',#5052,1.5);
#795=VECTOR('',#5061,3.);
#796=VECTOR('',#5066,6.);
#797=VECTOR('',#5067,1.5);
#798=VECTOR('',#5068,6.);
#799=VECTOR('',#5069,1.5);
#800=VECTOR('',#5072,6.);
#801=VECTOR('',#5073,1.5);
#802=VECTOR('',#5074,6.);
#803=VECTOR('',#5075,1.5);
#804=VECTOR('',#5078,1.5);
#805=VECTOR('',#5079,1.5);
#806=VECTOR('',#5080,1.5);
#807=VECTOR('',#5081,1.5);
#808=VECTOR('',#5084,1.5);
#809=VECTOR('',#5085,0.565685424949162);
#810=VECTOR('',#5086,0.565685424949162);
#811=VECTOR('',#5089,1.5);
#812=VECTOR('',#5090,0.75);
#813=VECTOR('',#5091,0.75);
#814=VECTOR('',#5094,1.5);
#815=VECTOR('',#5095,1.5);
#816=VECTOR('',#5096,1.5);
#817=VECTOR('',#5097,1.5);
#818=VECTOR('',#5102,1.75);
#819=VECTOR('',#5105,1.1);
#820=VECTOR('',#5106,1.15);
#821=VECTOR('',#5109,0.565685424949162);
#822=VECTOR('',#5110,1.15);
#823=VECTOR('',#5111,1.1);
#824=VECTOR('',#5112,0.75);
#825=VECTOR('',#5115,1.5);
#826=VECTOR('',#5118,1.5);
#827=VECTOR('',#5121,10.);
#828=VECTOR('',#5122,1.1);
#829=VECTOR('',#5123,1.5);
#830=VECTOR('',#5126,1.5);
#831=VECTOR('',#5127,0.75);
#832=VECTOR('',#5130,0.565685424949202);
#833=VECTOR('',#5133,1.75);
#834=VECTOR('',#5136,1.1);
#835=VECTOR('',#5137,1.15);
#836=VECTOR('',#5140,1.15);
#837=VECTOR('',#5143,0.75);
#838=VECTOR('',#5144,1.5);
#839=VECTOR('',#5145,0.75);
#840=VECTOR('',#5146,1.5);
#841=VECTOR('',#5149,1.5);
#842=VECTOR('',#5150,1.5);
#843=VECTOR('',#5151,1.5);
#844=VECTOR('',#5152,1.5);
#845=VECTOR('',#5155,0.565685424949162);
#846=VECTOR('',#5156,0.565685424949162);
#847=VECTOR('',#5157,1.5);
#848=VECTOR('',#5160,0.75);
#849=VECTOR('',#5161,0.75);
#850=VECTOR('',#5162,1.5);
#851=VECTOR('',#5165,10.);
#852=VECTOR('',#5166,1.1);
#853=VECTOR('',#5167,1.1);
#854=VECTOR('',#5172,1.5);
#855=VECTOR('',#5175,1.5);
#856=VECTOR('',#5178,1.75);
#857=VECTOR('',#5181,1.15);
#858=VECTOR('',#5184,0.565685424949162);
#859=VECTOR('',#5185,1.1);
#860=VECTOR('',#5186,1.15);
#861=VECTOR('',#5187,1.5);
#862=VECTOR('',#5190,1.5);
#863=VECTOR('',#5191,1.5);
#864=VECTOR('',#5192,1.5);
#865=VECTOR('',#5195,0.565685424949162);
#866=VECTOR('',#5198,1.75);
#867=VECTOR('',#5201,1.15);
#868=VECTOR('',#5204,1.15);
#869=VECTOR('',#5205,1.1);
#870=VECTOR('',#5208,3.5);
#871=VECTOR('',#5209,3.);
#872=VECTOR('',#5210,3.5);
#873=VECTOR('',#5211,3.);
#874=VECTOR('',#5214,6.5);
#875=VECTOR('',#5215,3.);
#876=VECTOR('',#5216,6.5);
#877=VECTOR('',#5219,3.5);
#878=VECTOR('',#5220,3.);
#879=VECTOR('',#5221,3.5);
#880=VECTOR('',#5224,6.5);
#881=VECTOR('',#5225,3.5);
#882=VECTOR('',#5226,6.5);
#883=VECTOR('',#5227,3.5);
#884=VECTOR('',#5228,10.);
#885=VECTOR('',#5231,6.5);
#886=VECTOR('',#5232,10.);
#887=VECTOR('',#5235,3.5);
#888=VECTOR('',#5236,3.);
#889=VECTOR('',#5237,3.);
#890=VECTOR('',#5240,6.5);
#891=VECTOR('',#5241,3.);
#892=VECTOR('',#5244,3.5);
#893=VECTOR('',#5245,3.);
#894=VECTOR('',#5248,1.);
#895=VECTOR('',#5249,1.5);
#896=VECTOR('',#5250,3.25);
#897=VECTOR('',#5251,1.);
#898=VECTOR('',#5252,0.75);
#899=VECTOR('',#5253,0.5);
#900=VECTOR('',#5254,1.5);
#901=VECTOR('',#5257,6.);
#902=VECTOR('',#5258,1.5);
#903=VECTOR('',#5259,6.);
#904=VECTOR('',#5262,1.);
#905=VECTOR('',#5265,1.);
#906=VECTOR('',#5266,6.);
#907=VECTOR('',#5269,0.5);
#908=VECTOR('',#5270,0.75);
#909=VECTOR('',#5271,3.25);
#910=VECTOR('',#5272,1.5);
#911=VECTOR('',#5275,6.);
#912=VECTOR('',#5280,14.);
#913=VECTOR('',#5281,14.);
#914=VECTOR('',#5282,14.);
#915=VECTOR('',#5283,14.);
#916=VECTOR('',#5286,14.);
#917=VECTOR('',#5287,12.);
#918=VECTOR('',#5288,12.);
#919=VECTOR('',#5291,14.);
#920=VECTOR('',#5292,12.);
#921=VECTOR('',#5295,14.);
#922=VECTOR('',#5296,12.);
#923=VECTOR('',#5299,14.);
#924=VECTOR('',#5310,1.5);
#925=VECTOR('',#5311,0.475);
#926=VECTOR('',#5312,10.);
#927=VECTOR('',#5313,0.475);
#928=VECTOR('',#5316,1.5);
#929=VECTOR('',#5317,0.475);
#930=VECTOR('',#5318,10.);
#931=VECTOR('',#5319,0.475);
#932=VECTOR('',#5322,6.15);
#933=VECTOR('',#5323,1.5);
#934=VECTOR('',#5324,6.15);
#935=VECTOR('',#5327,6.15);
#936=VECTOR('',#5328,1.5);
#937=VECTOR('',#5329,6.15);
#938=VECTOR('',#5332,1.06066017177993);
#939=VECTOR('',#5333,1.5);
#940=VECTOR('',#5334,1.06066017177993);
#941=VECTOR('',#5337,3.);
#942=VECTOR('',#5340,3.);
#943=VECTOR('',#5341,1.06066017177993);
#944=VECTOR('',#5342,1.2);
#945=VECTOR('',#5347,0.875);
#946=VECTOR('',#5352,1.2);
#947=VECTOR('',#5353,1.06066017177993);
#948=VECTOR('',#5354,3.);
#949=VECTOR('',#5357,3.);
#950=VECTOR('',#5360,1.5);
#951=VECTOR('',#5363,1.5);
#952=VECTOR('',#5368,1.5);
#953=VECTOR('',#5373,0.475);
#954=VECTOR('',#5374,1.5);
#955=VECTOR('',#5375,0.475);
#956=VECTOR('',#5376,10.);
#957=VECTOR('',#5379,1.5);
#958=VECTOR('',#5380,0.475);
#959=VECTOR('',#5381,10.);
#960=VECTOR('',#5382,0.475);
#961=VECTOR('',#5385,6.15);
#962=VECTOR('',#5386,1.5);
#963=VECTOR('',#5387,6.15);
#964=VECTOR('',#5390,1.06066017177993);
#965=VECTOR('',#5391,1.5);
#966=VECTOR('',#5392,1.06066017177993);
#967=VECTOR('',#5395,3.);
#968=VECTOR('',#5398,3.);
#969=VECTOR('',#5399,6.15);
#970=VECTOR('',#5400,1.06066017177993);
#971=VECTOR('',#5401,1.2);
#972=VECTOR('',#5406,0.875);
#973=VECTOR('',#5411,1.2);
#974=VECTOR('',#5412,1.06066017177993);
#975=VECTOR('',#5413,6.15);
#976=VECTOR('',#5414,3.);
#977=VECTOR('',#5417,3.);
#978=VECTOR('',#5420,1.5);
#979=VECTOR('',#5423,1.5);
#980=VECTOR('',#5428,1.5);
#981=VECTOR('',#5431,1.5);
#982=VECTOR('',#5440,8.);
#983=VECTOR('',#5443,8.);
#984=VECTOR('',#5446,5.);
#985=VECTOR('',#5449,5.);
#986=VECTOR('',#5452,8.);
#987=VECTOR('',#5455,8.);
#988=VECTOR('',#5458,12.5);
#989=VECTOR('',#5465,8.);
#990=VECTOR('',#5468,8.);
#991=VECTOR('',#5471,5.);
#992=VECTOR('',#5474,5.);
#993=VECTOR('',#5477,8.);
#994=VECTOR('',#5480,8.);
#995=VECTOR('',#5483,1.027392681194);
#996=VECTOR('',#5486,1.027392681194);
#997=VECTOR('',#5489,1.027392681194);
#998=VECTOR('',#5490,8.);
#999=VECTOR('',#5495,11.5);
#1000=VECTOR('',#5498,8.);
#1001=VECTOR('',#5501,8.);
#1002=VECTOR('',#5504,8.);
#1003=VECTOR('',#5507,8.);
#1004=VECTOR('',#5510,8.);
#1005=VECTOR('',#5513,8.);
#1006=VECTOR('',#5516,8.);
#1007=VECTOR('',#5519,8.);
#1008=VECTOR('',#5522,8.);
#1009=VECTOR('',#5525,8.);
#1010=VECTOR('',#5528,8.);
#1011=VECTOR('',#5533,1.027392681194);
#1012=VECTOR('',#5536,1.027392681194);
#1013=VECTOR('',#5537,1.032859443924);
#1014=VECTOR('',#5540,1.027392681194);
#1015=VECTOR('',#5541,1.032859443924);
#1016=VECTOR('',#5544,1.032859443924);
#1017=VECTOR('',#5547,1.032859443924);
#1018=VECTOR('',#5550,4.);
#1019=VECTOR('',#5551,1.014211026347);
#1020=VECTOR('',#5552,1.014211026347);
#1021=VECTOR('',#5555,4.);
#1022=VECTOR('',#5556,1.014211026347);
#1023=VECTOR('',#5557,1.014211026347);
#1024=VECTOR('',#5560,1.027392681194);
#1025=VECTOR('',#5563,1.027392681194);
#1026=VECTOR('',#5566,1.032859443924);
#1027=VECTOR('',#5569,1.032859443924);
#1028=VECTOR('',#5572,1.014211026347);
#1029=VECTOR('',#5575,1.014211026347);
#1030=VECTOR('',#5578,2.82842712474581);
#1031=VECTOR('',#5579,1.);
#1032=VECTOR('',#5580,2.);
#1033=VECTOR('',#5583,2.82842712474581);
#1034=VECTOR('',#5584,2.);
#1035=VECTOR('',#5585,1.);
#1036=VECTOR('',#5588,2.82842712474581);
#1037=VECTOR('',#5589,4.);
#1038=VECTOR('',#5592,1.);
#1039=VECTOR('',#5593,4.);
#1040=VECTOR('',#5596,2.);
#1041=VECTOR('',#5599,2.);
#1042=VECTOR('',#5600,4.);
#1043=VECTOR('',#5603,1.014211026347);
#1044=VECTOR('',#5606,2.82842712474581);
#1045=VECTOR('',#5607,1.);
#1046=VECTOR('',#5608,1.014211026347);
#1047=VECTOR('',#5611,1.032859443924);
#1048=VECTOR('',#5614,1.032859443924);
#1049=VECTOR('',#5621,4.);
#1050=VECTOR('',#5644,1.5);
#1051=VECTOR('',#5651,1.);
#1052=VECTOR('',#5656,9.5);
#1053=VECTOR('',#5657,9.5000000000001);
#1054=VECTOR('',#5658,15.);
#1055=FACE_OUTER_BOUND('',#1277,.T.);
#1056=FACE_OUTER_BOUND('',#1279,.T.);
#1057=FACE_OUTER_BOUND('',#1280,.T.);
#1058=FACE_OUTER_BOUND('',#1281,.T.);
#1059=FACE_OUTER_BOUND('',#1283,.T.);
#1060=FACE_OUTER_BOUND('',#1285,.T.);
#1061=FACE_OUTER_BOUND('',#1286,.T.);
#1062=FACE_OUTER_BOUND('',#1287,.T.);
#1063=FACE_OUTER_BOUND('',#1288,.T.);
#1064=FACE_OUTER_BOUND('',#1289,.T.);
#1065=FACE_OUTER_BOUND('',#1290,.T.);
#1066=FACE_OUTER_BOUND('',#1291,.T.);
#1067=FACE_OUTER_BOUND('',#1292,.T.);
#1068=FACE_OUTER_BOUND('',#1293,.T.);
#1069=FACE_OUTER_BOUND('',#1295,.T.);
#1070=FACE_OUTER_BOUND('',#1296,.T.);
#1071=FACE_OUTER_BOUND('',#1297,.T.);
#1072=FACE_OUTER_BOUND('',#1298,.T.);
#1073=FACE_OUTER_BOUND('',#1299,.T.);
#1074=FACE_OUTER_BOUND('',#1300,.T.);
#1075=FACE_OUTER_BOUND('',#1301,.T.);
#1076=FACE_OUTER_BOUND('',#1302,.T.);
#1077=FACE_OUTER_BOUND('',#1303,.T.);
#1078=FACE_OUTER_BOUND('',#1305,.T.);
#1079=FACE_OUTER_BOUND('',#1306,.T.);
#1080=FACE_OUTER_BOUND('',#1307,.T.);
#1081=FACE_OUTER_BOUND('',#1308,.T.);
#1082=FACE_OUTER_BOUND('',#1309,.T.);
#1083=FACE_OUTER_BOUND('',#1310,.T.);
#1084=FACE_OUTER_BOUND('',#1311,.T.);
#1085=FACE_OUTER_BOUND('',#1312,.T.);
#1086=FACE_OUTER_BOUND('',#1313,.T.);
#1087=FACE_OUTER_BOUND('',#1314,.T.);
#1088=FACE_OUTER_BOUND('',#1315,.T.);
#1089=FACE_OUTER_BOUND('',#1316,.T.);
#1090=FACE_OUTER_BOUND('',#1317,.T.);
#1091=FACE_OUTER_BOUND('',#1318,.T.);
#1092=FACE_OUTER_BOUND('',#1319,.T.);
#1093=FACE_OUTER_BOUND('',#1320,.T.);
#1094=FACE_OUTER_BOUND('',#1321,.T.);
#1095=FACE_OUTER_BOUND('',#1322,.T.);
#1096=FACE_OUTER_BOUND('',#1323,.T.);
#1097=FACE_OUTER_BOUND('',#1324,.T.);
#1098=FACE_OUTER_BOUND('',#1325,.T.);
#1099=FACE_OUTER_BOUND('',#1326,.T.);
#1100=FACE_OUTER_BOUND('',#1327,.T.);
#1101=FACE_OUTER_BOUND('',#1328,.T.);
#1102=FACE_OUTER_BOUND('',#1329,.T.);
#1103=FACE_OUTER_BOUND('',#1330,.T.);
#1104=FACE_OUTER_BOUND('',#1331,.T.);
#1105=FACE_OUTER_BOUND('',#1332,.T.);
#1106=FACE_OUTER_BOUND('',#1333,.T.);
#1107=FACE_OUTER_BOUND('',#1334,.T.);
#1108=FACE_OUTER_BOUND('',#1335,.T.);
#1109=FACE_OUTER_BOUND('',#1336,.T.);
#1110=FACE_OUTER_BOUND('',#1337,.T.);
#1111=FACE_OUTER_BOUND('',#1338,.T.);
#1112=FACE_OUTER_BOUND('',#1339,.T.);
#1113=FACE_OUTER_BOUND('',#1340,.T.);
#1114=FACE_OUTER_BOUND('',#1342,.T.);
#1115=FACE_OUTER_BOUND('',#1343,.T.);
#1116=FACE_OUTER_BOUND('',#1344,.T.);
#1117=FACE_OUTER_BOUND('',#1345,.T.);
#1118=FACE_OUTER_BOUND('',#1346,.T.);
#1119=FACE_OUTER_BOUND('',#1347,.T.);
#1120=FACE_OUTER_BOUND('',#1348,.T.);
#1121=FACE_OUTER_BOUND('',#1349,.T.);
#1122=FACE_OUTER_BOUND('',#1350,.T.);
#1123=FACE_OUTER_BOUND('',#1351,.T.);
#1124=FACE_OUTER_BOUND('',#1352,.T.);
#1125=FACE_OUTER_BOUND('',#1353,.T.);
#1126=FACE_OUTER_BOUND('',#1354,.T.);
#1127=FACE_OUTER_BOUND('',#1356,.T.);
#1128=FACE_OUTER_BOUND('',#1357,.T.);
#1129=FACE_OUTER_BOUND('',#1358,.T.);
#1130=FACE_OUTER_BOUND('',#1359,.T.);
#1131=FACE_OUTER_BOUND('',#1360,.T.);
#1132=FACE_OUTER_BOUND('',#1361,.T.);
#1133=FACE_OUTER_BOUND('',#1362,.T.);
#1134=FACE_OUTER_BOUND('',#1363,.T.);
#1135=FACE_OUTER_BOUND('',#1364,.T.);
#1136=FACE_OUTER_BOUND('',#1365,.T.);
#1137=FACE_OUTER_BOUND('',#1366,.T.);
#1138=FACE_OUTER_BOUND('',#1367,.T.);
#1139=FACE_OUTER_BOUND('',#1368,.T.);
#1140=FACE_OUTER_BOUND('',#1369,.T.);
#1141=FACE_OUTER_BOUND('',#1370,.T.);
#1142=FACE_OUTER_BOUND('',#1371,.T.);
#1143=FACE_OUTER_BOUND('',#1372,.T.);
#1144=FACE_OUTER_BOUND('',#1373,.T.);
#1145=FACE_OUTER_BOUND('',#1374,.T.);
#1146=FACE_OUTER_BOUND('',#1375,.T.);
#1147=FACE_OUTER_BOUND('',#1376,.T.);
#1148=FACE_OUTER_BOUND('',#1377,.T.);
#1149=FACE_OUTER_BOUND('',#1378,.T.);
#1150=FACE_OUTER_BOUND('',#1379,.T.);
#1151=FACE_OUTER_BOUND('',#1380,.T.);
#1152=FACE_OUTER_BOUND('',#1382,.T.);
#1153=FACE_OUTER_BOUND('',#1383,.T.);
#1154=FACE_OUTER_BOUND('',#1384,.T.);
#1155=FACE_OUTER_BOUND('',#1385,.T.);
#1156=FACE_OUTER_BOUND('',#1386,.T.);
#1157=FACE_OUTER_BOUND('',#1387,.T.);
#1158=FACE_OUTER_BOUND('',#1388,.T.);
#1159=FACE_OUTER_BOUND('',#1389,.T.);
#1160=FACE_OUTER_BOUND('',#1390,.T.);
#1161=FACE_OUTER_BOUND('',#1391,.T.);
#1162=FACE_OUTER_BOUND('',#1392,.T.);
#1163=FACE_OUTER_BOUND('',#1393,.T.);
#1164=FACE_OUTER_BOUND('',#1394,.T.);
#1165=FACE_OUTER_BOUND('',#1395,.T.);
#1166=FACE_OUTER_BOUND('',#1396,.T.);
#1167=FACE_OUTER_BOUND('',#1397,.T.);
#1168=FACE_OUTER_BOUND('',#1398,.T.);
#1169=FACE_OUTER_BOUND('',#1399,.T.);
#1170=FACE_OUTER_BOUND('',#1400,.T.);
#1171=FACE_OUTER_BOUND('',#1401,.T.);
#1172=FACE_OUTER_BOUND('',#1402,.T.);
#1173=FACE_OUTER_BOUND('',#1403,.T.);
#1174=FACE_OUTER_BOUND('',#1404,.T.);
#1175=FACE_OUTER_BOUND('',#1405,.T.);
#1176=FACE_OUTER_BOUND('',#1406,.T.);
#1177=FACE_OUTER_BOUND('',#1407,.T.);
#1178=FACE_OUTER_BOUND('',#1408,.T.);
#1179=FACE_OUTER_BOUND('',#1409,.T.);
#1180=FACE_OUTER_BOUND('',#1410,.T.);
#1181=FACE_OUTER_BOUND('',#1411,.T.);
#1182=FACE_OUTER_BOUND('',#1412,.T.);
#1183=FACE_OUTER_BOUND('',#1413,.T.);
#1184=FACE_OUTER_BOUND('',#1414,.T.);
#1185=FACE_OUTER_BOUND('',#1415,.T.);
#1186=FACE_OUTER_BOUND('',#1416,.T.);
#1187=FACE_OUTER_BOUND('',#1420,.T.);
#1188=FACE_OUTER_BOUND('',#1424,.T.);
#1189=FACE_OUTER_BOUND('',#1425,.T.);
#1190=FACE_OUTER_BOUND('',#1426,.T.);
#1191=FACE_OUTER_BOUND('',#1427,.T.);
#1192=FACE_OUTER_BOUND('',#1428,.T.);
#1193=FACE_OUTER_BOUND('',#1429,.T.);
#1194=FACE_OUTER_BOUND('',#1430,.T.);
#1195=FACE_OUTER_BOUND('',#1431,.T.);
#1196=FACE_OUTER_BOUND('',#1432,.T.);
#1197=FACE_OUTER_BOUND('',#1433,.T.);
#1198=FACE_OUTER_BOUND('',#1434,.T.);
#1199=FACE_OUTER_BOUND('',#1436,.T.);
#1200=FACE_OUTER_BOUND('',#1437,.T.);
#1201=FACE_OUTER_BOUND('',#1438,.T.);
#1202=FACE_OUTER_BOUND('',#1439,.T.);
#1203=FACE_OUTER_BOUND('',#1440,.T.);
#1204=FACE_OUTER_BOUND('',#1441,.T.);
#1205=FACE_OUTER_BOUND('',#1443,.T.);
#1206=FACE_OUTER_BOUND('',#1444,.T.);
#1207=FACE_OUTER_BOUND('',#1445,.T.);
#1208=FACE_OUTER_BOUND('',#1446,.T.);
#1209=FACE_OUTER_BOUND('',#1447,.T.);
#1210=FACE_OUTER_BOUND('',#1448,.T.);
#1211=FACE_OUTER_BOUND('',#1449,.T.);
#1212=FACE_OUTER_BOUND('',#1450,.T.);
#1213=FACE_OUTER_BOUND('',#1452,.T.);
#1214=FACE_OUTER_BOUND('',#1453,.T.);
#1215=FACE_OUTER_BOUND('',#1455,.T.);
#1216=FACE_OUTER_BOUND('',#1456,.T.);
#1217=FACE_OUTER_BOUND('',#1457,.T.);
#1218=FACE_OUTER_BOUND('',#1458,.T.);
#1219=FACE_OUTER_BOUND('',#1459,.T.);
#1220=FACE_OUTER_BOUND('',#1460,.T.);
#1221=FACE_OUTER_BOUND('',#1461,.T.);
#1222=FACE_OUTER_BOUND('',#1462,.T.);
#1223=FACE_OUTER_BOUND('',#1463,.T.);
#1224=FACE_OUTER_BOUND('',#1464,.T.);
#1225=FACE_OUTER_BOUND('',#1466,.T.);
#1226=FACE_OUTER_BOUND('',#1467,.T.);
#1227=FACE_OUTER_BOUND('',#1469,.T.);
#1228=FACE_OUTER_BOUND('',#1470,.T.);
#1229=FACE_OUTER_BOUND('',#1471,.T.);
#1230=FACE_OUTER_BOUND('',#1472,.T.);
#1231=FACE_OUTER_BOUND('',#1473,.T.);
#1232=FACE_OUTER_BOUND('',#1474,.T.);
#1233=FACE_OUTER_BOUND('',#1475,.T.);
#1234=FACE_OUTER_BOUND('',#1476,.T.);
#1235=FACE_OUTER_BOUND('',#1477,.T.);
#1236=FACE_OUTER_BOUND('',#1478,.T.);
#1237=FACE_OUTER_BOUND('',#1479,.T.);
#1238=FACE_OUTER_BOUND('',#1480,.T.);
#1239=FACE_OUTER_BOUND('',#1481,.T.);
#1240=FACE_OUTER_BOUND('',#1482,.T.);
#1241=FACE_OUTER_BOUND('',#1483,.T.);
#1242=FACE_OUTER_BOUND('',#1484,.T.);
#1243=FACE_OUTER_BOUND('',#1485,.T.);
#1244=FACE_OUTER_BOUND('',#1486,.T.);
#1245=FACE_OUTER_BOUND('',#1487,.T.);
#1246=FACE_OUTER_BOUND('',#1488,.T.);
#1247=FACE_OUTER_BOUND('',#1489,.T.);
#1248=FACE_OUTER_BOUND('',#1490,.T.);
#1249=FACE_OUTER_BOUND('',#1491,.T.);
#1250=FACE_OUTER_BOUND('',#1492,.T.);
#1251=FACE_OUTER_BOUND('',#1493,.T.);
#1252=FACE_OUTER_BOUND('',#1494,.T.);
#1253=FACE_OUTER_BOUND('',#1495,.T.);
#1254=FACE_OUTER_BOUND('',#1496,.T.);
#1255=FACE_OUTER_BOUND('',#1497,.T.);
#1256=FACE_OUTER_BOUND('',#1498,.T.);
#1257=FACE_OUTER_BOUND('',#1499,.T.);
#1258=FACE_OUTER_BOUND('',#1500,.T.);
#1259=FACE_OUTER_BOUND('',#1501,.T.);
#1260=FACE_OUTER_BOUND('',#1502,.T.);
#1261=FACE_OUTER_BOUND('',#1503,.T.);
#1262=FACE_OUTER_BOUND('',#1504,.T.);
#1263=FACE_OUTER_BOUND('',#1505,.T.);
#1264=FACE_OUTER_BOUND('',#1506,.T.);
#1265=FACE_OUTER_BOUND('',#1507,.T.);
#1266=FACE_OUTER_BOUND('',#1508,.T.);
#1267=FACE_OUTER_BOUND('',#1509,.T.);
#1268=FACE_OUTER_BOUND('',#1510,.T.);
#1269=FACE_OUTER_BOUND('',#1512,.T.);
#1270=FACE_OUTER_BOUND('',#1513,.T.);
#1271=FACE_OUTER_BOUND('',#1514,.T.);
#1272=FACE_OUTER_BOUND('',#1515,.T.);
#1273=FACE_OUTER_BOUND('',#1516,.T.);
#1274=FACE_OUTER_BOUND('',#1517,.T.);
#1275=FACE_OUTER_BOUND('',#1518,.T.);
#1276=FACE_OUTER_BOUND('',#1519,.T.);
#1277=EDGE_LOOP('',(#2603));
#1278=EDGE_LOOP('',(#2604,#2605,#2606,#2607,#2608,#2609,#2610,#2611,#2612));
#1279=EDGE_LOOP('',(#2613,#2614,#2615,#2616));
#1280=EDGE_LOOP('',(#2617,#2618,#2619,#2620));
#1281=EDGE_LOOP('',(#2621));
#1282=EDGE_LOOP('',(#2622));
#1283=EDGE_LOOP('',(#2623,#2624,#2625,#2626,#2627,#2628,#2629,#2630,#2631,
#2632,#2633,#2634,#2635,#2636,#2637,#2638,#2639,#2640,#2641,#2642));
#1284=EDGE_LOOP('',(#2643,#2644,#2645,#2646));
#1285=EDGE_LOOP('',(#2647,#2648,#2649,#2650,#2651,#2652));
#1286=EDGE_LOOP('',(#2653,#2654,#2655,#2656));
#1287=EDGE_LOOP('',(#2657,#2658,#2659,#2660));
#1288=EDGE_LOOP('',(#2661,#2662,#2663,#2664));
#1289=EDGE_LOOP('',(#2665,#2666,#2667,#2668,#2669,#2670));
#1290=EDGE_LOOP('',(#2671,#2672,#2673,#2674));
#1291=EDGE_LOOP('',(#2675,#2676,#2677,#2678));
#1292=EDGE_LOOP('',(#2679,#2680,#2681,#2682));
#1293=EDGE_LOOP('',(#2683,#2684,#2685,#2686,#2687,#2688,#2689,#2690,#2691,
#2692,#2693,#2694,#2695,#2696,#2697,#2698,#2699,#2700,#2701,#2702,#2703,
#2704,#2705,#2706,#2707,#2708,#2709,#2710,#2711,#2712,#2713,#2714,#2715,
#2716,#2717,#2718,#2719,#2720,#2721,#2722,#2723,#2724,#2725,#2726));
#1294=EDGE_LOOP('',(#2727,#2728,#2729,#2730));
#1295=EDGE_LOOP('',(#2731,#2732,#2733,#2734));
#1296=EDGE_LOOP('',(#2735,#2736,#2737,#2738));
#1297=EDGE_LOOP('',(#2739,#2740,#2741,#2742));
#1298=EDGE_LOOP('',(#2743,#2744,#2745,#2746,#2747,#2748));
#1299=EDGE_LOOP('',(#2749,#2750,#2751,#2752));
#1300=EDGE_LOOP('',(#2753,#2754,#2755,#2756,#2757));
#1301=EDGE_LOOP('',(#2758,#2759,#2760,#2761));
#1302=EDGE_LOOP('',(#2762,#2763,#2764,#2765,#2766));
#1303=EDGE_LOOP('',(#2767,#2768,#2769,#2770,#2771,#2772,#2773,#2774));
#1304=EDGE_LOOP('',(#2775,#2776,#2777,#2778));
#1305=EDGE_LOOP('',(#2779,#2780,#2781,#2782,#2783));
#1306=EDGE_LOOP('',(#2784,#2785,#2786,#2787,#2788));
#1307=EDGE_LOOP('',(#2789,#2790,#2791,#2792));
#1308=EDGE_LOOP('',(#2793,#2794,#2795,#2796,#2797,#2798));
#1309=EDGE_LOOP('',(#2799,#2800,#2801,#2802));
#1310=EDGE_LOOP('',(#2803,#2804,#2805,#2806,#2807));
#1311=EDGE_LOOP('',(#2808,#2809,#2810,#2811,#2812,#2813,#2814,#2815));
#1312=EDGE_LOOP('',(#2816,#2817,#2818,#2819));
#1313=EDGE_LOOP('',(#2820,#2821,#2822,#2823));
#1314=EDGE_LOOP('',(#2824,#2825,#2826,#2827,#2828,#2829));
#1315=EDGE_LOOP('',(#2830,#2831,#2832,#2833,#2834,#2835));
#1316=EDGE_LOOP('',(#2836,#2837,#2838,#2839));
#1317=EDGE_LOOP('',(#2840,#2841,#2842,#2843));
#1318=EDGE_LOOP('',(#2844,#2845,#2846,#2847));
#1319=EDGE_LOOP('',(#2848,#2849,#2850,#2851));
#1320=EDGE_LOOP('',(#2852,#2853,#2854,#2855));
#1321=EDGE_LOOP('',(#2856,#2857,#2858,#2859));
#1322=EDGE_LOOP('',(#2860,#2861,#2862,#2863,#2864,#2865));
#1323=EDGE_LOOP('',(#2866,#2867,#2868,#2869,#2870,#2871));
#1324=EDGE_LOOP('',(#2872,#2873,#2874,#2875));
#1325=EDGE_LOOP('',(#2876,#2877,#2878,#2879));
#1326=EDGE_LOOP('',(#2880,#2881,#2882,#2883));
#1327=EDGE_LOOP('',(#2884,#2885,#2886,#2887));
#1328=EDGE_LOOP('',(#2888,#2889,#2890,#2891,#2892,#2893,#2894,#2895,#2896,
#2897,#2898,#2899,#2900,#2901));
#1329=EDGE_LOOP('',(#2902,#2903,#2904,#2905,#2906,#2907,#2908,#2909,#2910,
#2911,#2912,#2913,#2914,#2915));
#1330=EDGE_LOOP('',(#2916,#2917,#2918,#2919));
#1331=EDGE_LOOP('',(#2920,#2921,#2922,#2923));
#1332=EDGE_LOOP('',(#2924,#2925,#2926,#2927));
#1333=EDGE_LOOP('',(#2928,#2929,#2930,#2931));
#1334=EDGE_LOOP('',(#2932,#2933,#2934,#2935,#2936,#2937,#2938,#2939));
#1335=EDGE_LOOP('',(#2940,#2941,#2942,#2943,#2944,#2945,#2946,#2947,#2948,
#2949,#2950,#2951,#2952,#2953));
#1336=EDGE_LOOP('',(#2954,#2955,#2956,#2957,#2958,#2959,#2960,#2961,#2962,
#2963,#2964,#2965,#2966,#2967));
#1337=EDGE_LOOP('',(#2968,#2969,#2970,#2971));
#1338=EDGE_LOOP('',(#2972,#2973,#2974,#2975));
#1339=EDGE_LOOP('',(#2976,#2977,#2978,#2979));
#1340=EDGE_LOOP('',(#2980,#2981,#2982,#2983,#2984,#2985));
#1341=EDGE_LOOP('',(#2986,#2987,#2988,#2989));
#1342=EDGE_LOOP('',(#2990,#2991,#2992,#2993));
#1343=EDGE_LOOP('',(#2994,#2995,#2996,#2997));
#1344=EDGE_LOOP('',(#2998,#2999,#3000,#3001));
#1345=EDGE_LOOP('',(#3002,#3003,#3004,#3005));
#1346=EDGE_LOOP('',(#3006,#3007,#3008,#3009));
#1347=EDGE_LOOP('',(#3010,#3011,#3012,#3013));
#1348=EDGE_LOOP('',(#3014,#3015,#3016,#3017));
#1349=EDGE_LOOP('',(#3018,#3019,#3020,#3021));
#1350=EDGE_LOOP('',(#3022,#3023));
#1351=EDGE_LOOP('',(#3024,#3025,#3026,#3027));
#1352=EDGE_LOOP('',(#3028,#3029,#3030));
#1353=EDGE_LOOP('',(#3031,#3032,#3033));
#1354=EDGE_LOOP('',(#3034,#3035,#3036,#3037,#3038,#3039));
#1355=EDGE_LOOP('',(#3040,#3041,#3042,#3043));
#1356=EDGE_LOOP('',(#3044,#3045,#3046,#3047));
#1357=EDGE_LOOP('',(#3048,#3049,#3050,#3051));
#1358=EDGE_LOOP('',(#3052,#3053,#3054,#3055));
#1359=EDGE_LOOP('',(#3056,#3057,#3058,#3059));
#1360=EDGE_LOOP('',(#3060,#3061,#3062,#3063));
#1361=EDGE_LOOP('',(#3064,#3065,#3066,#3067));
#1362=EDGE_LOOP('',(#3068,#3069,#3070,#3071));
#1363=EDGE_LOOP('',(#3072,#3073,#3074,#3075));
#1364=EDGE_LOOP('',(#3076,#3077,#3078,#3079));
#1365=EDGE_LOOP('',(#3080,#3081,#3082,#3083));
#1366=EDGE_LOOP('',(#3084,#3085,#3086,#3087,#3088,#3089,#3090,#3091));
#1367=EDGE_LOOP('',(#3092,#3093,#3094,#3095));
#1368=EDGE_LOOP('',(#3096,#3097,#3098,#3099));
#1369=EDGE_LOOP('',(#3100,#3101,#3102,#3103));
#1370=EDGE_LOOP('',(#3104,#3105));
#1371=EDGE_LOOP('',(#3106,#3107,#3108,#3109));
#1372=EDGE_LOOP('',(#3110,#3111,#3112));
#1373=EDGE_LOOP('',(#3113,#3114,#3115));
#1374=EDGE_LOOP('',(#3116,#3117,#3118,#3119,#3120,#3121));
#1375=EDGE_LOOP('',(#3122,#3123,#3124,#3125,#3126,#3127,#3128));
#1376=EDGE_LOOP('',(#3129,#3130,#3131,#3132));
#1377=EDGE_LOOP('',(#3133,#3134,#3135,#3136,#3137,#3138,#3139,#3140));
#1378=EDGE_LOOP('',(#3141,#3142,#3143,#3144));
#1379=EDGE_LOOP('',(#3145,#3146,#3147,#3148));
#1380=EDGE_LOOP('',(#3149));
#1381=EDGE_LOOP('',(#3150));
#1382=EDGE_LOOP('',(#3151,#3152,#3153,#3154));
#1383=EDGE_LOOP('',(#3155,#3156,#3157,#3158));
#1384=EDGE_LOOP('',(#3159,#3160,#3161,#3162));
#1385=EDGE_LOOP('',(#3163,#3164,#3165,#3166));
#1386=EDGE_LOOP('',(#3167,#3168,#3169,#3170));
#1387=EDGE_LOOP('',(#3171,#3172,#3173,#3174));
#1388=EDGE_LOOP('',(#3175,#3176,#3177,#3178));
#1389=EDGE_LOOP('',(#3179,#3180));
#1390=EDGE_LOOP('',(#3181,#3182,#3183,#3184,#3185));
#1391=EDGE_LOOP('',(#3186,#3187,#3188,#3189,#3190));
#1392=EDGE_LOOP('',(#3191,#3192,#3193,#3194));
#1393=EDGE_LOOP('',(#3195,#3196,#3197,#3198));
#1394=EDGE_LOOP('',(#3199,#3200,#3201,#3202));
#1395=EDGE_LOOP('',(#3203,#3204,#3205,#3206));
#1396=EDGE_LOOP('',(#3207,#3208));
#1397=EDGE_LOOP('',(#3209,#3210,#3211,#3212,#3213));
#1398=EDGE_LOOP('',(#3214,#3215,#3216,#3217,#3218));
#1399=EDGE_LOOP('',(#3219,#3220,#3221,#3222));
#1400=EDGE_LOOP('',(#3223,#3224,#3225,#3226));
#1401=EDGE_LOOP('',(#3227,#3228,#3229,#3230));
#1402=EDGE_LOOP('',(#3231,#3232,#3233,#3234));
#1403=EDGE_LOOP('',(#3235,#3236,#3237,#3238));
#1404=EDGE_LOOP('',(#3239,#3240,#3241,#3242));
#1405=EDGE_LOOP('',(#3243,#3244));
#1406=EDGE_LOOP('',(#3245,#3246,#3247,#3248,#3249));
#1407=EDGE_LOOP('',(#3250,#3251,#3252,#3253,#3254));
#1408=EDGE_LOOP('',(#3255,#3256,#3257,#3258));
#1409=EDGE_LOOP('',(#3259,#3260,#3261,#3262));
#1410=EDGE_LOOP('',(#3263,#3264));
#1411=EDGE_LOOP('',(#3265,#3266,#3267,#3268,#3269));
#1412=EDGE_LOOP('',(#3270,#3271,#3272,#3273,#3274));
#1413=EDGE_LOOP('',(#3275,#3276,#3277,#3278));
#1414=EDGE_LOOP('',(#3279,#3280,#3281,#3282));
#1415=EDGE_LOOP('',(#3283,#3284,#3285,#3286));
#1416=EDGE_LOOP('',(#3287,#3288,#3289,#3290));
#1417=EDGE_LOOP('',(#3291,#3292,#3293,#3294));
#1418=EDGE_LOOP('',(#3295,#3296,#3297,#3298));
#1419=EDGE_LOOP('',(#3299,#3300,#3301,#3302));
#1420=EDGE_LOOP('',(#3303,#3304,#3305,#3306));
#1421=EDGE_LOOP('',(#3307,#3308,#3309,#3310));
#1422=EDGE_LOOP('',(#3311,#3312,#3313,#3314));
#1423=EDGE_LOOP('',(#3315,#3316,#3317,#3318));
#1424=EDGE_LOOP('',(#3319,#3320,#3321,#3322));
#1425=EDGE_LOOP('',(#3323,#3324,#3325,#3326));
#1426=EDGE_LOOP('',(#3327,#3328,#3329,#3330));
#1427=EDGE_LOOP('',(#3331,#3332,#3333,#3334,#3335,#3336,#3337,#3338,#3339,
#3340,#3341,#3342));
#1428=EDGE_LOOP('',(#3343,#3344,#3345,#3346));
#1429=EDGE_LOOP('',(#3347,#3348,#3349,#3350));
#1430=EDGE_LOOP('',(#3351,#3352,#3353,#3354));
#1431=EDGE_LOOP('',(#3355,#3356,#3357,#3358,#3359,#3360,#3361,#3362,#3363,
#3364,#3365,#3366));
#1432=EDGE_LOOP('',(#3367,#3368,#3369,#3370));
#1433=EDGE_LOOP('',(#3371,#3372,#3373,#3374));
#1434=EDGE_LOOP('',(#3375,#3376,#3377,#3378));
#1435=EDGE_LOOP('',(#3379,#3380,#3381,#3382,#3383,#3384,#3385,#3386,#3387,
#3388,#3389,#3390));
#1436=EDGE_LOOP('',(#3391,#3392,#3393,#3394));
#1437=EDGE_LOOP('',(#3395,#3396,#3397,#3398));
#1438=EDGE_LOOP('',(#3399,#3400,#3401,#3402));
#1439=EDGE_LOOP('',(#3403,#3404,#3405,#3406));
#1440=EDGE_LOOP('',(#3407));
#1441=EDGE_LOOP('',(#3408,#3409,#3410,#3411));
#1442=EDGE_LOOP('',(#3412));
#1443=EDGE_LOOP('',(#3413,#3414,#3415,#3416));
#1444=EDGE_LOOP('',(#3417,#3418,#3419,#3420));
#1445=EDGE_LOOP('',(#3421,#3422,#3423,#3424));
#1446=EDGE_LOOP('',(#3425,#3426,#3427,#3428));
#1447=EDGE_LOOP('',(#3429,#3430,#3431,#3432));
#1448=EDGE_LOOP('',(#3433,#3434,#3435,#3436));
#1449=EDGE_LOOP('',(#3437,#3438,#3439,#3440));
#1450=EDGE_LOOP('',(#3441,#3442,#3443,#3444,#3445,#3446,#3447,#3448,#3449,
#3450));
#1451=EDGE_LOOP('',(#3451));
#1452=EDGE_LOOP('',(#3452,#3453,#3454,#3455));
#1453=EDGE_LOOP('',(#3456,#3457,#3458,#3459,#3460,#3461,#3462,#3463,#3464,
#3465));
#1454=EDGE_LOOP('',(#3466));
#1455=EDGE_LOOP('',(#3467,#3468,#3469,#3470));
#1456=EDGE_LOOP('',(#3471,#3472,#3473,#3474));
#1457=EDGE_LOOP('',(#3475,#3476,#3477,#3478));
#1458=EDGE_LOOP('',(#3479,#3480,#3481,#3482));
#1459=EDGE_LOOP('',(#3483,#3484,#3485,#3486));
#1460=EDGE_LOOP('',(#3487,#3488,#3489,#3490));
#1461=EDGE_LOOP('',(#3491,#3492,#3493,#3494));
#1462=EDGE_LOOP('',(#3495,#3496,#3497,#3498));
#1463=EDGE_LOOP('',(#3499,#3500,#3501,#3502));
#1464=EDGE_LOOP('',(#3503,#3504,#3505,#3506,#3507,#3508,#3509,#3510,#3511,
#3512));
#1465=EDGE_LOOP('',(#3513));
#1466=EDGE_LOOP('',(#3514,#3515,#3516,#3517));
#1467=EDGE_LOOP('',(#3518,#3519,#3520,#3521,#3522,#3523,#3524,#3525,#3526,
#3527));
#1468=EDGE_LOOP('',(#3528));
#1469=EDGE_LOOP('',(#3529,#3530,#3531,#3532));
#1470=EDGE_LOOP('',(#3533,#3534,#3535,#3536));
#1471=EDGE_LOOP('',(#3537,#3538,#3539,#3540));
#1472=EDGE_LOOP('',(#3541,#3542,#3543,#3544));
#1473=EDGE_LOOP('',(#3545,#3546,#3547,#3548));
#1474=EDGE_LOOP('',(#3549,#3550,#3551,#3552));
#1475=EDGE_LOOP('',(#3553,#3554,#3555,#3556,#3557,#3558,#3559,#3560,#3561,
#3562,#3563,#3564,#3565,#3566,#3567,#3568,#3569,#3570,#3571,#3572,#3573,
#3574,#3575,#3576,#3577,#3578,#3579,#3580,#3581));
#1476=EDGE_LOOP('',(#3582,#3583,#3584,#3585));
#1477=EDGE_LOOP('',(#3586,#3587,#3588,#3589));
#1478=EDGE_LOOP('',(#3590,#3591,#3592,#3593,#3594,#3595,#3596,#3597,#3598,
#3599,#3600,#3601,#3602,#3603,#3604,#3605,#3606,#3607,#3608,#3609,#3610,
#3611,#3612,#3613,#3614,#3615,#3616,#3617));
#1479=EDGE_LOOP('',(#3618,#3619,#3620,#3621));
#1480=EDGE_LOOP('',(#3622,#3623,#3624,#3625));
#1481=EDGE_LOOP('',(#3626,#3627,#3628,#3629));
#1482=EDGE_LOOP('',(#3630,#3631,#3632,#3633));
#1483=EDGE_LOOP('',(#3634,#3635,#3636,#3637));
#1484=EDGE_LOOP('',(#3638,#3639,#3640,#3641));
#1485=EDGE_LOOP('',(#3642,#3643,#3644,#3645));
#1486=EDGE_LOOP('',(#3646,#3647,#3648,#3649));
#1487=EDGE_LOOP('',(#3650,#3651,#3652,#3653,#3654,#3655));
#1488=EDGE_LOOP('',(#3656,#3657,#3658,#3659));
#1489=EDGE_LOOP('',(#3660,#3661,#3662,#3663));
#1490=EDGE_LOOP('',(#3664,#3665,#3666,#3667));
#1491=EDGE_LOOP('',(#3668,#3669,#3670,#3671));
#1492=EDGE_LOOP('',(#3672,#3673,#3674,#3675,#3676,#3677,#3678));
#1493=EDGE_LOOP('',(#3679,#3680,#3681,#3682,#3683,#3684,#3685));
#1494=EDGE_LOOP('',(#3686,#3687,#3688,#3689));
#1495=EDGE_LOOP('',(#3690,#3691,#3692,#3693));
#1496=EDGE_LOOP('',(#3694,#3695,#3696,#3697));
#1497=EDGE_LOOP('',(#3698,#3699,#3700,#3701));
#1498=EDGE_LOOP('',(#3702,#3703,#3704,#3705,#3706,#3707,#3708));
#1499=EDGE_LOOP('',(#3709,#3710,#3711,#3712,#3713,#3714,#3715));
#1500=EDGE_LOOP('',(#3716,#3717,#3718,#3719));
#1501=EDGE_LOOP('',(#3720,#3721,#3722,#3723));
#1502=EDGE_LOOP('',(#3724,#3725,#3726,#3727));
#1503=EDGE_LOOP('',(#3728,#3729,#3730,#3731));
#1504=EDGE_LOOP('',(#3732,#3733,#3734,#3735));
#1505=EDGE_LOOP('',(#3736,#3737,#3738,#3739));
#1506=EDGE_LOOP('',(#3740,#3741,#3742,#3743,#3744,#3745,#3746));
#1507=EDGE_LOOP('',(#3747,#3748,#3749,#3750));
#1508=EDGE_LOOP('',(#3751,#3752,#3753));
#1509=EDGE_LOOP('',(#3754,#3755,#3756,#3757));
#1510=EDGE_LOOP('',(#3758));
#1511=EDGE_LOOP('',(#3759));
#1512=EDGE_LOOP('',(#3760,#3761,#3762,#3763));
#1513=EDGE_LOOP('',(#3764));
#1514=EDGE_LOOP('',(#3765,#3766));
#1515=EDGE_LOOP('',(#3767,#3768));
#1516=EDGE_LOOP('',(#3769,#3770,#3771,#3772));
#1517=EDGE_LOOP('',(#3773,#3774,#3775,#3776));
#1518=EDGE_LOOP('',(#3777,#3778));
#1519=EDGE_LOOP('',(#3779,#3780,#3781,#3782));
#1520=CIRCLE('',#4240,17.);
#1521=CIRCLE('',#4241,15.);
#1522=CIRCLE('',#4242,12.75);
#1523=CIRCLE('',#4243,15.);
#1524=CIRCLE('',#4244,15.);
#1525=CIRCLE('',#4245,12.75);
#1526=CIRCLE('',#4247,17.);
#1527=CIRCLE('',#4249,1.);
#1528=CIRCLE('',#4250,16.);
#1529=CIRCLE('',#4252,12.75);
#1530=CIRCLE('',#4254,12.75);
#1531=CIRCLE('',#4255,12.75);
#1532=CIRCLE('',#4256,12.75);
#1533=CIRCLE('',#4257,12.75);
#1534=CIRCLE('',#4258,12.75);
#1535=CIRCLE('',#4259,12.75);
#1536=CIRCLE('',#4260,12.75);
#1537=CIRCLE('',#4261,12.75);
#1538=CIRCLE('',#4262,12.75);
#1539=CIRCLE('',#4264,15.);
#1540=CIRCLE('',#4265,15.);
#1541=CIRCLE('',#4267,15.);
#1542=CIRCLE('',#4271,15.);
#1543=CIRCLE('',#4272,15.);
#1544=CIRCLE('',#4274,15.);
#1545=CIRCLE('',#4278,15.);
#1546=CIRCLE('',#4279,15.);
#1547=CIRCLE('',#4280,15.);
#1548=CIRCLE('',#4281,15.);
#1549=CIRCLE('',#4282,15.);
#1550=CIRCLE('',#4283,15.);
#1551=CIRCLE('',#4284,15.);
#1552=CIRCLE('',#4285,15.);
#1553=CIRCLE('',#4286,15.);
#1554=CIRCLE('',#4288,11.);
#1555=CIRCLE('',#4290,11.);
#1556=CIRCLE('',#4293,11.);
#1557=CIRCLE('',#4297,14.);
#1558=CIRCLE('',#4299,14.);
#1559=CIRCLE('',#4301,11.);
#1560=CIRCLE('',#4336,5.999999912491);
#1561=CIRCLE('',#4337,6.000004187266);
#1562=CIRCLE('',#4340,1.);
#1563=CIRCLE('',#4350,1.);
#1564=CIRCLE('',#4352,1.);
#1565=CIRCLE('',#4358,1.);
#1566=CIRCLE('',#4359,5.999999965499);
#1567=CIRCLE('',#4360,6.000006476748);
#1568=CIRCLE('',#4372,1.);
#1569=CIRCLE('',#4374,1.);
#1570=CIRCLE('',#4385,1.5);
#1571=CIRCLE('',#4386,1.5);
#1572=CIRCLE('',#4388,3.);
#1573=CIRCLE('',#4390,3.);
#1574=CIRCLE('',#4398,0.875);
#1575=CIRCLE('',#4402,0.875);
#1576=CIRCLE('',#4415,0.875);
#1577=CIRCLE('',#4416,0.875);
#1578=CIRCLE('',#4455,0.875);
#1579=CIRCLE('',#4456,0.875);
#1580=CIRCLE('',#4458,0.875);
#1581=CIRCLE('',#4460,0.875);
#1582=CIRCLE('',#4471,0.875);
#1583=CIRCLE('',#4472,0.875);
#1584=CIRCLE('',#4474,0.875);
#1585=CIRCLE('',#4476,0.875);
#1586=CIRCLE('',#4485,12.5);
#1587=CIRCLE('',#4486,12.5);
#1588=CIRCLE('',#4487,12.5);
#1589=CIRCLE('',#4488,12.5);
#1590=CIRCLE('',#4489,12.5);
#1591=CIRCLE('',#4490,12.5);
#1592=CIRCLE('',#4491,12.5);
#1593=CIRCLE('',#4492,12.5);
#1594=CIRCLE('',#4493,12.5);
#1595=CIRCLE('',#4494,12.5);
#1596=CIRCLE('',#4495,12.5);
#1597=CIRCLE('',#4496,12.5);
#1598=CIRCLE('',#4497,12.5);
#1599=CIRCLE('',#4498,12.5);
#1600=CIRCLE('',#4499,12.5);
#1601=CIRCLE('',#4501,11.5);
#1602=CIRCLE('',#4504,11.5);
#1603=CIRCLE('',#4505,11.5);
#1604=CIRCLE('',#4506,11.5);
#1605=CIRCLE('',#4507,11.5);
#1606=CIRCLE('',#4508,11.5);
#1607=CIRCLE('',#4509,11.5);
#1608=CIRCLE('',#4510,11.5);
#1609=CIRCLE('',#4511,11.5);
#1610=CIRCLE('',#4512,11.5);
#1611=CIRCLE('',#4513,11.5);
#1612=CIRCLE('',#4514,11.5);
#1613=CIRCLE('',#4515,11.5);
#1614=CIRCLE('',#4516,11.5);
#1615=CIRCLE('',#4545,1.);
#1616=CIRCLE('',#4546,11.66285649699);
#1617=CIRCLE('',#4547,11.66285649699);
#1618=CIRCLE('',#4548,11.66285649699);
#1619=CIRCLE('',#4551,1.5);
#1620=CIRCLE('',#4553,1.5);
#1621=VERTEX_POINT('',#5670);
#1622=VERTEX_POINT('',#5672);
#1623=VERTEX_POINT('',#5673);
#1624=VERTEX_POINT('',#5675);
#1625=VERTEX_POINT('',#5677);
#1626=VERTEX_POINT('',#5679);
#1627=VERTEX_POINT('',#5681);
#1628=VERTEX_POINT('',#5683);
#1629=VERTEX_POINT('',#5685);
#1630=VERTEX_POINT('',#5687);
#1631=VERTEX_POINT('',#5691);
#1632=VERTEX_POINT('',#5695);
#1633=VERTEX_POINT('',#5699);
#1634=VERTEX_POINT('',#5702);
#1635=VERTEX_POINT('',#5704);
#1636=VERTEX_POINT('',#5706);
#1637=VERTEX_POINT('',#5708);
#1638=VERTEX_POINT('',#5710);
#1639=VERTEX_POINT('',#5712);
#1640=VERTEX_POINT('',#5715);
#1641=VERTEX_POINT('',#5717);
#1642=VERTEX_POINT('',#5720);
#1643=VERTEX_POINT('',#5723);
#1644=VERTEX_POINT('',#5725);
#1645=VERTEX_POINT('',#5728);
#1646=VERTEX_POINT('',#5729);
#1647=VERTEX_POINT('',#5731);
#1648=VERTEX_POINT('',#5733);
#1649=VERTEX_POINT('',#5737);
#1650=VERTEX_POINT('',#5739);
#1651=VERTEX_POINT('',#5741);
#1652=VERTEX_POINT('',#5745);
#1653=VERTEX_POINT('',#5747);
#1654=VERTEX_POINT('',#5751);
#1655=VERTEX_POINT('',#5755);
#1656=VERTEX_POINT('',#5759);
#1657=VERTEX_POINT('',#5761);
#1658=VERTEX_POINT('',#5765);
#1659=VERTEX_POINT('',#5773);
#1660=VERTEX_POINT('',#5774);
#1661=VERTEX_POINT('',#5778);
#1662=VERTEX_POINT('',#5780);
#1663=VERTEX_POINT('',#5782);
#1664=VERTEX_POINT('',#5784);
#1665=VERTEX_POINT('',#5801);
#1666=VERTEX_POINT('',#5813);
#1667=VERTEX_POINT('',#5839);
#1668=VERTEX_POINT('',#5841);
#1669=VERTEX_POINT('',#5844);
#1670=VERTEX_POINT('',#5846);
#1671=VERTEX_POINT('',#5848);
#1672=VERTEX_POINT('',#5850);
#1673=VERTEX_POINT('',#5867);
#1674=VERTEX_POINT('',#5879);
#1675=VERTEX_POINT('',#5902);
#1676=VERTEX_POINT('',#5904);
#1677=VERTEX_POINT('',#5907);
#1678=VERTEX_POINT('',#5909);
#1679=VERTEX_POINT('',#5911);
#1680=VERTEX_POINT('',#5922);
#1681=VERTEX_POINT('',#5924);
#1682=VERTEX_POINT('',#5935);
#1683=VERTEX_POINT('',#5937);
#1684=VERTEX_POINT('',#5939);
#1685=VERTEX_POINT('',#5941);
#1686=VERTEX_POINT('',#5952);
#1687=VERTEX_POINT('',#5954);
#1688=VERTEX_POINT('',#5967);
#1689=VERTEX_POINT('',#5969);
#1690=VERTEX_POINT('',#5973);
#1691=VERTEX_POINT('',#5975);
#1692=VERTEX_POINT('',#5979);
#1693=VERTEX_POINT('',#5992);
#1694=VERTEX_POINT('',#6003);
#1695=VERTEX_POINT('',#6005);
#1696=VERTEX_POINT('',#6011);
#1697=VERTEX_POINT('',#6024);
#1698=VERTEX_POINT('',#6025);
#1699=VERTEX_POINT('',#6048);
#1700=VERTEX_POINT('',#6062);
#1701=VERTEX_POINT('',#6064);
#1702=VERTEX_POINT('',#6067);
#1703=VERTEX_POINT('',#6068);
#1704=VERTEX_POINT('',#6070);
#1705=VERTEX_POINT('',#6072);
#1706=VERTEX_POINT('',#6077);
#1707=VERTEX_POINT('',#6092);
#1708=VERTEX_POINT('',#6108);
#1709=VERTEX_POINT('',#6109);
#1710=VERTEX_POINT('',#6111);
#1711=VERTEX_POINT('',#6113);
#1712=VERTEX_POINT('',#6116);
#1713=VERTEX_POINT('',#6118);
#1714=VERTEX_POINT('',#6122);
#1715=VERTEX_POINT('',#6124);
#1716=VERTEX_POINT('',#6128);
#1717=VERTEX_POINT('',#6129);
#1718=VERTEX_POINT('',#6131);
#1719=VERTEX_POINT('',#6133);
#1720=VERTEX_POINT('',#6137);
#1721=VERTEX_POINT('',#6139);
#1722=VERTEX_POINT('',#6143);
#1723=VERTEX_POINT('',#6145);
#1724=VERTEX_POINT('',#6153);
#1725=VERTEX_POINT('',#6157);
#1726=VERTEX_POINT('',#6159);
#1727=VERTEX_POINT('',#6163);
#1728=VERTEX_POINT('',#6165);
#1729=VERTEX_POINT('',#6169);
#1730=VERTEX_POINT('',#6173);
#1731=VERTEX_POINT('',#6177);
#1732=VERTEX_POINT('',#6181);
#1733=VERTEX_POINT('',#6185);
#1734=VERTEX_POINT('',#6193);
#1735=VERTEX_POINT('',#6197);
#1736=VERTEX_POINT('',#6201);
#1737=VERTEX_POINT('',#6208);
#1738=VERTEX_POINT('',#6210);
#1739=VERTEX_POINT('',#6212);
#1740=VERTEX_POINT('',#6214);
#1741=VERTEX_POINT('',#6216);
#1742=VERTEX_POINT('',#6218);
#1743=VERTEX_POINT('',#6220);
#1744=VERTEX_POINT('',#6222);
#1745=VERTEX_POINT('',#6224);
#1746=VERTEX_POINT('',#6226);
#1747=VERTEX_POINT('',#6230);
#1748=VERTEX_POINT('',#6232);
#1749=VERTEX_POINT('',#6234);
#1750=VERTEX_POINT('',#6236);
#1751=VERTEX_POINT('',#6238);
#1752=VERTEX_POINT('',#6240);
#1753=VERTEX_POINT('',#6242);
#1754=VERTEX_POINT('',#6244);
#1755=VERTEX_POINT('',#6246);
#1756=VERTEX_POINT('',#6248);
#1757=VERTEX_POINT('',#6259);
#1758=VERTEX_POINT('',#6265);
#1759=VERTEX_POINT('',#6269);
#1760=VERTEX_POINT('',#6273);
#1761=VERTEX_POINT('',#6275);
#1762=VERTEX_POINT('',#6277);
#1763=VERTEX_POINT('',#6279);
#1764=VERTEX_POINT('',#6281);
#1765=VERTEX_POINT('',#6283);
#1766=VERTEX_POINT('',#6285);
#1767=VERTEX_POINT('',#6287);
#1768=VERTEX_POINT('',#6296);
#1769=VERTEX_POINT('',#6298);
#1770=VERTEX_POINT('',#6300);
#1771=VERTEX_POINT('',#6302);
#1772=VERTEX_POINT('',#6304);
#1773=VERTEX_POINT('',#6306);
#1774=VERTEX_POINT('',#6308);
#1775=VERTEX_POINT('',#6310);
#1776=VERTEX_POINT('',#6312);
#1777=VERTEX_POINT('',#6314);
#1778=VERTEX_POINT('',#6345);
#1779=VERTEX_POINT('',#6388);
#1780=VERTEX_POINT('',#6431);
#1781=VERTEX_POINT('',#6432);
#1782=VERTEX_POINT('',#6434);
#1783=VERTEX_POINT('',#6436);
#1784=VERTEX_POINT('',#6453);
#1785=VERTEX_POINT('',#6454);
#1786=VERTEX_POINT('',#6464);
#1787=VERTEX_POINT('',#6465);
#1788=VERTEX_POINT('',#6467);
#1789=VERTEX_POINT('',#6472);
#1790=VERTEX_POINT('',#6481);
#1791=VERTEX_POINT('',#6499);
#1792=VERTEX_POINT('',#6501);
#1793=VERTEX_POINT('',#6622);
#1794=VERTEX_POINT('',#6632);
#1795=VERTEX_POINT('',#6636);
#1796=VERTEX_POINT('',#6646);
#1797=VERTEX_POINT('',#6648);
#1798=VERTEX_POINT('',#6652);
#1799=VERTEX_POINT('',#6655);
#1800=VERTEX_POINT('',#6659);
#1801=VERTEX_POINT('',#6660);
#1802=VERTEX_POINT('',#6662);
#1803=VERTEX_POINT('',#6664);
#1804=VERTEX_POINT('',#6668);
#1805=VERTEX_POINT('',#6669);
#1806=VERTEX_POINT('',#6671);
#1807=VERTEX_POINT('',#6673);
#1808=VERTEX_POINT('',#6677);
#1809=VERTEX_POINT('',#6678);
#1810=VERTEX_POINT('',#6680);
#1811=VERTEX_POINT('',#6682);
#1812=VERTEX_POINT('',#6686);
#1813=VERTEX_POINT('',#6687);
#1814=VERTEX_POINT('',#6692);
#1815=VERTEX_POINT('',#6693);
#1816=VERTEX_POINT('',#6698);
#1817=VERTEX_POINT('',#6699);
#1818=VERTEX_POINT('',#6701);
#1819=VERTEX_POINT('',#6703);
#1820=VERTEX_POINT('',#6707);
#1821=VERTEX_POINT('',#6708);
#1822=VERTEX_POINT('',#6712);
#1823=VERTEX_POINT('',#6716);
#1824=VERTEX_POINT('',#6718);
#1825=VERTEX_POINT('',#6720);
#1826=VERTEX_POINT('',#6724);
#1827=VERTEX_POINT('',#6726);
#1828=VERTEX_POINT('',#6730);
#1829=VERTEX_POINT('',#6732);
#1830=VERTEX_POINT('',#6736);
#1831=VERTEX_POINT('',#6744);
#1832=VERTEX_POINT('',#6750);
#1833=VERTEX_POINT('',#6751);
#1834=VERTEX_POINT('',#6753);
#1835=VERTEX_POINT('',#6755);
#1836=VERTEX_POINT('',#6759);
#1837=VERTEX_POINT('',#6760);
#1838=VERTEX_POINT('',#6762);
#1839=VERTEX_POINT('',#6764);
#1840=VERTEX_POINT('',#6768);
#1841=VERTEX_POINT('',#6770);
#1842=VERTEX_POINT('',#6774);
#1843=VERTEX_POINT('',#6776);
#1844=VERTEX_POINT('',#6780);
#1845=VERTEX_POINT('',#6781);
#1846=VERTEX_POINT('',#6786);
#1847=VERTEX_POINT('',#6787);
#1848=VERTEX_POINT('',#6789);
#1849=VERTEX_POINT('',#6791);
#1850=VERTEX_POINT('',#6799);
#1851=VERTEX_POINT('',#6801);
#1852=VERTEX_POINT('',#6803);
#1853=VERTEX_POINT('',#6807);
#1854=VERTEX_POINT('',#6809);
#1855=VERTEX_POINT('',#6819);
#1856=VERTEX_POINT('',#6823);
#1857=VERTEX_POINT('',#6824);
#1858=VERTEX_POINT('',#6826);
#1859=VERTEX_POINT('',#6828);
#1860=VERTEX_POINT('',#6832);
#1861=VERTEX_POINT('',#6834);
#1862=VERTEX_POINT('',#6838);
#1863=VERTEX_POINT('',#6840);
#1864=VERTEX_POINT('',#6844);
#1865=VERTEX_POINT('',#6845);
#1866=VERTEX_POINT('',#6847);
#1867=VERTEX_POINT('',#6849);
#1868=VERTEX_POINT('',#6857);
#1869=VERTEX_POINT('',#6858);
#1870=VERTEX_POINT('',#6863);
#1871=VERTEX_POINT('',#6867);
#1872=VERTEX_POINT('',#6871);
#1873=VERTEX_POINT('',#6872);
#1874=VERTEX_POINT('',#6874);
#1875=VERTEX_POINT('',#6879);
#1876=VERTEX_POINT('',#6883);
#1877=VERTEX_POINT('',#6885);
#1878=VERTEX_POINT('',#6891);
#1879=VERTEX_POINT('',#6897);
#1880=VERTEX_POINT('',#6904);
#1881=VERTEX_POINT('',#6905);
#1882=VERTEX_POINT('',#6907);
#1883=VERTEX_POINT('',#6909);
#1884=VERTEX_POINT('',#6913);
#1885=VERTEX_POINT('',#6914);
#1886=VERTEX_POINT('',#6919);
#1887=VERTEX_POINT('',#6923);
#1888=VERTEX_POINT('',#6933);
#1889=VERTEX_POINT('',#6934);
#1890=VERTEX_POINT('',#6936);
#1891=VERTEX_POINT('',#6938);
#1892=VERTEX_POINT('',#6942);
#1893=VERTEX_POINT('',#6943);
#1894=VERTEX_POINT('',#6945);
#1895=VERTEX_POINT('',#6947);
#1896=VERTEX_POINT('',#6951);
#1897=VERTEX_POINT('',#6953);
#1898=VERTEX_POINT('',#6957);
#1899=VERTEX_POINT('',#6959);
#1900=VERTEX_POINT('',#6963);
#1901=VERTEX_POINT('',#6965);
#1902=VERTEX_POINT('',#6969);
#1903=VERTEX_POINT('',#6971);
#1904=VERTEX_POINT('',#6974);
#1905=VERTEX_POINT('',#6977);
#1906=VERTEX_POINT('',#6980);
#1907=VERTEX_POINT('',#6984);
#1908=VERTEX_POINT('',#6987);
#1909=VERTEX_POINT('',#6989);
#1910=VERTEX_POINT('',#7001);
#1911=VERTEX_POINT('',#7002);
#1912=VERTEX_POINT('',#7004);
#1913=VERTEX_POINT('',#7006);
#1914=VERTEX_POINT('',#7010);
#1915=VERTEX_POINT('',#7011);
#1916=VERTEX_POINT('',#7013);
#1917=VERTEX_POINT('',#7015);
#1918=VERTEX_POINT('',#7019);
#1919=VERTEX_POINT('',#7021);
#1920=VERTEX_POINT('',#7025);
#1921=VERTEX_POINT('',#7027);
#1922=VERTEX_POINT('',#7031);
#1923=VERTEX_POINT('',#7033);
#1924=VERTEX_POINT('',#7036);
#1925=VERTEX_POINT('',#7038);
#1926=VERTEX_POINT('',#7041);
#1927=VERTEX_POINT('',#7044);
#1928=VERTEX_POINT('',#7048);
#1929=VERTEX_POINT('',#7050);
#1930=VERTEX_POINT('',#7053);
#1931=VERTEX_POINT('',#7055);
#1932=VERTEX_POINT('',#7070);
#1933=VERTEX_POINT('',#7071);
#1934=VERTEX_POINT('',#7073);
#1935=VERTEX_POINT('',#7075);
#1936=VERTEX_POINT('',#7077);
#1937=VERTEX_POINT('',#7079);
#1938=VERTEX_POINT('',#7081);
#1939=VERTEX_POINT('',#7083);
#1940=VERTEX_POINT('',#7085);
#1941=VERTEX_POINT('',#7087);
#1942=VERTEX_POINT('',#7089);
#1943=VERTEX_POINT('',#7091);
#1944=VERTEX_POINT('',#7093);
#1945=VERTEX_POINT('',#7095);
#1946=VERTEX_POINT('',#7097);
#1947=VERTEX_POINT('',#7099);
#1948=VERTEX_POINT('',#7102);
#1949=VERTEX_POINT('',#7104);
#1950=VERTEX_POINT('',#7106);
#1951=VERTEX_POINT('',#7108);
#1952=VERTEX_POINT('',#7110);
#1953=VERTEX_POINT('',#7112);
#1954=VERTEX_POINT('',#7114);
#1955=VERTEX_POINT('',#7116);
#1956=VERTEX_POINT('',#7118);
#1957=VERTEX_POINT('',#7120);
#1958=VERTEX_POINT('',#7122);
#1959=VERTEX_POINT('',#7126);
#1960=VERTEX_POINT('',#7128);
#1961=VERTEX_POINT('',#7132);
#1962=VERTEX_POINT('',#7136);
#1963=VERTEX_POINT('',#7138);
#1964=VERTEX_POINT('',#7140);
#1965=VERTEX_POINT('',#7142);
#1966=VERTEX_POINT('',#7144);
#1967=VERTEX_POINT('',#7146);
#1968=VERTEX_POINT('',#7148);
#1969=VERTEX_POINT('',#7150);
#1970=VERTEX_POINT('',#7152);
#1971=VERTEX_POINT('',#7154);
#1972=VERTEX_POINT('',#7156);
#1973=VERTEX_POINT('',#7158);
#1974=VERTEX_POINT('',#7160);
#1975=VERTEX_POINT('',#7163);
#1976=VERTEX_POINT('',#7165);
#1977=VERTEX_POINT('',#7167);
#1978=VERTEX_POINT('',#7169);
#1979=VERTEX_POINT('',#7171);
#1980=VERTEX_POINT('',#7173);
#1981=VERTEX_POINT('',#7175);
#1982=VERTEX_POINT('',#7177);
#1983=VERTEX_POINT('',#7179);
#1984=VERTEX_POINT('',#7181);
#1985=VERTEX_POINT('',#7197);
#1986=VERTEX_POINT('',#7198);
#1987=VERTEX_POINT('',#7203);
#1988=VERTEX_POINT('',#7204);
#1989=VERTEX_POINT('',#7221);
#1990=VERTEX_POINT('',#7223);
#1991=VERTEX_POINT('',#7227);
#1992=VERTEX_POINT('',#7229);
#1993=VERTEX_POINT('',#7233);
#1994=VERTEX_POINT('',#7237);
#1995=VERTEX_POINT('',#7243);
#1996=VERTEX_POINT('',#7249);
#1997=VERTEX_POINT('',#7263);
#1998=VERTEX_POINT('',#7265);
#1999=VERTEX_POINT('',#7267);
#2000=VERTEX_POINT('',#7306);
#2001=VERTEX_POINT('',#7353);
#2002=VERTEX_POINT('',#7356);
#2003=VERTEX_POINT('',#7362);
#2004=VERTEX_POINT('',#7363);
#2005=VERTEX_POINT('',#9275);
#2006=VERTEX_POINT('',#9478);
#2007=VERTEX_POINT('',#12330);
#2008=VERTEX_POINT('',#12331);
#2009=VERTEX_POINT('',#12333);
#2010=VERTEX_POINT('',#12932);
#2011=EDGE_CURVE('',#1621,#1621,#1520,.T.);
#2012=EDGE_CURVE('',#1622,#1623,#1521,.T.);
#2013=EDGE_CURVE('',#1624,#1623,#151,.T.);
#2014=EDGE_CURVE('',#1625,#1624,#1522,.T.);
#2015=EDGE_CURVE('',#1625,#1626,#152,.T.);
#2016=EDGE_CURVE('',#1626,#1627,#1523,.T.);
#2017=EDGE_CURVE('',#1627,#1628,#1524,.T.);
#2018=EDGE_CURVE('',#1628,#1629,#153,.T.);
#2019=EDGE_CURVE('',#1630,#1629,#1525,.T.);
#2020=EDGE_CURVE('',#1622,#1630,#154,.T.);
#2021=EDGE_CURVE('',#1621,#1631,#155,.T.);
#2022=EDGE_CURVE('',#1631,#1631,#1526,.T.);
#2023=EDGE_CURVE('',#1631,#1632,#1527,.T.);
#2024=EDGE_CURVE('',#1632,#1632,#1528,.T.);
#2025=EDGE_CURVE('',#1633,#1633,#1529,.T.);
#2026=EDGE_CURVE('',#1633,#1634,#156,.T.);
#2027=EDGE_CURVE('',#1634,#1635,#1530,.T.);
#2028=EDGE_CURVE('',#1635,#1636,#157,.T.);
#2029=EDGE_CURVE('',#1637,#1636,#1531,.T.);
#2030=EDGE_CURVE('',#1637,#1638,#158,.T.);
#2031=EDGE_CURVE('',#1638,#1639,#1532,.T.);
#2032=EDGE_CURVE('',#1625,#1639,#159,.T.);
#2033=EDGE_CURVE('',#1624,#1640,#160,.T.);
#2034=EDGE_CURVE('',#1641,#1640,#1533,.T.);
#2035=EDGE_CURVE('',#1630,#1641,#161,.T.);
#2036=EDGE_CURVE('',#1629,#1642,#162,.T.);
#2037=EDGE_CURVE('',#1642,#1638,#1534,.T.);
#2038=EDGE_CURVE('',#1643,#1637,#1535,.T.);
#2039=EDGE_CURVE('',#1644,#1643,#163,.T.);
#2040=EDGE_CURVE('',#1644,#1634,#1536,.T.);
#2041=EDGE_CURVE('',#1645,#1646,#1537,.T.);
#2042=EDGE_CURVE('',#1646,#1647,#164,.T.);
#2043=EDGE_CURVE('',#1648,#1647,#1538,.T.);
#2044=EDGE_CURVE('',#1645,#1648,#165,.T.);
#2045=EDGE_CURVE('',#1644,#1649,#166,.T.);
#2046=EDGE_CURVE('',#1649,#1650,#1539,.T.);
#2047=EDGE_CURVE('',#1650,#1651,#1540,.T.);
#2048=EDGE_CURVE('',#1635,#1651,#167,.T.);
#2049=EDGE_CURVE('',#1652,#1645,#168,.T.);
#2050=EDGE_CURVE('',#1652,#1653,#1541,.T.);
#2051=EDGE_CURVE('',#1653,#1646,#169,.T.);
#2052=EDGE_CURVE('',#1651,#1654,#170,.T.);
#2053=EDGE_CURVE('',#1636,#1654,#171,.T.);
#2054=EDGE_CURVE('',#1655,#1648,#172,.T.);
#2055=EDGE_CURVE('',#1652,#1655,#173,.T.);
#2056=EDGE_CURVE('',#1656,#1654,#1542,.T.);
#2057=EDGE_CURVE('',#1657,#1656,#1543,.T.);
#2058=EDGE_CURVE('',#1643,#1657,#174,.T.);
#2059=EDGE_CURVE('',#1658,#1647,#175,.T.);
#2060=EDGE_CURVE('',#1655,#1658,#1544,.T.);
#2061=EDGE_CURVE('',#1653,#1658,#176,.T.);
#2062=EDGE_CURVE('',#1649,#1657,#177,.T.);
#2063=EDGE_CURVE('',#1659,#1660,#1545,.T.);
#2064=EDGE_CURVE('',#1660,#1656,#178,.T.);
#2065=EDGE_CURVE('',#1650,#1627,#179,.T.);
#2066=EDGE_CURVE('',#1626,#1661,#180,.T.);
#2067=EDGE_CURVE('',#1661,#1662,#1546,.T.);
#2068=EDGE_CURVE('',#1663,#1662,#181,.T.);
#2069=EDGE_CURVE('',#1664,#1663,#68,.T.);
#2070=EDGE_CURVE('',#1664,#1665,#69,.T.);
#2071=EDGE_CURVE('',#1666,#1665,#70,.T.);
#2072=EDGE_CURVE('',#1667,#1666,#182,.T.);
#2073=EDGE_CURVE('',#1667,#1668,#1547,.T.);
#2074=EDGE_CURVE('',#1623,#1668,#183,.T.);
#2075=EDGE_CURVE('',#1622,#1669,#184,.T.);
#2076=EDGE_CURVE('',#1669,#1670,#1548,.T.);
#2077=EDGE_CURVE('',#1671,#1670,#185,.T.);
#2078=EDGE_CURVE('',#1672,#1671,#71,.T.);
#2079=EDGE_CURVE('',#1672,#1673,#72,.T.);
#2080=EDGE_CURVE('',#1674,#1673,#73,.T.);
#2081=EDGE_CURVE('',#1675,#1674,#186,.T.);
#2082=EDGE_CURVE('',#1675,#1676,#1549,.T.);
#2083=EDGE_CURVE('',#1628,#1676,#187,.T.);
#2084=EDGE_CURVE('',#1660,#1677,#1550,.T.);
#2085=EDGE_CURVE('',#1677,#1678,#188,.T.);
#2086=EDGE_CURVE('',#1678,#1679,#74,.T.);
#2087=EDGE_CURVE('',#1680,#1679,#1551,.T.);
#2088=EDGE_CURVE('',#1680,#1681,#75,.T.);
#2089=EDGE_CURVE('',#1682,#1681,#189,.T.);
#2090=EDGE_CURVE('',#1683,#1682,#1552,.T.);
#2091=EDGE_CURVE('',#1683,#1684,#190,.T.);
#2092=EDGE_CURVE('',#1684,#1685,#76,.T.);
#2093=EDGE_CURVE('',#1686,#1685,#1553,.T.);
#2094=EDGE_CURVE('',#1686,#1687,#77,.T.);
#2095=EDGE_CURVE('',#1659,#1687,#191,.T.);
#2096=EDGE_CURVE('',#1688,#1685,#192,.T.);
#2097=EDGE_CURVE('',#1688,#1689,#1554,.T.);
#2098=EDGE_CURVE('',#1686,#1689,#193,.T.);
#2099=EDGE_CURVE('',#1690,#1679,#194,.T.);
#2100=EDGE_CURVE('',#1690,#1691,#1555,.T.);
#2101=EDGE_CURVE('',#1680,#1691,#195,.T.);
#2102=EDGE_CURVE('',#1692,#1684,#196,.T.);
#2103=EDGE_CURVE('',#1688,#1692,#78,.T.);
#2104=EDGE_CURVE('',#1693,#1689,#79,.T.);
#2105=EDGE_CURVE('',#1694,#1692,#197,.T.);
#2106=EDGE_CURVE('',#1695,#1694,#1556,.T.);
#2107=EDGE_CURVE('',#1695,#1693,#198,.T.);
#2108=EDGE_CURVE('',#1687,#1693,#199,.T.);
#2109=EDGE_CURVE('',#1696,#1695,#200,.T.);
#2110=EDGE_CURVE('',#1696,#1659,#80,.T.);
#2111=EDGE_CURVE('',#1697,#1698,#1557,.T.);
#2112=EDGE_CURVE('',#1683,#1697,#81,.T.);
#2113=EDGE_CURVE('',#1698,#1682,#82,.T.);
#2114=EDGE_CURVE('',#1699,#1696,#1558,.T.);
#2115=EDGE_CURVE('',#1677,#1699,#83,.T.);
#2116=EDGE_CURVE('',#1694,#1697,#201,.T.);
#2117=EDGE_CURVE('',#1698,#1700,#202,.T.);
#2118=EDGE_CURVE('',#1700,#1701,#1559,.T.);
#2119=EDGE_CURVE('',#1701,#1699,#203,.T.);
#2120=EDGE_CURVE('',#1702,#1703,#204,.T.);
#2121=EDGE_CURVE('',#1704,#1703,#205,.T.);
#2122=EDGE_CURVE('',#1704,#1705,#206,.T.);
#2123=EDGE_CURVE('',#1702,#1705,#207,.T.);
#2124=EDGE_CURVE('',#1701,#1706,#208,.T.);
#2125=EDGE_CURVE('',#1706,#1678,#209,.T.);
#2126=EDGE_CURVE('',#1690,#1706,#84,.T.);
#2127=EDGE_CURVE('',#1700,#1707,#210,.T.);
#2128=EDGE_CURVE('',#1707,#1691,#85,.T.);
#2129=EDGE_CURVE('',#1681,#1707,#211,.T.);
#2130=EDGE_CURVE('',#1708,#1709,#212,.T.);
#2131=EDGE_CURVE('',#1708,#1710,#213,.T.);
#2132=EDGE_CURVE('',#1711,#1710,#214,.T.);
#2133=EDGE_CURVE('',#1703,#1711,#215,.T.);
#2134=EDGE_CURVE('',#1702,#1712,#216,.T.);
#2135=EDGE_CURVE('',#1713,#1712,#217,.T.);
#2136=EDGE_CURVE('',#1709,#1713,#218,.T.);
#2137=EDGE_CURVE('',#1709,#1714,#219,.T.);
#2138=EDGE_CURVE('',#1714,#1715,#220,.T.);
#2139=EDGE_CURVE('',#1708,#1715,#221,.T.);
#2140=EDGE_CURVE('',#1716,#1717,#222,.T.);
#2141=EDGE_CURVE('',#1717,#1718,#223,.T.);
#2142=EDGE_CURVE('',#1719,#1718,#224,.T.);
#2143=EDGE_CURVE('',#1719,#1716,#225,.T.);
#2144=EDGE_CURVE('',#1676,#1720,#226,.T.);
#2145=EDGE_CURVE('',#1720,#1721,#227,.T.);
#2146=EDGE_CURVE('',#1721,#1642,#228,.T.);
#2147=EDGE_CURVE('',#1722,#1661,#229,.T.);
#2148=EDGE_CURVE('',#1723,#1639,#230,.T.);
#2149=EDGE_CURVE('',#1722,#1723,#231,.T.);
#2150=EDGE_CURVE('',#1713,#1642,#232,.T.);
#2151=EDGE_CURVE('',#1714,#1642,#233,.T.);
#2152=EDGE_CURVE('',#1716,#1639,#234,.T.);
#2153=EDGE_CURVE('',#1639,#1724,#235,.T.);
#2154=EDGE_CURVE('',#1717,#1724,#236,.T.);
#2155=EDGE_CURVE('',#1669,#1725,#237,.T.);
#2156=EDGE_CURVE('',#1725,#1726,#238,.T.);
#2157=EDGE_CURVE('',#1726,#1670,#239,.T.);
#2158=EDGE_CURVE('',#1727,#1668,#240,.T.);
#2159=EDGE_CURVE('',#1667,#1728,#241,.T.);
#2160=EDGE_CURVE('',#1727,#1728,#242,.T.);
#2161=EDGE_CURVE('',#1729,#1675,#243,.T.);
#2162=EDGE_CURVE('',#1729,#1720,#244,.T.);
#2163=EDGE_CURVE('',#1730,#1722,#245,.T.);
#2164=EDGE_CURVE('',#1662,#1730,#246,.T.);
#2165=EDGE_CURVE('',#1731,#1641,#247,.T.);
#2166=EDGE_CURVE('',#1725,#1731,#248,.T.);
#2167=EDGE_CURVE('',#1727,#1732,#249,.T.);
#2168=EDGE_CURVE('',#1732,#1640,#250,.T.);
#2169=EDGE_CURVE('',#1640,#1733,#251,.T.);
#2170=EDGE_CURVE('',#1719,#1640,#252,.T.);
#2171=EDGE_CURVE('',#1718,#1733,#253,.T.);
#2172=EDGE_CURVE('',#1710,#1641,#254,.T.);
#2173=EDGE_CURVE('',#1715,#1641,#255,.T.);
#2174=EDGE_CURVE('',#1731,#1734,#256,.T.);
#2175=EDGE_CURVE('',#1726,#1734,#257,.T.);
#2176=EDGE_CURVE('',#1729,#1735,#258,.T.);
#2177=EDGE_CURVE('',#1735,#1721,#259,.T.);
#2178=EDGE_CURVE('',#1666,#1736,#86,.T.);
#2179=EDGE_CURVE('',#1737,#1736,#260,.T.);
#2180=EDGE_CURVE('',#1738,#1737,#261,.T.);
#2181=EDGE_CURVE('',#1739,#1738,#262,.T.);
#2182=EDGE_CURVE('',#1740,#1739,#263,.T.);
#2183=EDGE_CURVE('',#1741,#1740,#264,.T.);
#2184=EDGE_CURVE('',#1742,#1741,#265,.T.);
#2185=EDGE_CURVE('',#1743,#1742,#266,.T.);
#2186=EDGE_CURVE('',#1744,#1743,#267,.T.);
#2187=EDGE_CURVE('',#1744,#1745,#268,.T.);
#2188=EDGE_CURVE('',#1746,#1745,#269,.T.);
#2189=EDGE_CURVE('',#1728,#1746,#270,.T.);
#2190=EDGE_CURVE('',#1734,#1747,#271,.T.);
#2191=EDGE_CURVE('',#1747,#1748,#272,.T.);
#2192=EDGE_CURVE('',#1749,#1748,#273,.T.);
#2193=EDGE_CURVE('',#1750,#1749,#274,.T.);
#2194=EDGE_CURVE('',#1751,#1750,#275,.T.);
#2195=EDGE_CURVE('',#1752,#1751,#276,.T.);
#2196=EDGE_CURVE('',#1753,#1752,#277,.T.);
#2197=EDGE_CURVE('',#1754,#1753,#278,.T.);
#2198=EDGE_CURVE('',#1755,#1754,#279,.T.);
#2199=EDGE_CURVE('',#1756,#1755,#280,.T.);
#2200=EDGE_CURVE('',#1756,#1671,#87,.T.);
#2201=EDGE_CURVE('',#1732,#1746,#281,.T.);
#2202=EDGE_CURVE('',#1757,#1723,#282,.T.);
#2203=EDGE_CURVE('',#1730,#1757,#283,.T.);
#2204=EDGE_CURVE('',#1640,#1745,#284,.T.);
#2205=EDGE_CURVE('',#1758,#1639,#285,.T.);
#2206=EDGE_CURVE('',#1757,#1758,#286,.T.);
#2207=EDGE_CURVE('',#1744,#1759,#287,.T.);
#2208=EDGE_CURVE('',#1758,#1759,#288,.T.);
#2209=EDGE_CURVE('',#1759,#1760,#289,.T.);
#2210=EDGE_CURVE('',#1760,#1761,#290,.T.);
#2211=EDGE_CURVE('',#1761,#1762,#291,.T.);
#2212=EDGE_CURVE('',#1762,#1763,#292,.T.);
#2213=EDGE_CURVE('',#1763,#1764,#293,.T.);
#2214=EDGE_CURVE('',#1764,#1765,#294,.T.);
#2215=EDGE_CURVE('',#1765,#1766,#295,.T.);
#2216=EDGE_CURVE('',#1766,#1767,#296,.T.);
#2217=EDGE_CURVE('',#1767,#1663,#88,.T.);
#2218=EDGE_CURVE('',#1674,#1768,#63,.T.);
#2219=EDGE_CURVE('',#1768,#1769,#297,.T.);
#2220=EDGE_CURVE('',#1769,#1770,#298,.T.);
#2221=EDGE_CURVE('',#1770,#1771,#299,.T.);
#2222=EDGE_CURVE('',#1771,#1772,#300,.T.);
#2223=EDGE_CURVE('',#1772,#1773,#301,.T.);
#2224=EDGE_CURVE('',#1773,#1774,#302,.T.);
#2225=EDGE_CURVE('',#1774,#1775,#303,.T.);
#2226=EDGE_CURVE('',#1775,#1776,#304,.T.);
#2227=EDGE_CURVE('',#1776,#1777,#305,.T.);
#2228=EDGE_CURVE('',#1735,#1777,#306,.T.);
#2229=EDGE_CURVE('',#1778,#1767,#64,.T.);
#2230=EDGE_CURVE('',#1664,#1778,#1560,.T.);
#2231=EDGE_CURVE('',#1779,#1778,#89,.T.);
#2232=EDGE_CURVE('',#1665,#1779,#1561,.T.);
#2233=EDGE_CURVE('',#1736,#1779,#65,.T.);
#2234=EDGE_CURVE('',#1737,#1766,#307,.T.);
#2235=EDGE_CURVE('',#1780,#1781,#1562,.T.);
#2236=EDGE_CURVE('',#1782,#1780,#308,.T.);
#2237=EDGE_CURVE('',#1783,#1782,#66,.T.);
#2238=EDGE_CURVE('',#1783,#1781,#309,.T.);
#2239=EDGE_CURVE('',#1738,#1765,#310,.T.);
#2240=EDGE_CURVE('',#1739,#1764,#311,.T.);
#2241=EDGE_CURVE('',#1740,#1763,#312,.T.);
#2242=EDGE_CURVE('',#1741,#1762,#313,.T.);
#2243=EDGE_CURVE('',#1742,#1761,#314,.T.);
#2244=EDGE_CURVE('',#1743,#1760,#315,.T.);
#2245=EDGE_CURVE('',#1784,#1785,#1563,.T.);
#2246=EDGE_CURVE('',#1784,#1780,#316,.T.);
#2247=EDGE_CURVE('',#1781,#1785,#317,.T.);
#2248=EDGE_CURVE('',#1785,#1784,#1564,.T.);
#2249=EDGE_CURVE('',#1785,#1783,#318,.T.);
#2250=EDGE_CURVE('',#1782,#1784,#319,.T.);
#2251=EDGE_CURVE('',#1786,#1787,#320,.T.);
#2252=EDGE_CURVE('',#1788,#1786,#321,.T.);
#2253=EDGE_CURVE('',#1787,#1788,#322,.T.);
#2254=EDGE_CURVE('',#1789,#1756,#90,.T.);
#2255=EDGE_CURVE('',#1755,#1769,#323,.T.);
#2256=EDGE_CURVE('',#1768,#1790,#91,.T.);
#2257=EDGE_CURVE('',#1790,#1789,#92,.T.);
#2258=EDGE_CURVE('',#1786,#1791,#67,.T.);
#2259=EDGE_CURVE('',#1792,#1787,#1565,.T.);
#2260=EDGE_CURVE('',#1791,#1792,#324,.T.);
#2261=EDGE_CURVE('',#1672,#1789,#1566,.T.);
#2262=EDGE_CURVE('',#1673,#1790,#1567,.T.);
#2263=EDGE_CURVE('',#1754,#1770,#325,.T.);
#2264=EDGE_CURVE('',#1753,#1771,#326,.T.);
#2265=EDGE_CURVE('',#1752,#1772,#327,.T.);
#2266=EDGE_CURVE('',#1751,#1773,#328,.T.);
#2267=EDGE_CURVE('',#1750,#1774,#329,.T.);
#2268=EDGE_CURVE('',#1749,#1775,#330,.T.);
#2269=EDGE_CURVE('',#1748,#1776,#331,.T.);
#2270=EDGE_CURVE('',#1641,#1747,#332,.T.);
#2271=EDGE_CURVE('',#1777,#1642,#333,.T.);
#2272=EDGE_CURVE('',#1791,#1793,#334,.T.);
#2273=EDGE_CURVE('',#1788,#1793,#1568,.T.);
#2274=EDGE_CURVE('',#1793,#1788,#1569,.T.);
#2275=EDGE_CURVE('',#1793,#1792,#335,.T.);
#2276=EDGE_CURVE('',#1733,#1794,#336,.T.);
#2277=EDGE_CURVE('',#1794,#1711,#337,.T.);
#2278=EDGE_CURVE('',#1712,#1795,#338,.T.);
#2279=EDGE_CURVE('',#1795,#1724,#339,.T.);
#2280=EDGE_CURVE('',#1704,#1794,#340,.T.);
#2281=EDGE_CURVE('',#1705,#1795,#341,.T.);
#2282=EDGE_CURVE('',#1796,#1796,#1570,.T.);
#2283=EDGE_CURVE('',#1796,#1797,#342,.T.);
#2284=EDGE_CURVE('',#1797,#1797,#1571,.T.);
#2285=EDGE_CURVE('',#1798,#1798,#1572,.T.);
#2286=EDGE_CURVE('',#1798,#1799,#343,.T.);
#2287=EDGE_CURVE('',#1799,#1799,#1573,.T.);
#2288=EDGE_CURVE('',#1800,#1801,#344,.T.);
#2289=EDGE_CURVE('',#1801,#1802,#345,.T.);
#2290=EDGE_CURVE('',#1803,#1802,#346,.T.);
#2291=EDGE_CURVE('',#1800,#1803,#347,.T.);
#2292=EDGE_CURVE('',#1804,#1805,#348,.T.);
#2293=EDGE_CURVE('',#1805,#1806,#349,.T.);
#2294=EDGE_CURVE('',#1807,#1806,#350,.T.);
#2295=EDGE_CURVE('',#1804,#1807,#351,.T.);
#2296=EDGE_CURVE('',#1808,#1809,#352,.T.);
#2297=EDGE_CURVE('',#1809,#1810,#353,.T.);
#2298=EDGE_CURVE('',#1811,#1810,#354,.T.);
#2299=EDGE_CURVE('',#1808,#1811,#355,.T.);
#2300=EDGE_CURVE('',#1812,#1813,#356,.T.);
#2301=EDGE_CURVE('',#1813,#1809,#357,.T.);
#2302=EDGE_CURVE('',#1812,#1808,#358,.T.);
#2303=EDGE_CURVE('',#1814,#1815,#359,.T.);
#2304=EDGE_CURVE('',#1815,#1813,#360,.T.);
#2305=EDGE_CURVE('',#1814,#1812,#361,.T.);
#2306=EDGE_CURVE('',#1816,#1817,#362,.T.);
#2307=EDGE_CURVE('',#1817,#1818,#363,.T.);
#2308=EDGE_CURVE('',#1819,#1818,#364,.T.);
#2309=EDGE_CURVE('',#1816,#1819,#365,.T.);
#2310=EDGE_CURVE('',#1820,#1821,#1574,.T.);
#2311=EDGE_CURVE('',#1820,#1821,#366,.T.);
#2312=EDGE_CURVE('',#1822,#1815,#367,.T.);
#2313=EDGE_CURVE('',#1810,#1822,#368,.T.);
#2314=EDGE_CURVE('',#1816,#1823,#369,.T.);
#2315=EDGE_CURVE('',#1824,#1819,#370,.T.);
#2316=EDGE_CURVE('',#1824,#1825,#371,.T.);
#2317=EDGE_CURVE('',#1823,#1825,#372,.T.);
#2318=EDGE_CURVE('',#1826,#1820,#373,.T.);
#2319=EDGE_CURVE('',#1826,#1827,#1575,.T.);
#2320=EDGE_CURVE('',#1827,#1821,#374,.T.);
#2321=EDGE_CURVE('',#1828,#1824,#375,.T.);
#2322=EDGE_CURVE('',#1828,#1829,#376,.T.);
#2323=EDGE_CURVE('',#1829,#1825,#377,.T.);
#2324=EDGE_CURVE('',#1830,#1823,#378,.T.);
#2325=EDGE_CURVE('',#1830,#1829,#379,.T.);
#2326=EDGE_CURVE('',#1817,#1830,#380,.T.);
#2327=EDGE_CURVE('',#1827,#1826,#381,.T.);
#2328=EDGE_CURVE('',#1831,#1814,#382,.T.);
#2329=EDGE_CURVE('',#1831,#1811,#383,.T.);
#2330=EDGE_CURVE('',#1818,#1828,#384,.T.);
#2331=EDGE_CURVE('',#1832,#1833,#385,.T.);
#2332=EDGE_CURVE('',#1833,#1834,#386,.T.);
#2333=EDGE_CURVE('',#1835,#1834,#387,.T.);
#2334=EDGE_CURVE('',#1832,#1835,#388,.T.);
#2335=EDGE_CURVE('',#1836,#1837,#389,.T.);
#2336=EDGE_CURVE('',#1837,#1838,#390,.T.);
#2337=EDGE_CURVE('',#1839,#1838,#391,.T.);
#2338=EDGE_CURVE('',#1836,#1839,#392,.T.);
#2339=EDGE_CURVE('',#1840,#1837,#393,.T.);
#2340=EDGE_CURVE('',#1841,#1836,#394,.T.);
#2341=EDGE_CURVE('',#1840,#1841,#395,.T.);
#2342=EDGE_CURVE('',#1842,#1840,#396,.T.);
#2343=EDGE_CURVE('',#1843,#1841,#397,.T.);
#2344=EDGE_CURVE('',#1842,#1843,#398,.T.);
#2345=EDGE_CURVE('',#1844,#1845,#399,.T.);
#2346=EDGE_CURVE('',#1844,#1842,#400,.T.);
#2347=EDGE_CURVE('',#1845,#1843,#401,.T.);
#2348=EDGE_CURVE('',#1846,#1847,#1576,.T.);
#2349=EDGE_CURVE('',#1846,#1848,#402,.T.);
#2350=EDGE_CURVE('',#1848,#1849,#1577,.T.);
#2351=EDGE_CURVE('',#1847,#1849,#403,.T.);
#2352=EDGE_CURVE('',#1849,#1848,#404,.T.);
#2353=EDGE_CURVE('',#1845,#1839,#405,.T.);
#2354=EDGE_CURVE('',#1850,#1835,#406,.T.);
#2355=EDGE_CURVE('',#1851,#1834,#407,.T.);
#2356=EDGE_CURVE('',#1852,#1851,#408,.T.);
#2357=EDGE_CURVE('',#1850,#1852,#409,.T.);
#2358=EDGE_CURVE('',#1853,#1850,#410,.T.);
#2359=EDGE_CURVE('',#1854,#1852,#411,.T.);
#2360=EDGE_CURVE('',#1853,#1854,#412,.T.);
#2361=EDGE_CURVE('',#1853,#1832,#413,.T.);
#2362=EDGE_CURVE('',#1846,#1847,#414,.T.);
#2363=EDGE_CURVE('',#1838,#1844,#415,.T.);
#2364=EDGE_CURVE('',#1855,#1854,#416,.T.);
#2365=EDGE_CURVE('',#1855,#1833,#417,.T.);
#2366=EDGE_CURVE('',#1856,#1857,#418,.T.);
#2367=EDGE_CURVE('',#1857,#1858,#419,.T.);
#2368=EDGE_CURVE('',#1859,#1858,#420,.T.);
#2369=EDGE_CURVE('',#1856,#1859,#421,.T.);
#2370=EDGE_CURVE('',#1857,#1860,#422,.T.);
#2371=EDGE_CURVE('',#1860,#1861,#423,.T.);
#2372=EDGE_CURVE('',#1858,#1861,#424,.T.);
#2373=EDGE_CURVE('',#1860,#1862,#425,.T.);
#2374=EDGE_CURVE('',#1862,#1863,#426,.T.);
#2375=EDGE_CURVE('',#1861,#1863,#427,.T.);
#2376=EDGE_CURVE('',#1864,#1865,#428,.T.);
#2377=EDGE_CURVE('',#1865,#1866,#429,.T.);
#2378=EDGE_CURVE('',#1866,#1867,#430,.T.);
#2379=EDGE_CURVE('',#1867,#1864,#431,.T.);
#2380=EDGE_CURVE('',#1822,#1831,#432,.T.);
#2381=EDGE_CURVE('',#1863,#1859,#433,.T.);
#2382=EDGE_CURVE('',#1851,#1855,#434,.T.);
#2383=EDGE_CURVE('',#1868,#1869,#435,.T.);
#2384=EDGE_CURVE('',#1869,#1864,#436,.T.);
#2385=EDGE_CURVE('',#1868,#1867,#437,.T.);
#2386=EDGE_CURVE('',#1869,#1870,#438,.T.);
#2387=EDGE_CURVE('',#1870,#1865,#439,.T.);
#2388=EDGE_CURVE('',#1870,#1871,#440,.T.);
#2389=EDGE_CURVE('',#1871,#1866,#441,.T.);
#2390=EDGE_CURVE('',#1872,#1873,#442,.T.);
#2391=EDGE_CURVE('',#1874,#1873,#443,.T.);
#2392=EDGE_CURVE('',#1874,#1800,#444,.T.);
#2393=EDGE_CURVE('',#1803,#1806,#445,.T.);
#2394=EDGE_CURVE('',#1805,#1868,#446,.T.);
#2395=EDGE_CURVE('',#1871,#1875,#447,.T.);
#2396=EDGE_CURVE('',#1875,#1872,#448,.T.);
#2397=EDGE_CURVE('',#1875,#1876,#449,.T.);
#2398=EDGE_CURVE('',#1876,#1877,#450,.T.);
#2399=EDGE_CURVE('',#1872,#1877,#451,.T.);
#2400=EDGE_CURVE('',#1802,#1807,#452,.T.);
#2401=EDGE_CURVE('',#1877,#1878,#453,.T.);
#2402=EDGE_CURVE('',#1878,#1873,#454,.T.);
#2403=EDGE_CURVE('',#1876,#1856,#455,.T.);
#2404=EDGE_CURVE('',#1862,#1804,#456,.T.);
#2405=EDGE_CURVE('',#1801,#1879,#457,.T.);
#2406=EDGE_CURVE('',#1879,#1878,#458,.T.);
#2407=EDGE_CURVE('',#1879,#1874,#459,.T.);
#2408=EDGE_CURVE('',#1880,#1881,#460,.T.);
#2409=EDGE_CURVE('',#1881,#1882,#461,.T.);
#2410=EDGE_CURVE('',#1882,#1883,#462,.T.);
#2411=EDGE_CURVE('',#1883,#1880,#463,.T.);
#2412=EDGE_CURVE('',#1884,#1885,#464,.T.);
#2413=EDGE_CURVE('',#1885,#1882,#465,.T.);
#2414=EDGE_CURVE('',#1884,#1881,#466,.T.);
#2415=EDGE_CURVE('',#1885,#1886,#467,.T.);
#2416=EDGE_CURVE('',#1886,#1883,#468,.T.);
#2417=EDGE_CURVE('',#1886,#1887,#469,.T.);
#2418=EDGE_CURVE('',#1887,#1880,#470,.T.);
#2419=EDGE_CURVE('',#1887,#1884,#471,.T.);
#2420=EDGE_CURVE('',#1888,#1889,#472,.T.);
#2421=EDGE_CURVE('',#1889,#1890,#473,.T.);
#2422=EDGE_CURVE('',#1891,#1890,#474,.T.);
#2423=EDGE_CURVE('',#1891,#1888,#475,.T.);
#2424=EDGE_CURVE('',#1892,#1893,#476,.T.);
#2425=EDGE_CURVE('',#1892,#1894,#477,.T.);
#2426=EDGE_CURVE('',#1895,#1894,#478,.T.);
#2427=EDGE_CURVE('',#1895,#1893,#479,.T.);
#2428=EDGE_CURVE('',#1896,#1890,#480,.T.);
#2429=EDGE_CURVE('',#1896,#1897,#481,.T.);
#2430=EDGE_CURVE('',#1897,#1891,#482,.T.);
#2431=EDGE_CURVE('',#1894,#1898,#483,.T.);
#2432=EDGE_CURVE('',#1899,#1898,#484,.T.);
#2433=EDGE_CURVE('',#1895,#1899,#485,.T.);
#2434=EDGE_CURVE('',#1900,#1898,#486,.T.);
#2435=EDGE_CURVE('',#1901,#1900,#487,.T.);
#2436=EDGE_CURVE('',#1899,#1901,#488,.T.);
#2437=EDGE_CURVE('',#1902,#1892,#489,.T.);
#2438=EDGE_CURVE('',#1903,#1902,#1578,.T.);
#2439=EDGE_CURVE('',#1888,#1903,#490,.T.);
#2440=EDGE_CURVE('',#1897,#1904,#491,.T.);
#2441=EDGE_CURVE('',#1900,#1904,#492,.T.);
#2442=EDGE_CURVE('',#1905,#1905,#1579,.T.);
#2443=EDGE_CURVE('',#1905,#1906,#493,.T.);
#2444=EDGE_CURVE('',#1906,#1906,#1580,.T.);
#2445=EDGE_CURVE('',#1901,#1907,#494,.T.);
#2446=EDGE_CURVE('',#1907,#1896,#495,.T.);
#2447=EDGE_CURVE('',#1889,#1908,#496,.T.);
#2448=EDGE_CURVE('',#1908,#1909,#1581,.T.);
#2449=EDGE_CURVE('',#1909,#1893,#497,.T.);
#2450=EDGE_CURVE('',#1902,#1909,#498,.T.);
#2451=EDGE_CURVE('',#1903,#1908,#499,.T.);
#2452=EDGE_CURVE('',#1907,#1904,#500,.T.);
#2453=EDGE_CURVE('',#1910,#1911,#501,.T.);
#2454=EDGE_CURVE('',#1912,#1910,#502,.T.);
#2455=EDGE_CURVE('',#1913,#1912,#503,.T.);
#2456=EDGE_CURVE('',#1911,#1913,#504,.T.);
#2457=EDGE_CURVE('',#1914,#1915,#505,.T.);
#2458=EDGE_CURVE('',#1916,#1915,#506,.T.);
#2459=EDGE_CURVE('',#1917,#1916,#507,.T.);
#2460=EDGE_CURVE('',#1914,#1917,#508,.T.);
#2461=EDGE_CURVE('',#1916,#1918,#509,.T.);
#2462=EDGE_CURVE('',#1919,#1918,#510,.T.);
#2463=EDGE_CURVE('',#1917,#1919,#511,.T.);
#2464=EDGE_CURVE('',#1920,#1918,#512,.T.);
#2465=EDGE_CURVE('',#1921,#1920,#513,.T.);
#2466=EDGE_CURVE('',#1919,#1921,#514,.T.);
#2467=EDGE_CURVE('',#1922,#1915,#515,.T.);
#2468=EDGE_CURVE('',#1923,#1922,#1582,.T.);
#2469=EDGE_CURVE('',#1910,#1923,#516,.T.);
#2470=EDGE_CURVE('',#1924,#1911,#517,.T.);
#2471=EDGE_CURVE('',#1924,#1925,#518,.T.);
#2472=EDGE_CURVE('',#1920,#1925,#519,.T.);
#2473=EDGE_CURVE('',#1926,#1926,#1583,.T.);
#2474=EDGE_CURVE('',#1926,#1927,#520,.T.);
#2475=EDGE_CURVE('',#1927,#1927,#1584,.T.);
#2476=EDGE_CURVE('',#1921,#1928,#521,.T.);
#2477=EDGE_CURVE('',#1928,#1929,#522,.T.);
#2478=EDGE_CURVE('',#1929,#1913,#523,.T.);
#2479=EDGE_CURVE('',#1912,#1930,#524,.T.);
#2480=EDGE_CURVE('',#1930,#1931,#1585,.T.);
#2481=EDGE_CURVE('',#1931,#1914,#525,.T.);
#2482=EDGE_CURVE('',#1931,#1922,#526,.T.);
#2483=EDGE_CURVE('',#1930,#1923,#527,.T.);
#2484=EDGE_CURVE('',#1929,#1924,#528,.T.);
#2485=EDGE_CURVE('',#1928,#1925,#529,.T.);
#2486=EDGE_CURVE('',#1932,#1933,#1586,.T.);
#2487=EDGE_CURVE('',#1932,#1934,#530,.T.);
#2488=EDGE_CURVE('',#1935,#1934,#1587,.T.);
#2489=EDGE_CURVE('',#1936,#1935,#531,.T.);
#2490=EDGE_CURVE('',#1937,#1936,#1588,.T.);
#2491=EDGE_CURVE('',#1937,#1938,#532,.T.);
#2492=EDGE_CURVE('',#1939,#1938,#1589,.T.);
#2493=EDGE_CURVE('',#1940,#1939,#533,.T.);
#2494=EDGE_CURVE('',#1941,#1940,#1590,.T.);
#2495=EDGE_CURVE('',#1941,#1942,#534,.T.);
#2496=EDGE_CURVE('',#1943,#1942,#1591,.T.);
#2497=EDGE_CURVE('',#1944,#1943,#535,.T.);
#2498=EDGE_CURVE('',#1945,#1944,#1592,.T.);
#2499=EDGE_CURVE('',#1945,#1946,#536,.T.);
#2500=EDGE_CURVE('',#1947,#1946,#1593,.T.);
#2501=EDGE_CURVE('',#1946,#1947,#1594,.T.);
#2502=EDGE_CURVE('',#1948,#1945,#1595,.T.);
#2503=EDGE_CURVE('',#1948,#1949,#537,.T.);
#2504=EDGE_CURVE('',#1949,#1950,#1596,.T.);
#2505=EDGE_CURVE('',#1951,#1950,#538,.T.);
#2506=EDGE_CURVE('',#1952,#1951,#1597,.T.);
#2507=EDGE_CURVE('',#1952,#1953,#539,.T.);
#2508=EDGE_CURVE('',#1954,#1953,#1598,.T.);
#2509=EDGE_CURVE('',#1955,#1954,#540,.T.);
#2510=EDGE_CURVE('',#1956,#1955,#1599,.T.);
#2511=EDGE_CURVE('',#1956,#1957,#541,.T.);
#2512=EDGE_CURVE('',#1957,#1958,#1600,.T.);
#2513=EDGE_CURVE('',#1933,#1958,#542,.T.);
#2514=EDGE_CURVE('',#1959,#1933,#543,.T.);
#2515=EDGE_CURVE('',#1960,#1959,#1601,.T.);
#2516=EDGE_CURVE('',#1960,#1932,#544,.T.);
#2517=EDGE_CURVE('',#1958,#1961,#545,.T.);
#2518=EDGE_CURVE('',#1959,#1961,#546,.T.);
#2519=EDGE_CURVE('',#1962,#1962,#1602,.T.);
#2520=EDGE_CURVE('',#1962,#1963,#547,.T.);
#2521=EDGE_CURVE('',#1963,#1964,#1603,.T.);
#2522=EDGE_CURVE('',#1964,#1965,#548,.T.);
#2523=EDGE_CURVE('',#1965,#1966,#1604,.T.);
#2524=EDGE_CURVE('',#1967,#1966,#549,.T.);
#2525=EDGE_CURVE('',#1967,#1968,#1605,.T.);
#2526=EDGE_CURVE('',#1968,#1969,#550,.T.);
#2527=EDGE_CURVE('',#1969,#1970,#1606,.T.);
#2528=EDGE_CURVE('',#1971,#1970,#551,.T.);
#2529=EDGE_CURVE('',#1971,#1972,#1607,.T.);
#2530=EDGE_CURVE('',#1972,#1973,#552,.T.);
#2531=EDGE_CURVE('',#1973,#1974,#1608,.T.);
#2532=EDGE_CURVE('',#1960,#1974,#553,.T.);
#2533=EDGE_CURVE('',#1975,#1961,#1609,.T.);
#2534=EDGE_CURVE('',#1976,#1975,#554,.T.);
#2535=EDGE_CURVE('',#1976,#1977,#1610,.T.);
#2536=EDGE_CURVE('',#1977,#1978,#555,.T.);
#2537=EDGE_CURVE('',#1979,#1978,#1611,.T.);
#2538=EDGE_CURVE('',#1980,#1979,#556,.T.);
#2539=EDGE_CURVE('',#1980,#1981,#1612,.T.);
#2540=EDGE_CURVE('',#1981,#1982,#557,.T.);
#2541=EDGE_CURVE('',#1983,#1982,#1613,.T.);
#2542=EDGE_CURVE('',#1984,#1983,#558,.T.);
#2543=EDGE_CURVE('',#1984,#1963,#1614,.T.);
#2544=EDGE_CURVE('',#1934,#1974,#559,.T.);
#2545=EDGE_CURVE('',#1949,#1983,#560,.T.);
#2546=EDGE_CURVE('',#1982,#1950,#561,.T.);
#2547=EDGE_CURVE('',#1943,#1965,#562,.T.);
#2548=EDGE_CURVE('',#1942,#1966,#563,.T.);
#2549=EDGE_CURVE('',#1975,#1957,#564,.T.);
#2550=EDGE_CURVE('',#1935,#1973,#565,.T.);
#2551=EDGE_CURVE('',#1985,#1986,#566,.T.);
#2552=EDGE_CURVE('',#1986,#1970,#567,.T.);
#2553=EDGE_CURVE('',#1969,#1985,#568,.T.);
#2554=EDGE_CURVE('',#1987,#1988,#569,.T.);
#2555=EDGE_CURVE('',#1988,#1979,#570,.T.);
#2556=EDGE_CURVE('',#1978,#1987,#571,.T.);
#2557=EDGE_CURVE('',#1984,#1948,#572,.T.);
#2558=EDGE_CURVE('',#1964,#1944,#573,.T.);
#2559=EDGE_CURVE('',#1972,#1936,#574,.T.);
#2560=EDGE_CURVE('',#1956,#1976,#575,.T.);
#2561=EDGE_CURVE('',#1971,#1937,#576,.T.);
#2562=EDGE_CURVE('',#1955,#1977,#577,.T.);
#2563=EDGE_CURVE('',#1986,#1989,#578,.T.);
#2564=EDGE_CURVE('',#1989,#1990,#579,.T.);
#2565=EDGE_CURVE('',#1990,#1938,#580,.T.);
#2566=EDGE_CURVE('',#1991,#1987,#581,.T.);
#2567=EDGE_CURVE('',#1954,#1992,#582,.T.);
#2568=EDGE_CURVE('',#1991,#1992,#583,.T.);
#2569=EDGE_CURVE('',#1993,#1985,#584,.T.);
#2570=EDGE_CURVE('',#1993,#1989,#585,.T.);
#2571=EDGE_CURVE('',#1993,#1994,#586,.T.);
#2572=EDGE_CURVE('',#1994,#1990,#587,.T.);
#2573=EDGE_CURVE('',#1939,#1994,#588,.T.);
#2574=EDGE_CURVE('',#1995,#1953,#589,.T.);
#2575=EDGE_CURVE('',#1992,#1995,#590,.T.);
#2576=EDGE_CURVE('',#1968,#1940,#591,.T.);
#2577=EDGE_CURVE('',#1988,#1996,#592,.T.);
#2578=EDGE_CURVE('',#1996,#1995,#593,.T.);
#2579=EDGE_CURVE('',#1952,#1980,#594,.T.);
#2580=EDGE_CURVE('',#1967,#1941,#595,.T.);
#2581=EDGE_CURVE('',#1951,#1981,#596,.T.);
#2582=EDGE_CURVE('',#1991,#1996,#597,.T.);
#2583=EDGE_CURVE('',#1947,#1997,#1615,.T.);
#2584=EDGE_CURVE('',#1998,#1997,#1616,.T.);
#2585=EDGE_CURVE('',#1999,#1998,#1617,.T.);
#2586=EDGE_CURVE('',#1997,#1999,#1618,.T.);
#2587=EDGE_CURVE('',#1999,#2000,#93,.T.);
#2588=EDGE_CURVE('',#1998,#2000,#94,.T.);
#2589=EDGE_CURVE('',#2001,#2001,#1619,.T.);
#2590=EDGE_CURVE('',#2002,#2002,#1620,.T.);
#2591=EDGE_CURVE('',#2002,#2001,#598,.T.);
#2592=EDGE_CURVE('',#2003,#2004,#599,.T.);
#2593=EDGE_CURVE('',#2003,#2004,#95,.T.);
#2594=EDGE_CURVE('',#2004,#2003,#96,.T.);
#2595=EDGE_CURVE('',#2003,#2005,#97,.T.);
#2596=EDGE_CURVE('',#2006,#2005,#98,.T.);
#2597=EDGE_CURVE('',#2004,#2006,#99,.T.);
#2598=EDGE_CURVE('',#2005,#2006,#100,.T.);
#2599=EDGE_CURVE('',#2007,#2008,#600,.T.);
#2600=EDGE_CURVE('',#2009,#2007,#101,.T.);
#2601=EDGE_CURVE('',#2010,#2009,#601,.T.);
#2602=EDGE_CURVE('',#2008,#2010,#602,.T.);
#2603=ORIENTED_EDGE('',*,*,#2011,.T.);
#2604=ORIENTED_EDGE('',*,*,#2012,.T.);
#2605=ORIENTED_EDGE('',*,*,#2013,.F.);
#2606=ORIENTED_EDGE('',*,*,#2014,.F.);
#2607=ORIENTED_EDGE('',*,*,#2015,.T.);
#2608=ORIENTED_EDGE('',*,*,#2016,.T.);
#2609=ORIENTED_EDGE('',*,*,#2017,.T.);
#2610=ORIENTED_EDGE('',*,*,#2018,.T.);
#2611=ORIENTED_EDGE('',*,*,#2019,.F.);
#2612=ORIENTED_EDGE('',*,*,#2020,.F.);
#2613=ORIENTED_EDGE('',*,*,#2011,.F.);
#2614=ORIENTED_EDGE('',*,*,#2021,.T.);
#2615=ORIENTED_EDGE('',*,*,#2022,.T.);
#2616=ORIENTED_EDGE('',*,*,#2021,.F.);
#2617=ORIENTED_EDGE('',*,*,#2022,.F.);
#2618=ORIENTED_EDGE('',*,*,#2023,.T.);
#2619=ORIENTED_EDGE('',*,*,#2024,.T.);
#2620=ORIENTED_EDGE('',*,*,#2023,.F.);
#2621=ORIENTED_EDGE('',*,*,#2024,.F.);
#2622=ORIENTED_EDGE('',*,*,#2025,.T.);
#2623=ORIENTED_EDGE('',*,*,#2025,.F.);
#2624=ORIENTED_EDGE('',*,*,#2026,.T.);
#2625=ORIENTED_EDGE('',*,*,#2027,.T.);
#2626=ORIENTED_EDGE('',*,*,#2028,.T.);
#2627=ORIENTED_EDGE('',*,*,#2029,.F.);
#2628=ORIENTED_EDGE('',*,*,#2030,.T.);
#2629=ORIENTED_EDGE('',*,*,#2031,.T.);
#2630=ORIENTED_EDGE('',*,*,#2032,.F.);
#2631=ORIENTED_EDGE('',*,*,#2014,.T.);
#2632=ORIENTED_EDGE('',*,*,#2033,.T.);
#2633=ORIENTED_EDGE('',*,*,#2034,.F.);
#2634=ORIENTED_EDGE('',*,*,#2035,.F.);
#2635=ORIENTED_EDGE('',*,*,#2019,.T.);
#2636=ORIENTED_EDGE('',*,*,#2036,.T.);
#2637=ORIENTED_EDGE('',*,*,#2037,.T.);
#2638=ORIENTED_EDGE('',*,*,#2030,.F.);
#2639=ORIENTED_EDGE('',*,*,#2038,.F.);
#2640=ORIENTED_EDGE('',*,*,#2039,.F.);
#2641=ORIENTED_EDGE('',*,*,#2040,.T.);
#2642=ORIENTED_EDGE('',*,*,#2026,.F.);
#2643=ORIENTED_EDGE('',*,*,#2041,.T.);
#2644=ORIENTED_EDGE('',*,*,#2042,.T.);
#2645=ORIENTED_EDGE('',*,*,#2043,.F.);
#2646=ORIENTED_EDGE('',*,*,#2044,.F.);
#2647=ORIENTED_EDGE('',*,*,#2040,.F.);
#2648=ORIENTED_EDGE('',*,*,#2045,.T.);
#2649=ORIENTED_EDGE('',*,*,#2046,.T.);
#2650=ORIENTED_EDGE('',*,*,#2047,.T.);
#2651=ORIENTED_EDGE('',*,*,#2048,.F.);
#2652=ORIENTED_EDGE('',*,*,#2027,.F.);
#2653=ORIENTED_EDGE('',*,*,#2041,.F.);
#2654=ORIENTED_EDGE('',*,*,#2049,.F.);
#2655=ORIENTED_EDGE('',*,*,#2050,.T.);
#2656=ORIENTED_EDGE('',*,*,#2051,.T.);
#2657=ORIENTED_EDGE('',*,*,#2028,.F.);
#2658=ORIENTED_EDGE('',*,*,#2048,.T.);
#2659=ORIENTED_EDGE('',*,*,#2052,.T.);
#2660=ORIENTED_EDGE('',*,*,#2053,.F.);
#2661=ORIENTED_EDGE('',*,*,#2044,.T.);
#2662=ORIENTED_EDGE('',*,*,#2054,.F.);
#2663=ORIENTED_EDGE('',*,*,#2055,.F.);
#2664=ORIENTED_EDGE('',*,*,#2049,.T.);
#2665=ORIENTED_EDGE('',*,*,#2038,.T.);
#2666=ORIENTED_EDGE('',*,*,#2029,.T.);
#2667=ORIENTED_EDGE('',*,*,#2053,.T.);
#2668=ORIENTED_EDGE('',*,*,#2056,.F.);
#2669=ORIENTED_EDGE('',*,*,#2057,.F.);
#2670=ORIENTED_EDGE('',*,*,#2058,.F.);
#2671=ORIENTED_EDGE('',*,*,#2043,.T.);
#2672=ORIENTED_EDGE('',*,*,#2059,.F.);
#2673=ORIENTED_EDGE('',*,*,#2060,.F.);
#2674=ORIENTED_EDGE('',*,*,#2054,.T.);
#2675=ORIENTED_EDGE('',*,*,#2042,.F.);
#2676=ORIENTED_EDGE('',*,*,#2051,.F.);
#2677=ORIENTED_EDGE('',*,*,#2061,.T.);
#2678=ORIENTED_EDGE('',*,*,#2059,.T.);
#2679=ORIENTED_EDGE('',*,*,#2039,.T.);
#2680=ORIENTED_EDGE('',*,*,#2058,.T.);
#2681=ORIENTED_EDGE('',*,*,#2062,.F.);
#2682=ORIENTED_EDGE('',*,*,#2045,.F.);
#2683=ORIENTED_EDGE('',*,*,#2063,.T.);
#2684=ORIENTED_EDGE('',*,*,#2064,.T.);
#2685=ORIENTED_EDGE('',*,*,#2056,.T.);
#2686=ORIENTED_EDGE('',*,*,#2052,.F.);
#2687=ORIENTED_EDGE('',*,*,#2047,.F.);
#2688=ORIENTED_EDGE('',*,*,#2065,.T.);
#2689=ORIENTED_EDGE('',*,*,#2016,.F.);
#2690=ORIENTED_EDGE('',*,*,#2066,.T.);
#2691=ORIENTED_EDGE('',*,*,#2067,.T.);
#2692=ORIENTED_EDGE('',*,*,#2068,.F.);
#2693=ORIENTED_EDGE('',*,*,#2069,.F.);
#2694=ORIENTED_EDGE('',*,*,#2070,.T.);
#2695=ORIENTED_EDGE('',*,*,#2071,.F.);
#2696=ORIENTED_EDGE('',*,*,#2072,.F.);
#2697=ORIENTED_EDGE('',*,*,#2073,.T.);
#2698=ORIENTED_EDGE('',*,*,#2074,.F.);
#2699=ORIENTED_EDGE('',*,*,#2012,.F.);
#2700=ORIENTED_EDGE('',*,*,#2075,.T.);
#2701=ORIENTED_EDGE('',*,*,#2076,.T.);
#2702=ORIENTED_EDGE('',*,*,#2077,.F.);
#2703=ORIENTED_EDGE('',*,*,#2078,.F.);
#2704=ORIENTED_EDGE('',*,*,#2079,.T.);
#2705=ORIENTED_EDGE('',*,*,#2080,.F.);
#2706=ORIENTED_EDGE('',*,*,#2081,.F.);
#2707=ORIENTED_EDGE('',*,*,#2082,.T.);
#2708=ORIENTED_EDGE('',*,*,#2083,.F.);
#2709=ORIENTED_EDGE('',*,*,#2017,.F.);
#2710=ORIENTED_EDGE('',*,*,#2065,.F.);
#2711=ORIENTED_EDGE('',*,*,#2046,.F.);
#2712=ORIENTED_EDGE('',*,*,#2062,.T.);
#2713=ORIENTED_EDGE('',*,*,#2057,.T.);
#2714=ORIENTED_EDGE('',*,*,#2064,.F.);
#2715=ORIENTED_EDGE('',*,*,#2084,.T.);
#2716=ORIENTED_EDGE('',*,*,#2085,.T.);
#2717=ORIENTED_EDGE('',*,*,#2086,.T.);
#2718=ORIENTED_EDGE('',*,*,#2087,.F.);
#2719=ORIENTED_EDGE('',*,*,#2088,.T.);
#2720=ORIENTED_EDGE('',*,*,#2089,.F.);
#2721=ORIENTED_EDGE('',*,*,#2090,.F.);
#2722=ORIENTED_EDGE('',*,*,#2091,.T.);
#2723=ORIENTED_EDGE('',*,*,#2092,.T.);
#2724=ORIENTED_EDGE('',*,*,#2093,.F.);
#2725=ORIENTED_EDGE('',*,*,#2094,.T.);
#2726=ORIENTED_EDGE('',*,*,#2095,.F.);
#2727=ORIENTED_EDGE('',*,*,#2050,.F.);
#2728=ORIENTED_EDGE('',*,*,#2055,.T.);
#2729=ORIENTED_EDGE('',*,*,#2060,.T.);
#2730=ORIENTED_EDGE('',*,*,#2061,.F.);
#2731=ORIENTED_EDGE('',*,*,#2093,.T.);
#2732=ORIENTED_EDGE('',*,*,#2096,.F.);
#2733=ORIENTED_EDGE('',*,*,#2097,.T.);
#2734=ORIENTED_EDGE('',*,*,#2098,.F.);
#2735=ORIENTED_EDGE('',*,*,#2087,.T.);
#2736=ORIENTED_EDGE('',*,*,#2099,.F.);
#2737=ORIENTED_EDGE('',*,*,#2100,.T.);
#2738=ORIENTED_EDGE('',*,*,#2101,.F.);
#2739=ORIENTED_EDGE('',*,*,#2092,.F.);
#2740=ORIENTED_EDGE('',*,*,#2102,.F.);
#2741=ORIENTED_EDGE('',*,*,#2103,.F.);
#2742=ORIENTED_EDGE('',*,*,#2096,.T.);
#2743=ORIENTED_EDGE('',*,*,#2104,.T.);
#2744=ORIENTED_EDGE('',*,*,#2097,.F.);
#2745=ORIENTED_EDGE('',*,*,#2103,.T.);
#2746=ORIENTED_EDGE('',*,*,#2105,.F.);
#2747=ORIENTED_EDGE('',*,*,#2106,.F.);
#2748=ORIENTED_EDGE('',*,*,#2107,.T.);
#2749=ORIENTED_EDGE('',*,*,#2104,.F.);
#2750=ORIENTED_EDGE('',*,*,#2108,.F.);
#2751=ORIENTED_EDGE('',*,*,#2094,.F.);
#2752=ORIENTED_EDGE('',*,*,#2098,.T.);
#2753=ORIENTED_EDGE('',*,*,#2095,.T.);
#2754=ORIENTED_EDGE('',*,*,#2108,.T.);
#2755=ORIENTED_EDGE('',*,*,#2107,.F.);
#2756=ORIENTED_EDGE('',*,*,#2109,.F.);
#2757=ORIENTED_EDGE('',*,*,#2110,.T.);
#2758=ORIENTED_EDGE('',*,*,#2111,.F.);
#2759=ORIENTED_EDGE('',*,*,#2112,.F.);
#2760=ORIENTED_EDGE('',*,*,#2090,.T.);
#2761=ORIENTED_EDGE('',*,*,#2113,.F.);
#2762=ORIENTED_EDGE('',*,*,#2063,.F.);
#2763=ORIENTED_EDGE('',*,*,#2110,.F.);
#2764=ORIENTED_EDGE('',*,*,#2114,.F.);
#2765=ORIENTED_EDGE('',*,*,#2115,.F.);
#2766=ORIENTED_EDGE('',*,*,#2084,.F.);
#2767=ORIENTED_EDGE('',*,*,#2116,.T.);
#2768=ORIENTED_EDGE('',*,*,#2111,.T.);
#2769=ORIENTED_EDGE('',*,*,#2117,.T.);
#2770=ORIENTED_EDGE('',*,*,#2118,.T.);
#2771=ORIENTED_EDGE('',*,*,#2119,.T.);
#2772=ORIENTED_EDGE('',*,*,#2114,.T.);
#2773=ORIENTED_EDGE('',*,*,#2109,.T.);
#2774=ORIENTED_EDGE('',*,*,#2106,.T.);
#2775=ORIENTED_EDGE('',*,*,#2120,.T.);
#2776=ORIENTED_EDGE('',*,*,#2121,.F.);
#2777=ORIENTED_EDGE('',*,*,#2122,.T.);
#2778=ORIENTED_EDGE('',*,*,#2123,.F.);
#2779=ORIENTED_EDGE('',*,*,#2091,.F.);
#2780=ORIENTED_EDGE('',*,*,#2112,.T.);
#2781=ORIENTED_EDGE('',*,*,#2116,.F.);
#2782=ORIENTED_EDGE('',*,*,#2105,.T.);
#2783=ORIENTED_EDGE('',*,*,#2102,.T.);
#2784=ORIENTED_EDGE('',*,*,#2085,.F.);
#2785=ORIENTED_EDGE('',*,*,#2115,.T.);
#2786=ORIENTED_EDGE('',*,*,#2119,.F.);
#2787=ORIENTED_EDGE('',*,*,#2124,.T.);
#2788=ORIENTED_EDGE('',*,*,#2125,.T.);
#2789=ORIENTED_EDGE('',*,*,#2086,.F.);
#2790=ORIENTED_EDGE('',*,*,#2125,.F.);
#2791=ORIENTED_EDGE('',*,*,#2126,.F.);
#2792=ORIENTED_EDGE('',*,*,#2099,.T.);
#2793=ORIENTED_EDGE('',*,*,#2126,.T.);
#2794=ORIENTED_EDGE('',*,*,#2124,.F.);
#2795=ORIENTED_EDGE('',*,*,#2118,.F.);
#2796=ORIENTED_EDGE('',*,*,#2127,.T.);
#2797=ORIENTED_EDGE('',*,*,#2128,.T.);
#2798=ORIENTED_EDGE('',*,*,#2100,.F.);
#2799=ORIENTED_EDGE('',*,*,#2128,.F.);
#2800=ORIENTED_EDGE('',*,*,#2129,.F.);
#2801=ORIENTED_EDGE('',*,*,#2088,.F.);
#2802=ORIENTED_EDGE('',*,*,#2101,.T.);
#2803=ORIENTED_EDGE('',*,*,#2089,.T.);
#2804=ORIENTED_EDGE('',*,*,#2129,.T.);
#2805=ORIENTED_EDGE('',*,*,#2127,.F.);
#2806=ORIENTED_EDGE('',*,*,#2117,.F.);
#2807=ORIENTED_EDGE('',*,*,#2113,.T.);
#2808=ORIENTED_EDGE('',*,*,#2130,.F.);
#2809=ORIENTED_EDGE('',*,*,#2131,.T.);
#2810=ORIENTED_EDGE('',*,*,#2132,.F.);
#2811=ORIENTED_EDGE('',*,*,#2133,.F.);
#2812=ORIENTED_EDGE('',*,*,#2120,.F.);
#2813=ORIENTED_EDGE('',*,*,#2134,.T.);
#2814=ORIENTED_EDGE('',*,*,#2135,.F.);
#2815=ORIENTED_EDGE('',*,*,#2136,.F.);
#2816=ORIENTED_EDGE('',*,*,#2137,.T.);
#2817=ORIENTED_EDGE('',*,*,#2138,.T.);
#2818=ORIENTED_EDGE('',*,*,#2139,.F.);
#2819=ORIENTED_EDGE('',*,*,#2130,.T.);
#2820=ORIENTED_EDGE('',*,*,#2140,.T.);
#2821=ORIENTED_EDGE('',*,*,#2141,.T.);
#2822=ORIENTED_EDGE('',*,*,#2142,.F.);
#2823=ORIENTED_EDGE('',*,*,#2143,.T.);
#2824=ORIENTED_EDGE('',*,*,#2144,.T.);
#2825=ORIENTED_EDGE('',*,*,#2145,.T.);
#2826=ORIENTED_EDGE('',*,*,#2146,.T.);
#2827=ORIENTED_EDGE('',*,*,#2036,.F.);
#2828=ORIENTED_EDGE('',*,*,#2018,.F.);
#2829=ORIENTED_EDGE('',*,*,#2083,.T.);
#2830=ORIENTED_EDGE('',*,*,#2147,.T.);
#2831=ORIENTED_EDGE('',*,*,#2066,.F.);
#2832=ORIENTED_EDGE('',*,*,#2015,.F.);
#2833=ORIENTED_EDGE('',*,*,#2032,.T.);
#2834=ORIENTED_EDGE('',*,*,#2148,.F.);
#2835=ORIENTED_EDGE('',*,*,#2149,.F.);
#2836=ORIENTED_EDGE('',*,*,#2137,.F.);
#2837=ORIENTED_EDGE('',*,*,#2136,.T.);
#2838=ORIENTED_EDGE('',*,*,#2150,.T.);
#2839=ORIENTED_EDGE('',*,*,#2151,.F.);
#2840=ORIENTED_EDGE('',*,*,#2140,.F.);
#2841=ORIENTED_EDGE('',*,*,#2152,.T.);
#2842=ORIENTED_EDGE('',*,*,#2153,.T.);
#2843=ORIENTED_EDGE('',*,*,#2154,.F.);
#2844=ORIENTED_EDGE('',*,*,#2155,.T.);
#2845=ORIENTED_EDGE('',*,*,#2156,.T.);
#2846=ORIENTED_EDGE('',*,*,#2157,.T.);
#2847=ORIENTED_EDGE('',*,*,#2076,.F.);
#2848=ORIENTED_EDGE('',*,*,#2158,.T.);
#2849=ORIENTED_EDGE('',*,*,#2073,.F.);
#2850=ORIENTED_EDGE('',*,*,#2159,.T.);
#2851=ORIENTED_EDGE('',*,*,#2160,.F.);
#2852=ORIENTED_EDGE('',*,*,#2144,.F.);
#2853=ORIENTED_EDGE('',*,*,#2082,.F.);
#2854=ORIENTED_EDGE('',*,*,#2161,.F.);
#2855=ORIENTED_EDGE('',*,*,#2162,.T.);
#2856=ORIENTED_EDGE('',*,*,#2147,.F.);
#2857=ORIENTED_EDGE('',*,*,#2163,.F.);
#2858=ORIENTED_EDGE('',*,*,#2164,.F.);
#2859=ORIENTED_EDGE('',*,*,#2067,.F.);
#2860=ORIENTED_EDGE('',*,*,#2155,.F.);
#2861=ORIENTED_EDGE('',*,*,#2075,.F.);
#2862=ORIENTED_EDGE('',*,*,#2020,.T.);
#2863=ORIENTED_EDGE('',*,*,#2035,.T.);
#2864=ORIENTED_EDGE('',*,*,#2165,.F.);
#2865=ORIENTED_EDGE('',*,*,#2166,.F.);
#2866=ORIENTED_EDGE('',*,*,#2158,.F.);
#2867=ORIENTED_EDGE('',*,*,#2167,.T.);
#2868=ORIENTED_EDGE('',*,*,#2168,.T.);
#2869=ORIENTED_EDGE('',*,*,#2033,.F.);
#2870=ORIENTED_EDGE('',*,*,#2013,.T.);
#2871=ORIENTED_EDGE('',*,*,#2074,.T.);
#2872=ORIENTED_EDGE('',*,*,#2169,.F.);
#2873=ORIENTED_EDGE('',*,*,#2170,.F.);
#2874=ORIENTED_EDGE('',*,*,#2142,.T.);
#2875=ORIENTED_EDGE('',*,*,#2171,.T.);
#2876=ORIENTED_EDGE('',*,*,#2172,.F.);
#2877=ORIENTED_EDGE('',*,*,#2131,.F.);
#2878=ORIENTED_EDGE('',*,*,#2139,.T.);
#2879=ORIENTED_EDGE('',*,*,#2173,.T.);
#2880=ORIENTED_EDGE('',*,*,#2156,.F.);
#2881=ORIENTED_EDGE('',*,*,#2166,.T.);
#2882=ORIENTED_EDGE('',*,*,#2174,.T.);
#2883=ORIENTED_EDGE('',*,*,#2175,.F.);
#2884=ORIENTED_EDGE('',*,*,#2162,.F.);
#2885=ORIENTED_EDGE('',*,*,#2176,.T.);
#2886=ORIENTED_EDGE('',*,*,#2177,.T.);
#2887=ORIENTED_EDGE('',*,*,#2145,.F.);
#2888=ORIENTED_EDGE('',*,*,#2159,.F.);
#2889=ORIENTED_EDGE('',*,*,#2072,.T.);
#2890=ORIENTED_EDGE('',*,*,#2178,.T.);
#2891=ORIENTED_EDGE('',*,*,#2179,.F.);
#2892=ORIENTED_EDGE('',*,*,#2180,.F.);
#2893=ORIENTED_EDGE('',*,*,#2181,.F.);
#2894=ORIENTED_EDGE('',*,*,#2182,.F.);
#2895=ORIENTED_EDGE('',*,*,#2183,.F.);
#2896=ORIENTED_EDGE('',*,*,#2184,.F.);
#2897=ORIENTED_EDGE('',*,*,#2185,.F.);
#2898=ORIENTED_EDGE('',*,*,#2186,.F.);
#2899=ORIENTED_EDGE('',*,*,#2187,.T.);
#2900=ORIENTED_EDGE('',*,*,#2188,.F.);
#2901=ORIENTED_EDGE('',*,*,#2189,.F.);
#2902=ORIENTED_EDGE('',*,*,#2157,.F.);
#2903=ORIENTED_EDGE('',*,*,#2175,.T.);
#2904=ORIENTED_EDGE('',*,*,#2190,.T.);
#2905=ORIENTED_EDGE('',*,*,#2191,.T.);
#2906=ORIENTED_EDGE('',*,*,#2192,.F.);
#2907=ORIENTED_EDGE('',*,*,#2193,.F.);
#2908=ORIENTED_EDGE('',*,*,#2194,.F.);
#2909=ORIENTED_EDGE('',*,*,#2195,.F.);
#2910=ORIENTED_EDGE('',*,*,#2196,.F.);
#2911=ORIENTED_EDGE('',*,*,#2197,.F.);
#2912=ORIENTED_EDGE('',*,*,#2198,.F.);
#2913=ORIENTED_EDGE('',*,*,#2199,.F.);
#2914=ORIENTED_EDGE('',*,*,#2200,.T.);
#2915=ORIENTED_EDGE('',*,*,#2077,.T.);
#2916=ORIENTED_EDGE('',*,*,#2160,.T.);
#2917=ORIENTED_EDGE('',*,*,#2189,.T.);
#2918=ORIENTED_EDGE('',*,*,#2201,.F.);
#2919=ORIENTED_EDGE('',*,*,#2167,.F.);
#2920=ORIENTED_EDGE('',*,*,#2163,.T.);
#2921=ORIENTED_EDGE('',*,*,#2149,.T.);
#2922=ORIENTED_EDGE('',*,*,#2202,.F.);
#2923=ORIENTED_EDGE('',*,*,#2203,.F.);
#2924=ORIENTED_EDGE('',*,*,#2201,.T.);
#2925=ORIENTED_EDGE('',*,*,#2188,.T.);
#2926=ORIENTED_EDGE('',*,*,#2204,.F.);
#2927=ORIENTED_EDGE('',*,*,#2168,.F.);
#2928=ORIENTED_EDGE('',*,*,#2202,.T.);
#2929=ORIENTED_EDGE('',*,*,#2148,.T.);
#2930=ORIENTED_EDGE('',*,*,#2205,.F.);
#2931=ORIENTED_EDGE('',*,*,#2206,.F.);
#2932=ORIENTED_EDGE('',*,*,#2143,.F.);
#2933=ORIENTED_EDGE('',*,*,#2170,.T.);
#2934=ORIENTED_EDGE('',*,*,#2204,.T.);
#2935=ORIENTED_EDGE('',*,*,#2187,.F.);
#2936=ORIENTED_EDGE('',*,*,#2207,.T.);
#2937=ORIENTED_EDGE('',*,*,#2208,.F.);
#2938=ORIENTED_EDGE('',*,*,#2205,.T.);
#2939=ORIENTED_EDGE('',*,*,#2152,.F.);
#2940=ORIENTED_EDGE('',*,*,#2164,.T.);
#2941=ORIENTED_EDGE('',*,*,#2203,.T.);
#2942=ORIENTED_EDGE('',*,*,#2206,.T.);
#2943=ORIENTED_EDGE('',*,*,#2208,.T.);
#2944=ORIENTED_EDGE('',*,*,#2209,.T.);
#2945=ORIENTED_EDGE('',*,*,#2210,.T.);
#2946=ORIENTED_EDGE('',*,*,#2211,.T.);
#2947=ORIENTED_EDGE('',*,*,#2212,.T.);
#2948=ORIENTED_EDGE('',*,*,#2213,.T.);
#2949=ORIENTED_EDGE('',*,*,#2214,.T.);
#2950=ORIENTED_EDGE('',*,*,#2215,.T.);
#2951=ORIENTED_EDGE('',*,*,#2216,.T.);
#2952=ORIENTED_EDGE('',*,*,#2217,.T.);
#2953=ORIENTED_EDGE('',*,*,#2068,.T.);
#2954=ORIENTED_EDGE('',*,*,#2161,.T.);
#2955=ORIENTED_EDGE('',*,*,#2081,.T.);
#2956=ORIENTED_EDGE('',*,*,#2218,.T.);
#2957=ORIENTED_EDGE('',*,*,#2219,.T.);
#2958=ORIENTED_EDGE('',*,*,#2220,.T.);
#2959=ORIENTED_EDGE('',*,*,#2221,.T.);
#2960=ORIENTED_EDGE('',*,*,#2222,.T.);
#2961=ORIENTED_EDGE('',*,*,#2223,.T.);
#2962=ORIENTED_EDGE('',*,*,#2224,.T.);
#2963=ORIENTED_EDGE('',*,*,#2225,.T.);
#2964=ORIENTED_EDGE('',*,*,#2226,.T.);
#2965=ORIENTED_EDGE('',*,*,#2227,.T.);
#2966=ORIENTED_EDGE('',*,*,#2228,.F.);
#2967=ORIENTED_EDGE('',*,*,#2176,.F.);
#2968=ORIENTED_EDGE('',*,*,#2069,.T.);
#2969=ORIENTED_EDGE('',*,*,#2217,.F.);
#2970=ORIENTED_EDGE('',*,*,#2229,.F.);
#2971=ORIENTED_EDGE('',*,*,#2230,.F.);
#2972=ORIENTED_EDGE('',*,*,#2070,.F.);
#2973=ORIENTED_EDGE('',*,*,#2230,.T.);
#2974=ORIENTED_EDGE('',*,*,#2231,.F.);
#2975=ORIENTED_EDGE('',*,*,#2232,.F.);
#2976=ORIENTED_EDGE('',*,*,#2071,.T.);
#2977=ORIENTED_EDGE('',*,*,#2232,.T.);
#2978=ORIENTED_EDGE('',*,*,#2233,.F.);
#2979=ORIENTED_EDGE('',*,*,#2178,.F.);
#2980=ORIENTED_EDGE('',*,*,#2229,.T.);
#2981=ORIENTED_EDGE('',*,*,#2216,.F.);
#2982=ORIENTED_EDGE('',*,*,#2234,.F.);
#2983=ORIENTED_EDGE('',*,*,#2179,.T.);
#2984=ORIENTED_EDGE('',*,*,#2233,.T.);
#2985=ORIENTED_EDGE('',*,*,#2231,.T.);
#2986=ORIENTED_EDGE('',*,*,#2235,.F.);
#2987=ORIENTED_EDGE('',*,*,#2236,.F.);
#2988=ORIENTED_EDGE('',*,*,#2237,.F.);
#2989=ORIENTED_EDGE('',*,*,#2238,.T.);
#2990=ORIENTED_EDGE('',*,*,#2180,.T.);
#2991=ORIENTED_EDGE('',*,*,#2234,.T.);
#2992=ORIENTED_EDGE('',*,*,#2215,.F.);
#2993=ORIENTED_EDGE('',*,*,#2239,.F.);
#2994=ORIENTED_EDGE('',*,*,#2181,.T.);
#2995=ORIENTED_EDGE('',*,*,#2239,.T.);
#2996=ORIENTED_EDGE('',*,*,#2214,.F.);
#2997=ORIENTED_EDGE('',*,*,#2240,.F.);
#2998=ORIENTED_EDGE('',*,*,#2182,.T.);
#2999=ORIENTED_EDGE('',*,*,#2240,.T.);
#3000=ORIENTED_EDGE('',*,*,#2213,.F.);
#3001=ORIENTED_EDGE('',*,*,#2241,.F.);
#3002=ORIENTED_EDGE('',*,*,#2183,.T.);
#3003=ORIENTED_EDGE('',*,*,#2241,.T.);
#3004=ORIENTED_EDGE('',*,*,#2212,.F.);
#3005=ORIENTED_EDGE('',*,*,#2242,.F.);
#3006=ORIENTED_EDGE('',*,*,#2184,.T.);
#3007=ORIENTED_EDGE('',*,*,#2242,.T.);
#3008=ORIENTED_EDGE('',*,*,#2211,.F.);
#3009=ORIENTED_EDGE('',*,*,#2243,.F.);
#3010=ORIENTED_EDGE('',*,*,#2185,.T.);
#3011=ORIENTED_EDGE('',*,*,#2243,.T.);
#3012=ORIENTED_EDGE('',*,*,#2210,.F.);
#3013=ORIENTED_EDGE('',*,*,#2244,.F.);
#3014=ORIENTED_EDGE('',*,*,#2186,.T.);
#3015=ORIENTED_EDGE('',*,*,#2244,.T.);
#3016=ORIENTED_EDGE('',*,*,#2209,.F.);
#3017=ORIENTED_EDGE('',*,*,#2207,.F.);
#3018=ORIENTED_EDGE('',*,*,#2245,.F.);
#3019=ORIENTED_EDGE('',*,*,#2246,.T.);
#3020=ORIENTED_EDGE('',*,*,#2235,.T.);
#3021=ORIENTED_EDGE('',*,*,#2247,.T.);
#3022=ORIENTED_EDGE('',*,*,#2245,.T.);
#3023=ORIENTED_EDGE('',*,*,#2248,.T.);
#3024=ORIENTED_EDGE('',*,*,#2248,.F.);
#3025=ORIENTED_EDGE('',*,*,#2249,.T.);
#3026=ORIENTED_EDGE('',*,*,#2237,.T.);
#3027=ORIENTED_EDGE('',*,*,#2250,.T.);
#3028=ORIENTED_EDGE('',*,*,#2251,.F.);
#3029=ORIENTED_EDGE('',*,*,#2252,.F.);
#3030=ORIENTED_EDGE('',*,*,#2253,.F.);
#3031=ORIENTED_EDGE('',*,*,#2236,.T.);
#3032=ORIENTED_EDGE('',*,*,#2246,.F.);
#3033=ORIENTED_EDGE('',*,*,#2250,.F.);
#3034=ORIENTED_EDGE('',*,*,#2254,.T.);
#3035=ORIENTED_EDGE('',*,*,#2199,.T.);
#3036=ORIENTED_EDGE('',*,*,#2255,.T.);
#3037=ORIENTED_EDGE('',*,*,#2219,.F.);
#3038=ORIENTED_EDGE('',*,*,#2256,.T.);
#3039=ORIENTED_EDGE('',*,*,#2257,.T.);
#3040=ORIENTED_EDGE('',*,*,#2258,.F.);
#3041=ORIENTED_EDGE('',*,*,#2251,.T.);
#3042=ORIENTED_EDGE('',*,*,#2259,.F.);
#3043=ORIENTED_EDGE('',*,*,#2260,.F.);
#3044=ORIENTED_EDGE('',*,*,#2078,.T.);
#3045=ORIENTED_EDGE('',*,*,#2200,.F.);
#3046=ORIENTED_EDGE('',*,*,#2254,.F.);
#3047=ORIENTED_EDGE('',*,*,#2261,.F.);
#3048=ORIENTED_EDGE('',*,*,#2079,.F.);
#3049=ORIENTED_EDGE('',*,*,#2261,.T.);
#3050=ORIENTED_EDGE('',*,*,#2257,.F.);
#3051=ORIENTED_EDGE('',*,*,#2262,.F.);
#3052=ORIENTED_EDGE('',*,*,#2080,.T.);
#3053=ORIENTED_EDGE('',*,*,#2262,.T.);
#3054=ORIENTED_EDGE('',*,*,#2256,.F.);
#3055=ORIENTED_EDGE('',*,*,#2218,.F.);
#3056=ORIENTED_EDGE('',*,*,#2198,.T.);
#3057=ORIENTED_EDGE('',*,*,#2263,.T.);
#3058=ORIENTED_EDGE('',*,*,#2220,.F.);
#3059=ORIENTED_EDGE('',*,*,#2255,.F.);
#3060=ORIENTED_EDGE('',*,*,#2197,.T.);
#3061=ORIENTED_EDGE('',*,*,#2264,.T.);
#3062=ORIENTED_EDGE('',*,*,#2221,.F.);
#3063=ORIENTED_EDGE('',*,*,#2263,.F.);
#3064=ORIENTED_EDGE('',*,*,#2196,.T.);
#3065=ORIENTED_EDGE('',*,*,#2265,.T.);
#3066=ORIENTED_EDGE('',*,*,#2222,.F.);
#3067=ORIENTED_EDGE('',*,*,#2264,.F.);
#3068=ORIENTED_EDGE('',*,*,#2195,.T.);
#3069=ORIENTED_EDGE('',*,*,#2266,.T.);
#3070=ORIENTED_EDGE('',*,*,#2223,.F.);
#3071=ORIENTED_EDGE('',*,*,#2265,.F.);
#3072=ORIENTED_EDGE('',*,*,#2194,.T.);
#3073=ORIENTED_EDGE('',*,*,#2267,.T.);
#3074=ORIENTED_EDGE('',*,*,#2224,.F.);
#3075=ORIENTED_EDGE('',*,*,#2266,.F.);
#3076=ORIENTED_EDGE('',*,*,#2193,.T.);
#3077=ORIENTED_EDGE('',*,*,#2268,.T.);
#3078=ORIENTED_EDGE('',*,*,#2225,.F.);
#3079=ORIENTED_EDGE('',*,*,#2267,.F.);
#3080=ORIENTED_EDGE('',*,*,#2192,.T.);
#3081=ORIENTED_EDGE('',*,*,#2269,.T.);
#3082=ORIENTED_EDGE('',*,*,#2226,.F.);
#3083=ORIENTED_EDGE('',*,*,#2268,.F.);
#3084=ORIENTED_EDGE('',*,*,#2227,.F.);
#3085=ORIENTED_EDGE('',*,*,#2269,.F.);
#3086=ORIENTED_EDGE('',*,*,#2191,.F.);
#3087=ORIENTED_EDGE('',*,*,#2270,.F.);
#3088=ORIENTED_EDGE('',*,*,#2173,.F.);
#3089=ORIENTED_EDGE('',*,*,#2138,.F.);
#3090=ORIENTED_EDGE('',*,*,#2151,.T.);
#3091=ORIENTED_EDGE('',*,*,#2271,.F.);
#3092=ORIENTED_EDGE('',*,*,#2165,.T.);
#3093=ORIENTED_EDGE('',*,*,#2270,.T.);
#3094=ORIENTED_EDGE('',*,*,#2190,.F.);
#3095=ORIENTED_EDGE('',*,*,#2174,.F.);
#3096=ORIENTED_EDGE('',*,*,#2146,.F.);
#3097=ORIENTED_EDGE('',*,*,#2177,.F.);
#3098=ORIENTED_EDGE('',*,*,#2228,.T.);
#3099=ORIENTED_EDGE('',*,*,#2271,.T.);
#3100=ORIENTED_EDGE('',*,*,#2258,.T.);
#3101=ORIENTED_EDGE('',*,*,#2272,.T.);
#3102=ORIENTED_EDGE('',*,*,#2273,.F.);
#3103=ORIENTED_EDGE('',*,*,#2252,.T.);
#3104=ORIENTED_EDGE('',*,*,#2273,.T.);
#3105=ORIENTED_EDGE('',*,*,#2274,.T.);
#3106=ORIENTED_EDGE('',*,*,#2274,.F.);
#3107=ORIENTED_EDGE('',*,*,#2275,.T.);
#3108=ORIENTED_EDGE('',*,*,#2259,.T.);
#3109=ORIENTED_EDGE('',*,*,#2253,.T.);
#3110=ORIENTED_EDGE('',*,*,#2260,.T.);
#3111=ORIENTED_EDGE('',*,*,#2275,.F.);
#3112=ORIENTED_EDGE('',*,*,#2272,.F.);
#3113=ORIENTED_EDGE('',*,*,#2238,.F.);
#3114=ORIENTED_EDGE('',*,*,#2249,.F.);
#3115=ORIENTED_EDGE('',*,*,#2247,.F.);
#3116=ORIENTED_EDGE('',*,*,#2169,.T.);
#3117=ORIENTED_EDGE('',*,*,#2276,.T.);
#3118=ORIENTED_EDGE('',*,*,#2277,.T.);
#3119=ORIENTED_EDGE('',*,*,#2132,.T.);
#3120=ORIENTED_EDGE('',*,*,#2172,.T.);
#3121=ORIENTED_EDGE('',*,*,#2034,.T.);
#3122=ORIENTED_EDGE('',*,*,#2153,.F.);
#3123=ORIENTED_EDGE('',*,*,#2031,.F.);
#3124=ORIENTED_EDGE('',*,*,#2037,.F.);
#3125=ORIENTED_EDGE('',*,*,#2150,.F.);
#3126=ORIENTED_EDGE('',*,*,#2135,.T.);
#3127=ORIENTED_EDGE('',*,*,#2278,.T.);
#3128=ORIENTED_EDGE('',*,*,#2279,.T.);
#3129=ORIENTED_EDGE('',*,*,#2121,.T.);
#3130=ORIENTED_EDGE('',*,*,#2133,.T.);
#3131=ORIENTED_EDGE('',*,*,#2277,.F.);
#3132=ORIENTED_EDGE('',*,*,#2280,.F.);
#3133=ORIENTED_EDGE('',*,*,#2141,.F.);
#3134=ORIENTED_EDGE('',*,*,#2154,.T.);
#3135=ORIENTED_EDGE('',*,*,#2279,.F.);
#3136=ORIENTED_EDGE('',*,*,#2281,.F.);
#3137=ORIENTED_EDGE('',*,*,#2122,.F.);
#3138=ORIENTED_EDGE('',*,*,#2280,.T.);
#3139=ORIENTED_EDGE('',*,*,#2276,.F.);
#3140=ORIENTED_EDGE('',*,*,#2171,.F.);
#3141=ORIENTED_EDGE('',*,*,#2123,.T.);
#3142=ORIENTED_EDGE('',*,*,#2281,.T.);
#3143=ORIENTED_EDGE('',*,*,#2278,.F.);
#3144=ORIENTED_EDGE('',*,*,#2134,.F.);
#3145=ORIENTED_EDGE('',*,*,#2282,.F.);
#3146=ORIENTED_EDGE('',*,*,#2283,.T.);
#3147=ORIENTED_EDGE('',*,*,#2284,.F.);
#3148=ORIENTED_EDGE('',*,*,#2283,.F.);
#3149=ORIENTED_EDGE('',*,*,#2285,.T.);
#3150=ORIENTED_EDGE('',*,*,#2284,.T.);
#3151=ORIENTED_EDGE('',*,*,#2285,.F.);
#3152=ORIENTED_EDGE('',*,*,#2286,.T.);
#3153=ORIENTED_EDGE('',*,*,#2287,.T.);
#3154=ORIENTED_EDGE('',*,*,#2286,.F.);
#3155=ORIENTED_EDGE('',*,*,#2288,.T.);
#3156=ORIENTED_EDGE('',*,*,#2289,.T.);
#3157=ORIENTED_EDGE('',*,*,#2290,.F.);
#3158=ORIENTED_EDGE('',*,*,#2291,.F.);
#3159=ORIENTED_EDGE('',*,*,#2292,.T.);
#3160=ORIENTED_EDGE('',*,*,#2293,.T.);
#3161=ORIENTED_EDGE('',*,*,#2294,.F.);
#3162=ORIENTED_EDGE('',*,*,#2295,.F.);
#3163=ORIENTED_EDGE('',*,*,#2296,.T.);
#3164=ORIENTED_EDGE('',*,*,#2297,.T.);
#3165=ORIENTED_EDGE('',*,*,#2298,.F.);
#3166=ORIENTED_EDGE('',*,*,#2299,.F.);
#3167=ORIENTED_EDGE('',*,*,#2300,.T.);
#3168=ORIENTED_EDGE('',*,*,#2301,.T.);
#3169=ORIENTED_EDGE('',*,*,#2296,.F.);
#3170=ORIENTED_EDGE('',*,*,#2302,.F.);
#3171=ORIENTED_EDGE('',*,*,#2303,.T.);
#3172=ORIENTED_EDGE('',*,*,#2304,.T.);
#3173=ORIENTED_EDGE('',*,*,#2300,.F.);
#3174=ORIENTED_EDGE('',*,*,#2305,.F.);
#3175=ORIENTED_EDGE('',*,*,#2306,.T.);
#3176=ORIENTED_EDGE('',*,*,#2307,.T.);
#3177=ORIENTED_EDGE('',*,*,#2308,.F.);
#3178=ORIENTED_EDGE('',*,*,#2309,.F.);
#3179=ORIENTED_EDGE('',*,*,#2310,.T.);
#3180=ORIENTED_EDGE('',*,*,#2311,.F.);
#3181=ORIENTED_EDGE('',*,*,#2312,.F.);
#3182=ORIENTED_EDGE('',*,*,#2313,.F.);
#3183=ORIENTED_EDGE('',*,*,#2297,.F.);
#3184=ORIENTED_EDGE('',*,*,#2301,.F.);
#3185=ORIENTED_EDGE('',*,*,#2304,.F.);
#3186=ORIENTED_EDGE('',*,*,#2314,.F.);
#3187=ORIENTED_EDGE('',*,*,#2309,.T.);
#3188=ORIENTED_EDGE('',*,*,#2315,.F.);
#3189=ORIENTED_EDGE('',*,*,#2316,.T.);
#3190=ORIENTED_EDGE('',*,*,#2317,.F.);
#3191=ORIENTED_EDGE('',*,*,#2318,.F.);
#3192=ORIENTED_EDGE('',*,*,#2319,.T.);
#3193=ORIENTED_EDGE('',*,*,#2320,.T.);
#3194=ORIENTED_EDGE('',*,*,#2310,.F.);
#3195=ORIENTED_EDGE('',*,*,#2321,.F.);
#3196=ORIENTED_EDGE('',*,*,#2322,.T.);
#3197=ORIENTED_EDGE('',*,*,#2323,.T.);
#3198=ORIENTED_EDGE('',*,*,#2316,.F.);
#3199=ORIENTED_EDGE('',*,*,#2324,.T.);
#3200=ORIENTED_EDGE('',*,*,#2317,.T.);
#3201=ORIENTED_EDGE('',*,*,#2323,.F.);
#3202=ORIENTED_EDGE('',*,*,#2325,.F.);
#3203=ORIENTED_EDGE('',*,*,#2324,.F.);
#3204=ORIENTED_EDGE('',*,*,#2326,.F.);
#3205=ORIENTED_EDGE('',*,*,#2306,.F.);
#3206=ORIENTED_EDGE('',*,*,#2314,.T.);
#3207=ORIENTED_EDGE('',*,*,#2319,.F.);
#3208=ORIENTED_EDGE('',*,*,#2327,.F.);
#3209=ORIENTED_EDGE('',*,*,#2328,.T.);
#3210=ORIENTED_EDGE('',*,*,#2305,.T.);
#3211=ORIENTED_EDGE('',*,*,#2302,.T.);
#3212=ORIENTED_EDGE('',*,*,#2299,.T.);
#3213=ORIENTED_EDGE('',*,*,#2329,.F.);
#3214=ORIENTED_EDGE('',*,*,#2326,.T.);
#3215=ORIENTED_EDGE('',*,*,#2325,.T.);
#3216=ORIENTED_EDGE('',*,*,#2322,.F.);
#3217=ORIENTED_EDGE('',*,*,#2330,.F.);
#3218=ORIENTED_EDGE('',*,*,#2307,.F.);
#3219=ORIENTED_EDGE('',*,*,#2331,.T.);
#3220=ORIENTED_EDGE('',*,*,#2332,.T.);
#3221=ORIENTED_EDGE('',*,*,#2333,.F.);
#3222=ORIENTED_EDGE('',*,*,#2334,.F.);
#3223=ORIENTED_EDGE('',*,*,#2335,.T.);
#3224=ORIENTED_EDGE('',*,*,#2336,.T.);
#3225=ORIENTED_EDGE('',*,*,#2337,.F.);
#3226=ORIENTED_EDGE('',*,*,#2338,.F.);
#3227=ORIENTED_EDGE('',*,*,#2339,.T.);
#3228=ORIENTED_EDGE('',*,*,#2335,.F.);
#3229=ORIENTED_EDGE('',*,*,#2340,.F.);
#3230=ORIENTED_EDGE('',*,*,#2341,.F.);
#3231=ORIENTED_EDGE('',*,*,#2342,.T.);
#3232=ORIENTED_EDGE('',*,*,#2341,.T.);
#3233=ORIENTED_EDGE('',*,*,#2343,.F.);
#3234=ORIENTED_EDGE('',*,*,#2344,.F.);
#3235=ORIENTED_EDGE('',*,*,#2345,.F.);
#3236=ORIENTED_EDGE('',*,*,#2346,.T.);
#3237=ORIENTED_EDGE('',*,*,#2344,.T.);
#3238=ORIENTED_EDGE('',*,*,#2347,.F.);
#3239=ORIENTED_EDGE('',*,*,#2348,.F.);
#3240=ORIENTED_EDGE('',*,*,#2349,.T.);
#3241=ORIENTED_EDGE('',*,*,#2350,.T.);
#3242=ORIENTED_EDGE('',*,*,#2351,.F.);
#3243=ORIENTED_EDGE('',*,*,#2350,.F.);
#3244=ORIENTED_EDGE('',*,*,#2352,.F.);
#3245=ORIENTED_EDGE('',*,*,#2347,.T.);
#3246=ORIENTED_EDGE('',*,*,#2343,.T.);
#3247=ORIENTED_EDGE('',*,*,#2340,.T.);
#3248=ORIENTED_EDGE('',*,*,#2338,.T.);
#3249=ORIENTED_EDGE('',*,*,#2353,.F.);
#3250=ORIENTED_EDGE('',*,*,#2354,.T.);
#3251=ORIENTED_EDGE('',*,*,#2333,.T.);
#3252=ORIENTED_EDGE('',*,*,#2355,.F.);
#3253=ORIENTED_EDGE('',*,*,#2356,.F.);
#3254=ORIENTED_EDGE('',*,*,#2357,.F.);
#3255=ORIENTED_EDGE('',*,*,#2358,.T.);
#3256=ORIENTED_EDGE('',*,*,#2357,.T.);
#3257=ORIENTED_EDGE('',*,*,#2359,.F.);
#3258=ORIENTED_EDGE('',*,*,#2360,.F.);
#3259=ORIENTED_EDGE('',*,*,#2361,.T.);
#3260=ORIENTED_EDGE('',*,*,#2334,.T.);
#3261=ORIENTED_EDGE('',*,*,#2354,.F.);
#3262=ORIENTED_EDGE('',*,*,#2358,.F.);
#3263=ORIENTED_EDGE('',*,*,#2348,.T.);
#3264=ORIENTED_EDGE('',*,*,#2362,.F.);
#3265=ORIENTED_EDGE('',*,*,#2346,.F.);
#3266=ORIENTED_EDGE('',*,*,#2363,.F.);
#3267=ORIENTED_EDGE('',*,*,#2336,.F.);
#3268=ORIENTED_EDGE('',*,*,#2339,.F.);
#3269=ORIENTED_EDGE('',*,*,#2342,.F.);
#3270=ORIENTED_EDGE('',*,*,#2361,.F.);
#3271=ORIENTED_EDGE('',*,*,#2360,.T.);
#3272=ORIENTED_EDGE('',*,*,#2364,.F.);
#3273=ORIENTED_EDGE('',*,*,#2365,.T.);
#3274=ORIENTED_EDGE('',*,*,#2331,.F.);
#3275=ORIENTED_EDGE('',*,*,#2366,.T.);
#3276=ORIENTED_EDGE('',*,*,#2367,.T.);
#3277=ORIENTED_EDGE('',*,*,#2368,.F.);
#3278=ORIENTED_EDGE('',*,*,#2369,.F.);
#3279=ORIENTED_EDGE('',*,*,#2370,.T.);
#3280=ORIENTED_EDGE('',*,*,#2371,.T.);
#3281=ORIENTED_EDGE('',*,*,#2372,.F.);
#3282=ORIENTED_EDGE('',*,*,#2367,.F.);
#3283=ORIENTED_EDGE('',*,*,#2373,.T.);
#3284=ORIENTED_EDGE('',*,*,#2374,.T.);
#3285=ORIENTED_EDGE('',*,*,#2375,.F.);
#3286=ORIENTED_EDGE('',*,*,#2371,.F.);
#3287=ORIENTED_EDGE('',*,*,#2376,.T.);
#3288=ORIENTED_EDGE('',*,*,#2377,.T.);
#3289=ORIENTED_EDGE('',*,*,#2378,.T.);
#3290=ORIENTED_EDGE('',*,*,#2379,.T.);
#3291=ORIENTED_EDGE('',*,*,#2327,.T.);
#3292=ORIENTED_EDGE('',*,*,#2318,.T.);
#3293=ORIENTED_EDGE('',*,*,#2311,.T.);
#3294=ORIENTED_EDGE('',*,*,#2320,.F.);
#3295=ORIENTED_EDGE('',*,*,#2321,.T.);
#3296=ORIENTED_EDGE('',*,*,#2315,.T.);
#3297=ORIENTED_EDGE('',*,*,#2308,.T.);
#3298=ORIENTED_EDGE('',*,*,#2330,.T.);
#3299=ORIENTED_EDGE('',*,*,#2380,.T.);
#3300=ORIENTED_EDGE('',*,*,#2329,.T.);
#3301=ORIENTED_EDGE('',*,*,#2298,.T.);
#3302=ORIENTED_EDGE('',*,*,#2313,.T.);
#3303=ORIENTED_EDGE('',*,*,#2375,.T.);
#3304=ORIENTED_EDGE('',*,*,#2381,.T.);
#3305=ORIENTED_EDGE('',*,*,#2368,.T.);
#3306=ORIENTED_EDGE('',*,*,#2372,.T.);
#3307=ORIENTED_EDGE('',*,*,#2353,.T.);
#3308=ORIENTED_EDGE('',*,*,#2337,.T.);
#3309=ORIENTED_EDGE('',*,*,#2363,.T.);
#3310=ORIENTED_EDGE('',*,*,#2345,.T.);
#3311=ORIENTED_EDGE('',*,*,#2349,.F.);
#3312=ORIENTED_EDGE('',*,*,#2362,.T.);
#3313=ORIENTED_EDGE('',*,*,#2351,.T.);
#3314=ORIENTED_EDGE('',*,*,#2352,.T.);
#3315=ORIENTED_EDGE('',*,*,#2382,.T.);
#3316=ORIENTED_EDGE('',*,*,#2364,.T.);
#3317=ORIENTED_EDGE('',*,*,#2359,.T.);
#3318=ORIENTED_EDGE('',*,*,#2356,.T.);
#3319=ORIENTED_EDGE('',*,*,#2383,.T.);
#3320=ORIENTED_EDGE('',*,*,#2384,.T.);
#3321=ORIENTED_EDGE('',*,*,#2379,.F.);
#3322=ORIENTED_EDGE('',*,*,#2385,.F.);
#3323=ORIENTED_EDGE('',*,*,#2386,.T.);
#3324=ORIENTED_EDGE('',*,*,#2387,.T.);
#3325=ORIENTED_EDGE('',*,*,#2376,.F.);
#3326=ORIENTED_EDGE('',*,*,#2384,.F.);
#3327=ORIENTED_EDGE('',*,*,#2388,.T.);
#3328=ORIENTED_EDGE('',*,*,#2389,.T.);
#3329=ORIENTED_EDGE('',*,*,#2377,.F.);
#3330=ORIENTED_EDGE('',*,*,#2387,.F.);
#3331=ORIENTED_EDGE('',*,*,#2390,.T.);
#3332=ORIENTED_EDGE('',*,*,#2391,.F.);
#3333=ORIENTED_EDGE('',*,*,#2392,.T.);
#3334=ORIENTED_EDGE('',*,*,#2291,.T.);
#3335=ORIENTED_EDGE('',*,*,#2393,.T.);
#3336=ORIENTED_EDGE('',*,*,#2293,.F.);
#3337=ORIENTED_EDGE('',*,*,#2394,.T.);
#3338=ORIENTED_EDGE('',*,*,#2385,.T.);
#3339=ORIENTED_EDGE('',*,*,#2378,.F.);
#3340=ORIENTED_EDGE('',*,*,#2389,.F.);
#3341=ORIENTED_EDGE('',*,*,#2395,.T.);
#3342=ORIENTED_EDGE('',*,*,#2396,.T.);
#3343=ORIENTED_EDGE('',*,*,#2397,.T.);
#3344=ORIENTED_EDGE('',*,*,#2398,.T.);
#3345=ORIENTED_EDGE('',*,*,#2399,.F.);
#3346=ORIENTED_EDGE('',*,*,#2396,.F.);
#3347=ORIENTED_EDGE('',*,*,#2400,.T.);
#3348=ORIENTED_EDGE('',*,*,#2294,.T.);
#3349=ORIENTED_EDGE('',*,*,#2393,.F.);
#3350=ORIENTED_EDGE('',*,*,#2290,.T.);
#3351=ORIENTED_EDGE('',*,*,#2401,.T.);
#3352=ORIENTED_EDGE('',*,*,#2402,.T.);
#3353=ORIENTED_EDGE('',*,*,#2390,.F.);
#3354=ORIENTED_EDGE('',*,*,#2399,.T.);
#3355=ORIENTED_EDGE('',*,*,#2401,.F.);
#3356=ORIENTED_EDGE('',*,*,#2398,.F.);
#3357=ORIENTED_EDGE('',*,*,#2403,.T.);
#3358=ORIENTED_EDGE('',*,*,#2369,.T.);
#3359=ORIENTED_EDGE('',*,*,#2381,.F.);
#3360=ORIENTED_EDGE('',*,*,#2374,.F.);
#3361=ORIENTED_EDGE('',*,*,#2404,.T.);
#3362=ORIENTED_EDGE('',*,*,#2295,.T.);
#3363=ORIENTED_EDGE('',*,*,#2400,.F.);
#3364=ORIENTED_EDGE('',*,*,#2289,.F.);
#3365=ORIENTED_EDGE('',*,*,#2405,.T.);
#3366=ORIENTED_EDGE('',*,*,#2406,.T.);
#3367=ORIENTED_EDGE('',*,*,#2407,.T.);
#3368=ORIENTED_EDGE('',*,*,#2391,.T.);
#3369=ORIENTED_EDGE('',*,*,#2402,.F.);
#3370=ORIENTED_EDGE('',*,*,#2406,.F.);
#3371=ORIENTED_EDGE('',*,*,#2407,.F.);
#3372=ORIENTED_EDGE('',*,*,#2405,.F.);
#3373=ORIENTED_EDGE('',*,*,#2288,.F.);
#3374=ORIENTED_EDGE('',*,*,#2392,.F.);
#3375=ORIENTED_EDGE('',*,*,#2408,.T.);
#3376=ORIENTED_EDGE('',*,*,#2409,.T.);
#3377=ORIENTED_EDGE('',*,*,#2410,.T.);
#3378=ORIENTED_EDGE('',*,*,#2411,.T.);
#3379=ORIENTED_EDGE('',*,*,#2397,.F.);
#3380=ORIENTED_EDGE('',*,*,#2395,.F.);
#3381=ORIENTED_EDGE('',*,*,#2388,.F.);
#3382=ORIENTED_EDGE('',*,*,#2386,.F.);
#3383=ORIENTED_EDGE('',*,*,#2383,.F.);
#3384=ORIENTED_EDGE('',*,*,#2394,.F.);
#3385=ORIENTED_EDGE('',*,*,#2292,.F.);
#3386=ORIENTED_EDGE('',*,*,#2404,.F.);
#3387=ORIENTED_EDGE('',*,*,#2373,.F.);
#3388=ORIENTED_EDGE('',*,*,#2370,.F.);
#3389=ORIENTED_EDGE('',*,*,#2366,.F.);
#3390=ORIENTED_EDGE('',*,*,#2403,.F.);
#3391=ORIENTED_EDGE('',*,*,#2412,.T.);
#3392=ORIENTED_EDGE('',*,*,#2413,.T.);
#3393=ORIENTED_EDGE('',*,*,#2409,.F.);
#3394=ORIENTED_EDGE('',*,*,#2414,.F.);
#3395=ORIENTED_EDGE('',*,*,#2415,.T.);
#3396=ORIENTED_EDGE('',*,*,#2416,.T.);
#3397=ORIENTED_EDGE('',*,*,#2410,.F.);
#3398=ORIENTED_EDGE('',*,*,#2413,.F.);
#3399=ORIENTED_EDGE('',*,*,#2417,.T.);
#3400=ORIENTED_EDGE('',*,*,#2418,.T.);
#3401=ORIENTED_EDGE('',*,*,#2411,.F.);
#3402=ORIENTED_EDGE('',*,*,#2416,.F.);
#3403=ORIENTED_EDGE('',*,*,#2419,.T.);
#3404=ORIENTED_EDGE('',*,*,#2414,.T.);
#3405=ORIENTED_EDGE('',*,*,#2408,.F.);
#3406=ORIENTED_EDGE('',*,*,#2418,.F.);
#3407=ORIENTED_EDGE('',*,*,#2282,.T.);
#3408=ORIENTED_EDGE('',*,*,#2419,.F.);
#3409=ORIENTED_EDGE('',*,*,#2417,.F.);
#3410=ORIENTED_EDGE('',*,*,#2415,.F.);
#3411=ORIENTED_EDGE('',*,*,#2412,.F.);
#3412=ORIENTED_EDGE('',*,*,#2287,.F.);
#3413=ORIENTED_EDGE('',*,*,#2380,.F.);
#3414=ORIENTED_EDGE('',*,*,#2312,.T.);
#3415=ORIENTED_EDGE('',*,*,#2303,.F.);
#3416=ORIENTED_EDGE('',*,*,#2328,.F.);
#3417=ORIENTED_EDGE('',*,*,#2382,.F.);
#3418=ORIENTED_EDGE('',*,*,#2355,.T.);
#3419=ORIENTED_EDGE('',*,*,#2332,.F.);
#3420=ORIENTED_EDGE('',*,*,#2365,.F.);
#3421=ORIENTED_EDGE('',*,*,#2420,.T.);
#3422=ORIENTED_EDGE('',*,*,#2421,.T.);
#3423=ORIENTED_EDGE('',*,*,#2422,.F.);
#3424=ORIENTED_EDGE('',*,*,#2423,.T.);
#3425=ORIENTED_EDGE('',*,*,#2424,.F.);
#3426=ORIENTED_EDGE('',*,*,#2425,.T.);
#3427=ORIENTED_EDGE('',*,*,#2426,.F.);
#3428=ORIENTED_EDGE('',*,*,#2427,.T.);
#3429=ORIENTED_EDGE('',*,*,#2422,.T.);
#3430=ORIENTED_EDGE('',*,*,#2428,.F.);
#3431=ORIENTED_EDGE('',*,*,#2429,.T.);
#3432=ORIENTED_EDGE('',*,*,#2430,.T.);
#3433=ORIENTED_EDGE('',*,*,#2426,.T.);
#3434=ORIENTED_EDGE('',*,*,#2431,.T.);
#3435=ORIENTED_EDGE('',*,*,#2432,.F.);
#3436=ORIENTED_EDGE('',*,*,#2433,.F.);
#3437=ORIENTED_EDGE('',*,*,#2434,.F.);
#3438=ORIENTED_EDGE('',*,*,#2435,.F.);
#3439=ORIENTED_EDGE('',*,*,#2436,.F.);
#3440=ORIENTED_EDGE('',*,*,#2432,.T.);
#3441=ORIENTED_EDGE('',*,*,#2434,.T.);
#3442=ORIENTED_EDGE('',*,*,#2431,.F.);
#3443=ORIENTED_EDGE('',*,*,#2425,.F.);
#3444=ORIENTED_EDGE('',*,*,#2437,.F.);
#3445=ORIENTED_EDGE('',*,*,#2438,.F.);
#3446=ORIENTED_EDGE('',*,*,#2439,.F.);
#3447=ORIENTED_EDGE('',*,*,#2423,.F.);
#3448=ORIENTED_EDGE('',*,*,#2430,.F.);
#3449=ORIENTED_EDGE('',*,*,#2440,.T.);
#3450=ORIENTED_EDGE('',*,*,#2441,.F.);
#3451=ORIENTED_EDGE('',*,*,#2442,.F.);
#3452=ORIENTED_EDGE('',*,*,#2442,.T.);
#3453=ORIENTED_EDGE('',*,*,#2443,.T.);
#3454=ORIENTED_EDGE('',*,*,#2444,.F.);
#3455=ORIENTED_EDGE('',*,*,#2443,.F.);
#3456=ORIENTED_EDGE('',*,*,#2436,.T.);
#3457=ORIENTED_EDGE('',*,*,#2445,.T.);
#3458=ORIENTED_EDGE('',*,*,#2446,.T.);
#3459=ORIENTED_EDGE('',*,*,#2428,.T.);
#3460=ORIENTED_EDGE('',*,*,#2421,.F.);
#3461=ORIENTED_EDGE('',*,*,#2447,.T.);
#3462=ORIENTED_EDGE('',*,*,#2448,.T.);
#3463=ORIENTED_EDGE('',*,*,#2449,.T.);
#3464=ORIENTED_EDGE('',*,*,#2427,.F.);
#3465=ORIENTED_EDGE('',*,*,#2433,.T.);
#3466=ORIENTED_EDGE('',*,*,#2444,.T.);
#3467=ORIENTED_EDGE('',*,*,#2437,.T.);
#3468=ORIENTED_EDGE('',*,*,#2424,.T.);
#3469=ORIENTED_EDGE('',*,*,#2449,.F.);
#3470=ORIENTED_EDGE('',*,*,#2450,.F.);
#3471=ORIENTED_EDGE('',*,*,#2438,.T.);
#3472=ORIENTED_EDGE('',*,*,#2450,.T.);
#3473=ORIENTED_EDGE('',*,*,#2448,.F.);
#3474=ORIENTED_EDGE('',*,*,#2451,.F.);
#3475=ORIENTED_EDGE('',*,*,#2439,.T.);
#3476=ORIENTED_EDGE('',*,*,#2451,.T.);
#3477=ORIENTED_EDGE('',*,*,#2447,.F.);
#3478=ORIENTED_EDGE('',*,*,#2420,.F.);
#3479=ORIENTED_EDGE('',*,*,#2440,.F.);
#3480=ORIENTED_EDGE('',*,*,#2429,.F.);
#3481=ORIENTED_EDGE('',*,*,#2446,.F.);
#3482=ORIENTED_EDGE('',*,*,#2452,.T.);
#3483=ORIENTED_EDGE('',*,*,#2435,.T.);
#3484=ORIENTED_EDGE('',*,*,#2441,.T.);
#3485=ORIENTED_EDGE('',*,*,#2452,.F.);
#3486=ORIENTED_EDGE('',*,*,#2445,.F.);
#3487=ORIENTED_EDGE('',*,*,#2453,.F.);
#3488=ORIENTED_EDGE('',*,*,#2454,.F.);
#3489=ORIENTED_EDGE('',*,*,#2455,.F.);
#3490=ORIENTED_EDGE('',*,*,#2456,.F.);
#3491=ORIENTED_EDGE('',*,*,#2457,.T.);
#3492=ORIENTED_EDGE('',*,*,#2458,.F.);
#3493=ORIENTED_EDGE('',*,*,#2459,.F.);
#3494=ORIENTED_EDGE('',*,*,#2460,.F.);
#3495=ORIENTED_EDGE('',*,*,#2459,.T.);
#3496=ORIENTED_EDGE('',*,*,#2461,.T.);
#3497=ORIENTED_EDGE('',*,*,#2462,.F.);
#3498=ORIENTED_EDGE('',*,*,#2463,.F.);
#3499=ORIENTED_EDGE('',*,*,#2464,.F.);
#3500=ORIENTED_EDGE('',*,*,#2465,.F.);
#3501=ORIENTED_EDGE('',*,*,#2466,.F.);
#3502=ORIENTED_EDGE('',*,*,#2462,.T.);
#3503=ORIENTED_EDGE('',*,*,#2464,.T.);
#3504=ORIENTED_EDGE('',*,*,#2461,.F.);
#3505=ORIENTED_EDGE('',*,*,#2458,.T.);
#3506=ORIENTED_EDGE('',*,*,#2467,.F.);
#3507=ORIENTED_EDGE('',*,*,#2468,.F.);
#3508=ORIENTED_EDGE('',*,*,#2469,.F.);
#3509=ORIENTED_EDGE('',*,*,#2453,.T.);
#3510=ORIENTED_EDGE('',*,*,#2470,.F.);
#3511=ORIENTED_EDGE('',*,*,#2471,.T.);
#3512=ORIENTED_EDGE('',*,*,#2472,.F.);
#3513=ORIENTED_EDGE('',*,*,#2473,.F.);
#3514=ORIENTED_EDGE('',*,*,#2473,.T.);
#3515=ORIENTED_EDGE('',*,*,#2474,.T.);
#3516=ORIENTED_EDGE('',*,*,#2475,.F.);
#3517=ORIENTED_EDGE('',*,*,#2474,.F.);
#3518=ORIENTED_EDGE('',*,*,#2466,.T.);
#3519=ORIENTED_EDGE('',*,*,#2476,.T.);
#3520=ORIENTED_EDGE('',*,*,#2477,.T.);
#3521=ORIENTED_EDGE('',*,*,#2478,.T.);
#3522=ORIENTED_EDGE('',*,*,#2455,.T.);
#3523=ORIENTED_EDGE('',*,*,#2479,.T.);
#3524=ORIENTED_EDGE('',*,*,#2480,.T.);
#3525=ORIENTED_EDGE('',*,*,#2481,.T.);
#3526=ORIENTED_EDGE('',*,*,#2460,.T.);
#3527=ORIENTED_EDGE('',*,*,#2463,.T.);
#3528=ORIENTED_EDGE('',*,*,#2475,.T.);
#3529=ORIENTED_EDGE('',*,*,#2481,.F.);
#3530=ORIENTED_EDGE('',*,*,#2482,.T.);
#3531=ORIENTED_EDGE('',*,*,#2467,.T.);
#3532=ORIENTED_EDGE('',*,*,#2457,.F.);
#3533=ORIENTED_EDGE('',*,*,#2479,.F.);
#3534=ORIENTED_EDGE('',*,*,#2454,.T.);
#3535=ORIENTED_EDGE('',*,*,#2469,.T.);
#3536=ORIENTED_EDGE('',*,*,#2483,.F.);
#3537=ORIENTED_EDGE('',*,*,#2480,.F.);
#3538=ORIENTED_EDGE('',*,*,#2483,.T.);
#3539=ORIENTED_EDGE('',*,*,#2468,.T.);
#3540=ORIENTED_EDGE('',*,*,#2482,.F.);
#3541=ORIENTED_EDGE('',*,*,#2456,.T.);
#3542=ORIENTED_EDGE('',*,*,#2478,.F.);
#3543=ORIENTED_EDGE('',*,*,#2484,.T.);
#3544=ORIENTED_EDGE('',*,*,#2470,.T.);
#3545=ORIENTED_EDGE('',*,*,#2471,.F.);
#3546=ORIENTED_EDGE('',*,*,#2484,.F.);
#3547=ORIENTED_EDGE('',*,*,#2477,.F.);
#3548=ORIENTED_EDGE('',*,*,#2485,.T.);
#3549=ORIENTED_EDGE('',*,*,#2465,.T.);
#3550=ORIENTED_EDGE('',*,*,#2472,.T.);
#3551=ORIENTED_EDGE('',*,*,#2485,.F.);
#3552=ORIENTED_EDGE('',*,*,#2476,.F.);
#3553=ORIENTED_EDGE('',*,*,#2486,.F.);
#3554=ORIENTED_EDGE('',*,*,#2487,.T.);
#3555=ORIENTED_EDGE('',*,*,#2488,.F.);
#3556=ORIENTED_EDGE('',*,*,#2489,.F.);
#3557=ORIENTED_EDGE('',*,*,#2490,.F.);
#3558=ORIENTED_EDGE('',*,*,#2491,.T.);
#3559=ORIENTED_EDGE('',*,*,#2492,.F.);
#3560=ORIENTED_EDGE('',*,*,#2493,.F.);
#3561=ORIENTED_EDGE('',*,*,#2494,.F.);
#3562=ORIENTED_EDGE('',*,*,#2495,.T.);
#3563=ORIENTED_EDGE('',*,*,#2496,.F.);
#3564=ORIENTED_EDGE('',*,*,#2497,.F.);
#3565=ORIENTED_EDGE('',*,*,#2498,.F.);
#3566=ORIENTED_EDGE('',*,*,#2499,.T.);
#3567=ORIENTED_EDGE('',*,*,#2500,.F.);
#3568=ORIENTED_EDGE('',*,*,#2501,.F.);
#3569=ORIENTED_EDGE('',*,*,#2499,.F.);
#3570=ORIENTED_EDGE('',*,*,#2502,.F.);
#3571=ORIENTED_EDGE('',*,*,#2503,.T.);
#3572=ORIENTED_EDGE('',*,*,#2504,.T.);
#3573=ORIENTED_EDGE('',*,*,#2505,.F.);
#3574=ORIENTED_EDGE('',*,*,#2506,.F.);
#3575=ORIENTED_EDGE('',*,*,#2507,.T.);
#3576=ORIENTED_EDGE('',*,*,#2508,.F.);
#3577=ORIENTED_EDGE('',*,*,#2509,.F.);
#3578=ORIENTED_EDGE('',*,*,#2510,.F.);
#3579=ORIENTED_EDGE('',*,*,#2511,.T.);
#3580=ORIENTED_EDGE('',*,*,#2512,.T.);
#3581=ORIENTED_EDGE('',*,*,#2513,.F.);
#3582=ORIENTED_EDGE('',*,*,#2514,.F.);
#3583=ORIENTED_EDGE('',*,*,#2515,.F.);
#3584=ORIENTED_EDGE('',*,*,#2516,.T.);
#3585=ORIENTED_EDGE('',*,*,#2486,.T.);
#3586=ORIENTED_EDGE('',*,*,#2514,.T.);
#3587=ORIENTED_EDGE('',*,*,#2513,.T.);
#3588=ORIENTED_EDGE('',*,*,#2517,.T.);
#3589=ORIENTED_EDGE('',*,*,#2518,.F.);
#3590=ORIENTED_EDGE('',*,*,#2519,.T.);
#3591=ORIENTED_EDGE('',*,*,#2520,.T.);
#3592=ORIENTED_EDGE('',*,*,#2521,.T.);
#3593=ORIENTED_EDGE('',*,*,#2522,.T.);
#3594=ORIENTED_EDGE('',*,*,#2523,.T.);
#3595=ORIENTED_EDGE('',*,*,#2524,.F.);
#3596=ORIENTED_EDGE('',*,*,#2525,.T.);
#3597=ORIENTED_EDGE('',*,*,#2526,.T.);
#3598=ORIENTED_EDGE('',*,*,#2527,.T.);
#3599=ORIENTED_EDGE('',*,*,#2528,.F.);
#3600=ORIENTED_EDGE('',*,*,#2529,.T.);
#3601=ORIENTED_EDGE('',*,*,#2530,.T.);
#3602=ORIENTED_EDGE('',*,*,#2531,.T.);
#3603=ORIENTED_EDGE('',*,*,#2532,.F.);
#3604=ORIENTED_EDGE('',*,*,#2515,.T.);
#3605=ORIENTED_EDGE('',*,*,#2518,.T.);
#3606=ORIENTED_EDGE('',*,*,#2533,.F.);
#3607=ORIENTED_EDGE('',*,*,#2534,.F.);
#3608=ORIENTED_EDGE('',*,*,#2535,.T.);
#3609=ORIENTED_EDGE('',*,*,#2536,.T.);
#3610=ORIENTED_EDGE('',*,*,#2537,.F.);
#3611=ORIENTED_EDGE('',*,*,#2538,.F.);
#3612=ORIENTED_EDGE('',*,*,#2539,.T.);
#3613=ORIENTED_EDGE('',*,*,#2540,.T.);
#3614=ORIENTED_EDGE('',*,*,#2541,.F.);
#3615=ORIENTED_EDGE('',*,*,#2542,.F.);
#3616=ORIENTED_EDGE('',*,*,#2543,.T.);
#3617=ORIENTED_EDGE('',*,*,#2520,.F.);
#3618=ORIENTED_EDGE('',*,*,#2516,.F.);
#3619=ORIENTED_EDGE('',*,*,#2532,.T.);
#3620=ORIENTED_EDGE('',*,*,#2544,.F.);
#3621=ORIENTED_EDGE('',*,*,#2487,.F.);
#3622=ORIENTED_EDGE('',*,*,#2545,.T.);
#3623=ORIENTED_EDGE('',*,*,#2541,.T.);
#3624=ORIENTED_EDGE('',*,*,#2546,.T.);
#3625=ORIENTED_EDGE('',*,*,#2504,.F.);
#3626=ORIENTED_EDGE('',*,*,#2547,.F.);
#3627=ORIENTED_EDGE('',*,*,#2496,.T.);
#3628=ORIENTED_EDGE('',*,*,#2548,.T.);
#3629=ORIENTED_EDGE('',*,*,#2523,.F.);
#3630=ORIENTED_EDGE('',*,*,#2517,.F.);
#3631=ORIENTED_EDGE('',*,*,#2512,.F.);
#3632=ORIENTED_EDGE('',*,*,#2549,.F.);
#3633=ORIENTED_EDGE('',*,*,#2533,.T.);
#3634=ORIENTED_EDGE('',*,*,#2544,.T.);
#3635=ORIENTED_EDGE('',*,*,#2531,.F.);
#3636=ORIENTED_EDGE('',*,*,#2550,.F.);
#3637=ORIENTED_EDGE('',*,*,#2488,.T.);
#3638=ORIENTED_EDGE('',*,*,#2551,.T.);
#3639=ORIENTED_EDGE('',*,*,#2552,.T.);
#3640=ORIENTED_EDGE('',*,*,#2527,.F.);
#3641=ORIENTED_EDGE('',*,*,#2553,.T.);
#3642=ORIENTED_EDGE('',*,*,#2554,.T.);
#3643=ORIENTED_EDGE('',*,*,#2555,.T.);
#3644=ORIENTED_EDGE('',*,*,#2537,.T.);
#3645=ORIENTED_EDGE('',*,*,#2556,.T.);
#3646=ORIENTED_EDGE('',*,*,#2545,.F.);
#3647=ORIENTED_EDGE('',*,*,#2503,.F.);
#3648=ORIENTED_EDGE('',*,*,#2557,.F.);
#3649=ORIENTED_EDGE('',*,*,#2542,.T.);
#3650=ORIENTED_EDGE('',*,*,#2502,.T.);
#3651=ORIENTED_EDGE('',*,*,#2498,.T.);
#3652=ORIENTED_EDGE('',*,*,#2558,.F.);
#3653=ORIENTED_EDGE('',*,*,#2521,.F.);
#3654=ORIENTED_EDGE('',*,*,#2543,.F.);
#3655=ORIENTED_EDGE('',*,*,#2557,.T.);
#3656=ORIENTED_EDGE('',*,*,#2489,.T.);
#3657=ORIENTED_EDGE('',*,*,#2550,.T.);
#3658=ORIENTED_EDGE('',*,*,#2530,.F.);
#3659=ORIENTED_EDGE('',*,*,#2559,.T.);
#3660=ORIENTED_EDGE('',*,*,#2549,.T.);
#3661=ORIENTED_EDGE('',*,*,#2511,.F.);
#3662=ORIENTED_EDGE('',*,*,#2560,.T.);
#3663=ORIENTED_EDGE('',*,*,#2534,.T.);
#3664=ORIENTED_EDGE('',*,*,#2490,.T.);
#3665=ORIENTED_EDGE('',*,*,#2559,.F.);
#3666=ORIENTED_EDGE('',*,*,#2529,.F.);
#3667=ORIENTED_EDGE('',*,*,#2561,.T.);
#3668=ORIENTED_EDGE('',*,*,#2510,.T.);
#3669=ORIENTED_EDGE('',*,*,#2562,.T.);
#3670=ORIENTED_EDGE('',*,*,#2535,.F.);
#3671=ORIENTED_EDGE('',*,*,#2560,.F.);
#3672=ORIENTED_EDGE('',*,*,#2563,.T.);
#3673=ORIENTED_EDGE('',*,*,#2564,.T.);
#3674=ORIENTED_EDGE('',*,*,#2565,.T.);
#3675=ORIENTED_EDGE('',*,*,#2491,.F.);
#3676=ORIENTED_EDGE('',*,*,#2561,.F.);
#3677=ORIENTED_EDGE('',*,*,#2528,.T.);
#3678=ORIENTED_EDGE('',*,*,#2552,.F.);
#3679=ORIENTED_EDGE('',*,*,#2566,.T.);
#3680=ORIENTED_EDGE('',*,*,#2556,.F.);
#3681=ORIENTED_EDGE('',*,*,#2536,.F.);
#3682=ORIENTED_EDGE('',*,*,#2562,.F.);
#3683=ORIENTED_EDGE('',*,*,#2509,.T.);
#3684=ORIENTED_EDGE('',*,*,#2567,.T.);
#3685=ORIENTED_EDGE('',*,*,#2568,.F.);
#3686=ORIENTED_EDGE('',*,*,#2563,.F.);
#3687=ORIENTED_EDGE('',*,*,#2551,.F.);
#3688=ORIENTED_EDGE('',*,*,#2569,.F.);
#3689=ORIENTED_EDGE('',*,*,#2570,.T.);
#3690=ORIENTED_EDGE('',*,*,#2570,.F.);
#3691=ORIENTED_EDGE('',*,*,#2571,.T.);
#3692=ORIENTED_EDGE('',*,*,#2572,.T.);
#3693=ORIENTED_EDGE('',*,*,#2564,.F.);
#3694=ORIENTED_EDGE('',*,*,#2492,.T.);
#3695=ORIENTED_EDGE('',*,*,#2565,.F.);
#3696=ORIENTED_EDGE('',*,*,#2572,.F.);
#3697=ORIENTED_EDGE('',*,*,#2573,.F.);
#3698=ORIENTED_EDGE('',*,*,#2508,.T.);
#3699=ORIENTED_EDGE('',*,*,#2574,.F.);
#3700=ORIENTED_EDGE('',*,*,#2575,.F.);
#3701=ORIENTED_EDGE('',*,*,#2567,.F.);
#3702=ORIENTED_EDGE('',*,*,#2569,.T.);
#3703=ORIENTED_EDGE('',*,*,#2553,.F.);
#3704=ORIENTED_EDGE('',*,*,#2526,.F.);
#3705=ORIENTED_EDGE('',*,*,#2576,.T.);
#3706=ORIENTED_EDGE('',*,*,#2493,.T.);
#3707=ORIENTED_EDGE('',*,*,#2573,.T.);
#3708=ORIENTED_EDGE('',*,*,#2571,.F.);
#3709=ORIENTED_EDGE('',*,*,#2577,.T.);
#3710=ORIENTED_EDGE('',*,*,#2578,.T.);
#3711=ORIENTED_EDGE('',*,*,#2574,.T.);
#3712=ORIENTED_EDGE('',*,*,#2507,.F.);
#3713=ORIENTED_EDGE('',*,*,#2579,.T.);
#3714=ORIENTED_EDGE('',*,*,#2538,.T.);
#3715=ORIENTED_EDGE('',*,*,#2555,.F.);
#3716=ORIENTED_EDGE('',*,*,#2494,.T.);
#3717=ORIENTED_EDGE('',*,*,#2576,.F.);
#3718=ORIENTED_EDGE('',*,*,#2525,.F.);
#3719=ORIENTED_EDGE('',*,*,#2580,.T.);
#3720=ORIENTED_EDGE('',*,*,#2506,.T.);
#3721=ORIENTED_EDGE('',*,*,#2581,.T.);
#3722=ORIENTED_EDGE('',*,*,#2539,.F.);
#3723=ORIENTED_EDGE('',*,*,#2579,.F.);
#3724=ORIENTED_EDGE('',*,*,#2495,.F.);
#3725=ORIENTED_EDGE('',*,*,#2580,.F.);
#3726=ORIENTED_EDGE('',*,*,#2524,.T.);
#3727=ORIENTED_EDGE('',*,*,#2548,.F.);
#3728=ORIENTED_EDGE('',*,*,#2546,.F.);
#3729=ORIENTED_EDGE('',*,*,#2540,.F.);
#3730=ORIENTED_EDGE('',*,*,#2581,.F.);
#3731=ORIENTED_EDGE('',*,*,#2505,.T.);
#3732=ORIENTED_EDGE('',*,*,#2577,.F.);
#3733=ORIENTED_EDGE('',*,*,#2554,.F.);
#3734=ORIENTED_EDGE('',*,*,#2566,.F.);
#3735=ORIENTED_EDGE('',*,*,#2582,.T.);
#3736=ORIENTED_EDGE('',*,*,#2582,.F.);
#3737=ORIENTED_EDGE('',*,*,#2568,.T.);
#3738=ORIENTED_EDGE('',*,*,#2575,.T.);
#3739=ORIENTED_EDGE('',*,*,#2578,.F.);
#3740=ORIENTED_EDGE('',*,*,#2500,.T.);
#3741=ORIENTED_EDGE('',*,*,#2501,.T.);
#3742=ORIENTED_EDGE('',*,*,#2583,.T.);
#3743=ORIENTED_EDGE('',*,*,#2584,.F.);
#3744=ORIENTED_EDGE('',*,*,#2585,.F.);
#3745=ORIENTED_EDGE('',*,*,#2586,.F.);
#3746=ORIENTED_EDGE('',*,*,#2583,.F.);
#3747=ORIENTED_EDGE('',*,*,#2584,.T.);
#3748=ORIENTED_EDGE('',*,*,#2586,.T.);
#3749=ORIENTED_EDGE('',*,*,#2587,.T.);
#3750=ORIENTED_EDGE('',*,*,#2588,.F.);
#3751=ORIENTED_EDGE('',*,*,#2585,.T.);
#3752=ORIENTED_EDGE('',*,*,#2588,.T.);
#3753=ORIENTED_EDGE('',*,*,#2587,.F.);
#3754=ORIENTED_EDGE('',*,*,#2497,.T.);
#3755=ORIENTED_EDGE('',*,*,#2547,.T.);
#3756=ORIENTED_EDGE('',*,*,#2522,.F.);
#3757=ORIENTED_EDGE('',*,*,#2558,.T.);
#3758=ORIENTED_EDGE('',*,*,#2519,.F.);
#3759=ORIENTED_EDGE('',*,*,#2589,.F.);
#3760=ORIENTED_EDGE('',*,*,#2590,.T.);
#3761=ORIENTED_EDGE('',*,*,#2591,.T.);
#3762=ORIENTED_EDGE('',*,*,#2589,.T.);
#3763=ORIENTED_EDGE('',*,*,#2591,.F.);
#3764=ORIENTED_EDGE('',*,*,#2590,.F.);
#3765=ORIENTED_EDGE('',*,*,#2592,.T.);
#3766=ORIENTED_EDGE('',*,*,#2593,.F.);
#3767=ORIENTED_EDGE('',*,*,#2592,.F.);
#3768=ORIENTED_EDGE('',*,*,#2594,.F.);
#3769=ORIENTED_EDGE('',*,*,#2594,.T.);
#3770=ORIENTED_EDGE('',*,*,#2595,.T.);
#3771=ORIENTED_EDGE('',*,*,#2596,.F.);
#3772=ORIENTED_EDGE('',*,*,#2597,.F.);
#3773=ORIENTED_EDGE('',*,*,#2593,.T.);
#3774=ORIENTED_EDGE('',*,*,#2597,.T.);
#3775=ORIENTED_EDGE('',*,*,#2598,.F.);
#3776=ORIENTED_EDGE('',*,*,#2595,.F.);
#3777=ORIENTED_EDGE('',*,*,#2596,.T.);
#3778=ORIENTED_EDGE('',*,*,#2598,.T.);
#3779=ORIENTED_EDGE('',*,*,#2599,.F.);
#3780=ORIENTED_EDGE('',*,*,#2600,.F.);
#3781=ORIENTED_EDGE('',*,*,#2601,.F.);
#3782=ORIENTED_EDGE('',*,*,#2602,.F.);
#3783=PLANE('',#4239);
#3784=PLANE('',#4251);
#3785=PLANE('',#4263);
#3786=PLANE('',#4266);
#3787=PLANE('',#4268);
#3788=PLANE('',#4269);
#3789=PLANE('',#4270);
#3790=PLANE('',#4273);
#3791=PLANE('',#4275);
#3792=PLANE('',#4276);
#3793=PLANE('',#4287);
#3794=PLANE('',#4289);
#3795=PLANE('',#4295);
#3796=PLANE('',#4300);
#3797=PLANE('',#4302);
#3798=PLANE('',#4303);
#3799=PLANE('',#4307);
#3800=PLANE('',#4308);
#3801=PLANE('',#4309);
#3802=PLANE('',#4310);
#3803=PLANE('',#4311);
#3804=PLANE('',#4312);
#3805=PLANE('',#4313);
#3806=PLANE('',#4314);
#3807=PLANE('',#4315);
#3808=PLANE('',#4316);
#3809=PLANE('',#4317);
#3810=PLANE('',#4318);
#3811=PLANE('',#4319);
#3812=PLANE('',#4320);
#3813=PLANE('',#4321);
#3814=PLANE('',#4322);
#3815=PLANE('',#4323);
#3816=PLANE('',#4324);
#3817=PLANE('',#4325);
#3818=PLANE('',#4326);
#3819=PLANE('',#4327);
#3820=PLANE('',#4328);
#3821=PLANE('',#4329);
#3822=PLANE('',#4330);
#3823=PLANE('',#4331);
#3824=PLANE('',#4332);
#3825=PLANE('',#4333);
#3826=PLANE('',#4339);
#3827=PLANE('',#4342);
#3828=PLANE('',#4343);
#3829=PLANE('',#4344);
#3830=PLANE('',#4345);
#3831=PLANE('',#4346);
#3832=PLANE('',#4347);
#3833=PLANE('',#4348);
#3834=PLANE('',#4354);
#3835=PLANE('',#4355);
#3836=PLANE('',#4356);
#3837=PLANE('',#4361);
#3838=PLANE('',#4362);
#3839=PLANE('',#4363);
#3840=PLANE('',#4364);
#3841=PLANE('',#4365);
#3842=PLANE('',#4366);
#3843=PLANE('',#4367);
#3844=PLANE('',#4368);
#3845=PLANE('',#4369);
#3846=PLANE('',#4370);
#3847=PLANE('',#4376);
#3848=PLANE('',#4377);
#3849=PLANE('',#4378);
#3850=PLANE('',#4379);
#3851=PLANE('',#4380);
#3852=PLANE('',#4381);
#3853=PLANE('',#4382);
#3854=PLANE('',#4387);
#3855=PLANE('',#4391);
#3856=PLANE('',#4392);
#3857=PLANE('',#4393);
#3858=PLANE('',#4394);
#3859=PLANE('',#4395);
#3860=PLANE('',#4396);
#3861=PLANE('',#4397);
#3862=PLANE('',#4399);
#3863=PLANE('',#4400);
#3864=PLANE('',#4403);
#3865=PLANE('',#4404);
#3866=PLANE('',#4405);
#3867=PLANE('',#4406);
#3868=PLANE('',#4407);
#3869=PLANE('',#4408);
#3870=PLANE('',#4409);
#3871=PLANE('',#4410);
#3872=PLANE('',#4411);
#3873=PLANE('',#4412);
#3874=PLANE('',#4413);
#3875=PLANE('',#4417);
#3876=PLANE('',#4418);
#3877=PLANE('',#4419);
#3878=PLANE('',#4420);
#3879=PLANE('',#4421);
#3880=PLANE('',#4422);
#3881=PLANE('',#4423);
#3882=PLANE('',#4424);
#3883=PLANE('',#4425);
#3884=PLANE('',#4426);
#3885=PLANE('',#4427);
#3886=PLANE('',#4428);
#3887=PLANE('',#4429);
#3888=PLANE('',#4430);
#3889=PLANE('',#4431);
#3890=PLANE('',#4432);
#3891=PLANE('',#4433);
#3892=PLANE('',#4434);
#3893=PLANE('',#4435);
#3894=PLANE('',#4436);
#3895=PLANE('',#4437);
#3896=PLANE('',#4438);
#3897=PLANE('',#4439);
#3898=PLANE('',#4440);
#3899=PLANE('',#4441);
#3900=PLANE('',#4442);
#3901=PLANE('',#4443);
#3902=PLANE('',#4444);
#3903=PLANE('',#4445);
#3904=PLANE('',#4446);
#3905=PLANE('',#4447);
#3906=PLANE('',#4448);
#3907=PLANE('',#4449);
#3908=PLANE('',#4450);
#3909=PLANE('',#4451);
#3910=PLANE('',#4452);
#3911=PLANE('',#4453);
#3912=PLANE('',#4454);
#3913=PLANE('',#4459);
#3914=PLANE('',#4461);
#3915=PLANE('',#4463);
#3916=PLANE('',#4464);
#3917=PLANE('',#4465);
#3918=PLANE('',#4466);
#3919=PLANE('',#4467);
#3920=PLANE('',#4468);
#3921=PLANE('',#4469);
#3922=PLANE('',#4470);
#3923=PLANE('',#4475);
#3924=PLANE('',#4477);
#3925=PLANE('',#4478);
#3926=PLANE('',#4480);
#3927=PLANE('',#4481);
#3928=PLANE('',#4482);
#3929=PLANE('',#4500);
#3930=PLANE('',#4502);
#3931=PLANE('',#4517);
#3932=PLANE('',#4518);
#3933=PLANE('',#4519);
#3934=PLANE('',#4520);
#3935=PLANE('',#4521);
#3936=PLANE('',#4522);
#3937=PLANE('',#4523);
#3938=PLANE('',#4524);
#3939=PLANE('',#4525);
#3940=PLANE('',#4526);
#3941=PLANE('',#4527);
#3942=PLANE('',#4528);
#3943=PLANE('',#4529);
#3944=PLANE('',#4530);
#3945=PLANE('',#4531);
#3946=PLANE('',#4532);
#3947=PLANE('',#4533);
#3948=PLANE('',#4534);
#3949=PLANE('',#4535);
#3950=PLANE('',#4536);
#3951=PLANE('',#4537);
#3952=PLANE('',#4538);
#3953=PLANE('',#4539);
#3954=PLANE('',#4540);
#3955=PLANE('',#4541);
#3956=PLANE('',#4542);
#3957=PLANE('',#4543);
#3958=PLANE('',#4549);
#3959=PLANE('',#4550);
#3960=PLANE('',#4554);
#3961=PLANE('',#4556);
#3962=PLANE('',#4557);
#3963=PLANE('',#4558);
#3964=ADVANCED_FACE('',(#1055,#130),#3783,.T.);
#3965=ADVANCED_FACE('',(#1056),#106,.T.);
#3966=ADVANCED_FACE('',(#1057),#102,.T.);
#3967=ADVANCED_FACE('',(#1058,#131),#3784,.F.);
#3968=ADVANCED_FACE('',(#1059,#132),#107,.F.);
#3969=ADVANCED_FACE('',(#1060),#3785,.F.);
#3970=ADVANCED_FACE('',(#1061),#3786,.F.);
#3971=ADVANCED_FACE('',(#1062),#3787,.F.);
#3972=ADVANCED_FACE('',(#1063),#3788,.F.);
#3973=ADVANCED_FACE('',(#1064),#3789,.F.);
#3974=ADVANCED_FACE('',(#1065),#3790,.F.);
#3975=ADVANCED_FACE('',(#1066),#3791,.F.);
#3976=ADVANCED_FACE('',(#1067),#3792,.F.);
#3977=ADVANCED_FACE('',(#1068,#133),#108,.T.);
#3978=ADVANCED_FACE('',(#1069),#3793,.T.);
#3979=ADVANCED_FACE('',(#1070),#3794,.T.);
#3980=ADVANCED_FACE('',(#1071),#109,.T.);
#3981=ADVANCED_FACE('',(#1072),#110,.F.);
#3982=ADVANCED_FACE('',(#1073),#111,.T.);
#3983=ADVANCED_FACE('',(#1074),#3795,.T.);
#3984=ADVANCED_FACE('',(#1075),#103,.T.);
#3985=ADVANCED_FACE('',(#1076),#104,.T.);
#3986=ADVANCED_FACE('',(#1077,#134),#3796,.T.);
#3987=ADVANCED_FACE('',(#1078),#3797,.T.);
#3988=ADVANCED_FACE('',(#1079),#3798,.T.);
#3989=ADVANCED_FACE('',(#1080),#112,.T.);
#3990=ADVANCED_FACE('',(#1081),#113,.F.);
#3991=ADVANCED_FACE('',(#1082),#114,.T.);
#3992=ADVANCED_FACE('',(#1083),#3799,.T.);
#3993=ADVANCED_FACE('',(#1084),#3800,.T.);
#3994=ADVANCED_FACE('',(#1085),#3801,.T.);
#3995=ADVANCED_FACE('',(#1086),#3802,.T.);
#3996=ADVANCED_FACE('',(#1087),#3803,.F.);
#3997=ADVANCED_FACE('',(#1088),#3804,.F.);
#3998=ADVANCED_FACE('',(#1089),#3805,.F.);
#3999=ADVANCED_FACE('',(#1090),#3806,.F.);
#4000=ADVANCED_FACE('',(#1091),#3807,.F.);
#4001=ADVANCED_FACE('',(#1092),#3808,.F.);
#4002=ADVANCED_FACE('',(#1093),#3809,.F.);
#4003=ADVANCED_FACE('',(#1094),#3810,.F.);
#4004=ADVANCED_FACE('',(#1095),#3811,.F.);
#4005=ADVANCED_FACE('',(#1096),#3812,.F.);
#4006=ADVANCED_FACE('',(#1097),#3813,.F.);
#4007=ADVANCED_FACE('',(#1098),#3814,.F.);
#4008=ADVANCED_FACE('',(#1099),#3815,.T.);
#4009=ADVANCED_FACE('',(#1100),#3816,.T.);
#4010=ADVANCED_FACE('',(#1101),#3817,.F.);
#4011=ADVANCED_FACE('',(#1102),#3818,.F.);
#4012=ADVANCED_FACE('',(#1103),#3819,.F.);
#4013=ADVANCED_FACE('',(#1104),#3820,.F.);
#4014=ADVANCED_FACE('',(#1105),#3821,.F.);
#4015=ADVANCED_FACE('',(#1106),#3822,.F.);
#4016=ADVANCED_FACE('',(#1107),#3823,.T.);
#4017=ADVANCED_FACE('',(#1108),#3824,.T.);
#4018=ADVANCED_FACE('',(#1109),#3825,.T.);
#4019=ADVANCED_FACE('',(#1110),#55,.F.);
#4020=ADVANCED_FACE('',(#1111),#56,.F.);
#4021=ADVANCED_FACE('',(#1112),#57,.F.);
#4022=ADVANCED_FACE('',(#1113,#135),#3826,.T.);
#4023=ADVANCED_FACE('',(#1114),#3827,.T.);
#4024=ADVANCED_FACE('',(#1115),#3828,.T.);
#4025=ADVANCED_FACE('',(#1116),#3829,.T.);
#4026=ADVANCED_FACE('',(#1117),#3830,.T.);
#4027=ADVANCED_FACE('',(#1118),#3831,.T.);
#4028=ADVANCED_FACE('',(#1119),#3832,.T.);
#4029=ADVANCED_FACE('',(#1120),#3833,.T.);
#4030=ADVANCED_FACE('',(#1121),#115,.F.);
#4031=ADVANCED_FACE('',(#1122),#53,.F.);
#4032=ADVANCED_FACE('',(#1123),#116,.F.);
#4033=ADVANCED_FACE('',(#1124),#3834,.F.);
#4034=ADVANCED_FACE('',(#1125),#3835,.F.);
#4035=ADVANCED_FACE('',(#1126,#136),#3836,.T.);
#4036=ADVANCED_FACE('',(#1127),#58,.F.);
#4037=ADVANCED_FACE('',(#1128),#59,.F.);
#4038=ADVANCED_FACE('',(#1129),#60,.F.);
#4039=ADVANCED_FACE('',(#1130),#3837,.T.);
#4040=ADVANCED_FACE('',(#1131),#3838,.T.);
#4041=ADVANCED_FACE('',(#1132),#3839,.T.);
#4042=ADVANCED_FACE('',(#1133),#3840,.T.);
#4043=ADVANCED_FACE('',(#1134),#3841,.T.);
#4044=ADVANCED_FACE('',(#1135),#3842,.T.);
#4045=ADVANCED_FACE('',(#1136),#3843,.T.);
#4046=ADVANCED_FACE('',(#1137),#3844,.T.);
#4047=ADVANCED_FACE('',(#1138),#3845,.T.);
#4048=ADVANCED_FACE('',(#1139),#3846,.T.);
#4049=ADVANCED_FACE('',(#1140),#117,.F.);
#4050=ADVANCED_FACE('',(#1141),#54,.F.);
#4051=ADVANCED_FACE('',(#1142),#118,.F.);
#4052=ADVANCED_FACE('',(#1143),#3847,.T.);
#4053=ADVANCED_FACE('',(#1144),#3848,.T.);
#4054=ADVANCED_FACE('',(#1145),#3849,.F.);
#4055=ADVANCED_FACE('',(#1146),#3850,.F.);
#4056=ADVANCED_FACE('',(#1147),#3851,.F.);
#4057=ADVANCED_FACE('',(#1148),#3852,.T.);
#4058=ADVANCED_FACE('',(#1149),#3853,.F.);
#4059=ADVANCED_FACE('',(#1150),#119,.F.);
#4060=ADVANCED_FACE('',(#1151,#137),#3854,.T.);
#4061=ADVANCED_FACE('',(#1152),#120,.T.);
#4062=ADVANCED_FACE('',(#1153),#3855,.T.);
#4063=ADVANCED_FACE('',(#1154),#3856,.T.);
#4064=ADVANCED_FACE('',(#1155),#3857,.T.);
#4065=ADVANCED_FACE('',(#1156),#3858,.F.);
#4066=ADVANCED_FACE('',(#1157),#3859,.F.);
#4067=ADVANCED_FACE('',(#1158),#3860,.T.);
#4068=ADVANCED_FACE('',(#1159),#3861,.T.);
#4069=ADVANCED_FACE('',(#1160),#3862,.T.);
#4070=ADVANCED_FACE('',(#1161),#3863,.T.);
#4071=ADVANCED_FACE('',(#1162),#121,.F.);
#4072=ADVANCED_FACE('',(#1163),#3864,.F.);
#4073=ADVANCED_FACE('',(#1164),#3865,.F.);
#4074=ADVANCED_FACE('',(#1165),#3866,.F.);
#4075=ADVANCED_FACE('',(#1166),#3867,.T.);
#4076=ADVANCED_FACE('',(#1167),#3868,.T.);
#4077=ADVANCED_FACE('',(#1168),#3869,.T.);
#4078=ADVANCED_FACE('',(#1169),#3870,.T.);
#4079=ADVANCED_FACE('',(#1170),#3871,.T.);
#4080=ADVANCED_FACE('',(#1171),#3872,.T.);
#4081=ADVANCED_FACE('',(#1172),#3873,.T.);
#4082=ADVANCED_FACE('',(#1173),#3874,.T.);
#4083=ADVANCED_FACE('',(#1174),#122,.F.);
#4084=ADVANCED_FACE('',(#1175),#3875,.T.);
#4085=ADVANCED_FACE('',(#1176),#3876,.T.);
#4086=ADVANCED_FACE('',(#1177),#3877,.T.);
#4087=ADVANCED_FACE('',(#1178),#3878,.T.);
#4088=ADVANCED_FACE('',(#1179),#3879,.T.);
#4089=ADVANCED_FACE('',(#1180),#3880,.T.);
#4090=ADVANCED_FACE('',(#1181),#3881,.T.);
#4091=ADVANCED_FACE('',(#1182),#3882,.T.);
#4092=ADVANCED_FACE('',(#1183),#3883,.T.);
#4093=ADVANCED_FACE('',(#1184),#3884,.T.);
#4094=ADVANCED_FACE('',(#1185),#3885,.T.);
#4095=ADVANCED_FACE('',(#1186,#138,#139,#140),#3886,.T.);
#4096=ADVANCED_FACE('',(#1187,#141,#142,#143),#3887,.T.);
#4097=ADVANCED_FACE('',(#1188),#3888,.T.);
#4098=ADVANCED_FACE('',(#1189),#3889,.T.);
#4099=ADVANCED_FACE('',(#1190),#3890,.T.);
#4100=ADVANCED_FACE('',(#1191),#3891,.T.);
#4101=ADVANCED_FACE('',(#1192),#3892,.T.);
#4102=ADVANCED_FACE('',(#1193),#3893,.T.);
#4103=ADVANCED_FACE('',(#1194),#3894,.T.);
#4104=ADVANCED_FACE('',(#1195),#3895,.T.);
#4105=ADVANCED_FACE('',(#1196),#3896,.T.);
#4106=ADVANCED_FACE('',(#1197),#3897,.T.);
#4107=ADVANCED_FACE('',(#1198,#144),#3898,.T.);
#4108=ADVANCED_FACE('',(#1199),#3899,.T.);
#4109=ADVANCED_FACE('',(#1200),#3900,.T.);
#4110=ADVANCED_FACE('',(#1201),#3901,.T.);
#4111=ADVANCED_FACE('',(#1202),#3902,.T.);
#4112=ADVANCED_FACE('',(#1203),#3903,.F.);
#4113=ADVANCED_FACE('',(#1204,#145),#3904,.F.);
#4114=ADVANCED_FACE('',(#1205),#3905,.F.);
#4115=ADVANCED_FACE('',(#1206),#3906,.T.);
#4116=ADVANCED_FACE('',(#1207),#3907,.F.);
#4117=ADVANCED_FACE('',(#1208),#3908,.F.);
#4118=ADVANCED_FACE('',(#1209),#3909,.T.);
#4119=ADVANCED_FACE('',(#1210),#3910,.T.);
#4120=ADVANCED_FACE('',(#1211),#3911,.T.);
#4121=ADVANCED_FACE('',(#1212,#146),#3912,.F.);
#4122=ADVANCED_FACE('',(#1213),#123,.F.);
#4123=ADVANCED_FACE('',(#1214,#147),#3913,.F.);
#4124=ADVANCED_FACE('',(#1215),#3914,.T.);
#4125=ADVANCED_FACE('',(#1216),#124,.F.);
#4126=ADVANCED_FACE('',(#1217),#3915,.T.);
#4127=ADVANCED_FACE('',(#1218),#3916,.T.);
#4128=ADVANCED_FACE('',(#1219),#3917,.T.);
#4129=ADVANCED_FACE('',(#1220),#3918,.F.);
#4130=ADVANCED_FACE('',(#1221),#3919,.F.);
#4131=ADVANCED_FACE('',(#1222),#3920,.F.);
#4132=ADVANCED_FACE('',(#1223),#3921,.T.);
#4133=ADVANCED_FACE('',(#1224,#148),#3922,.T.);
#4134=ADVANCED_FACE('',(#1225),#125,.F.);
#4135=ADVANCED_FACE('',(#1226,#149),#3923,.T.);
#4136=ADVANCED_FACE('',(#1227),#3924,.F.);
#4137=ADVANCED_FACE('',(#1228),#3925,.F.);
#4138=ADVANCED_FACE('',(#1229),#126,.F.);
#4139=ADVANCED_FACE('',(#1230),#3926,.F.);
#4140=ADVANCED_FACE('',(#1231),#3927,.T.);
#4141=ADVANCED_FACE('',(#1232),#3928,.F.);
#4142=ADVANCED_FACE('',(#1233),#127,.T.);
#4143=ADVANCED_FACE('',(#1234),#3929,.T.);
#4144=ADVANCED_FACE('',(#1235),#3930,.T.);
#4145=ADVANCED_FACE('',(#1236),#128,.F.);
#4146=ADVANCED_FACE('',(#1237),#3931,.T.);
#4147=ADVANCED_FACE('',(#1238),#3932,.T.);
#4148=ADVANCED_FACE('',(#1239),#3933,.T.);
#4149=ADVANCED_FACE('',(#1240),#3934,.T.);
#4150=ADVANCED_FACE('',(#1241),#3935,.T.);
#4151=ADVANCED_FACE('',(#1242),#3936,.T.);
#4152=ADVANCED_FACE('',(#1243),#3937,.T.);
#4153=ADVANCED_FACE('',(#1244),#3938,.F.);
#4154=ADVANCED_FACE('',(#1245),#3939,.F.);
#4155=ADVANCED_FACE('',(#1246),#3940,.F.);
#4156=ADVANCED_FACE('',(#1247),#3941,.F.);
#4157=ADVANCED_FACE('',(#1248),#3942,.F.);
#4158=ADVANCED_FACE('',(#1249),#3943,.F.);
#4159=ADVANCED_FACE('',(#1250),#3944,.F.);
#4160=ADVANCED_FACE('',(#1251),#3945,.F.);
#4161=ADVANCED_FACE('',(#1252),#3946,.T.);
#4162=ADVANCED_FACE('',(#1253),#3947,.T.);
#4163=ADVANCED_FACE('',(#1254),#3948,.F.);
#4164=ADVANCED_FACE('',(#1255),#3949,.F.);
#4165=ADVANCED_FACE('',(#1256),#3950,.F.);
#4166=ADVANCED_FACE('',(#1257),#3951,.F.);
#4167=ADVANCED_FACE('',(#1258),#3952,.F.);
#4168=ADVANCED_FACE('',(#1259),#3953,.F.);
#4169=ADVANCED_FACE('',(#1260),#3954,.F.);
#4170=ADVANCED_FACE('',(#1261),#3955,.F.);
#4171=ADVANCED_FACE('',(#1262),#3956,.T.);
#4172=ADVANCED_FACE('',(#1263),#3957,.T.);
#4173=ADVANCED_FACE('',(#1264),#105,.T.);
#4174=ADVANCED_FACE('',(#1265),#61,.F.);
#4175=ADVANCED_FACE('',(#1266),#62,.F.);
#4176=ADVANCED_FACE('',(#1267),#3958,.F.);
#4177=ADVANCED_FACE('',(#1268,#150),#3959,.T.);
#4178=ADVANCED_FACE('',(#1269),#129,.T.);
#4179=ADVANCED_FACE('',(#1270),#3960,.T.);
#4180=ADVANCED_FACE('',(#1271),#3961,.F.);
#4181=ADVANCED_FACE('',(#1272),#3962,.F.);
#4182=ADVANCED_FACE('',(#1273),#29,.T.);
#4183=ADVANCED_FACE('',(#1274),#30,.T.);
#4184=ADVANCED_FACE('',(#1275),#3963,.T.);
#4185=ADVANCED_FACE('',(#1276),#31,.F.);
#4186=CLOSED_SHELL('',(#3964,#3965,#3966,#3967,#3968,#3969,#3970,#3971,
#3972,#3973,#3974,#3975,#3976,#3977,#3978,#3979,#3980,#3981,#3982,#3983,
#3984,#3985,#3986,#3987,#3988,#3989,#3990,#3991,#3992,#3993,#3994,#3995,
#3996,#3997,#3998,#3999,#4000,#4001,#4002,#4003,#4004,#4005,#4006,#4007,
#4008,#4009,#4010,#4011,#4012,#4013,#4014,#4015,#4016,#4017,#4018,#4019,
#4020,#4021,#4022,#4023,#4024,#4025,#4026,#4027,#4028,#4029,#4030,#4031,
#4032,#4033,#4034,#4035,#4036,#4037,#4038,#4039,#4040,#4041,#4042,#4043,
#4044,#4045,#4046,#4047,#4048,#4049,#4050,#4051,#4052,#4053,#4054,#4055,
#4056,#4057,#4058));
#4187=CLOSED_SHELL('',(#4059,#4060,#4061,#4062,#4063,#4064,#4065,#4066,
#4067,#4068,#4069,#4070,#4071,#4072,#4073,#4074,#4075,#4076,#4077,#4078,
#4079,#4080,#4081,#4082,#4083,#4084,#4085,#4086,#4087,#4088,#4089,#4090,
#4091,#4092,#4093,#4094,#4095,#4096,#4097,#4098,#4099,#4100,#4101,#4102,
#4103,#4104,#4105,#4106,#4107,#4108,#4109,#4110,#4111,#4112,#4113,#4114,
#4115));
#4188=CLOSED_SHELL('',(#4116,#4117,#4118,#4119,#4120,#4121,#4122,#4123,
#4124,#4125,#4126,#4127,#4128));
#4189=CLOSED_SHELL('',(#4129,#4130,#4131,#4132,#4133,#4134,#4135,#4136,
#4137,#4138,#4139,#4140,#4141));
#4190=CLOSED_SHELL('',(#4142,#4143,#4144,#4145,#4146,#4147,#4148,#4149,
#4150,#4151,#4152,#4153,#4154,#4155,#4156,#4157,#4158,#4159,#4160,#4161,
#4162,#4163,#4164,#4165,#4166,#4167,#4168,#4169,#4170,#4171,#4172,#4173,
#4174,#4175,#4176,#4177,#4178,#4179));
#4191=CLOSED_SHELL('',(#4180,#4181,#4182,#4183,#4184));
#4192=DERIVED_UNIT_ELEMENT(#4200,1.);
#4193=DERIVED_UNIT_ELEMENT(#12952,-3.);
#4194=DERIVED_UNIT_ELEMENT(#4200,1.);
#4195=DERIVED_UNIT_ELEMENT(#12952,-3.);
#4196=DERIVED_UNIT_ELEMENT(#4200,1.);
#4197=DERIVED_UNIT_ELEMENT(#12952,-3.);
#4198=DERIVED_UNIT_ELEMENT(#4200,1.);
#4199=DERIVED_UNIT_ELEMENT(#12952,-3.);
#4200=(
MASS_UNIT()
NAMED_UNIT(*)
SI_UNIT(.KILO.,.GRAM.)
);
#4201=DERIVED_UNIT((#4192,#4193));
#4202=DERIVED_UNIT((#4194,#4195));
#4203=DERIVED_UNIT((#4196,#4197));
#4204=DERIVED_UNIT((#4198,#4199));
#4205=MEASURE_REPRESENTATION_ITEM('density measure',
POSITIVE_RATIO_MEASURE(7850.),#4201);
#4206=MEASURE_REPRESENTATION_ITEM('density measure',
POSITIVE_RATIO_MEASURE(7850.),#4202);
#4207=MEASURE_REPRESENTATION_ITEM('density measure',
POSITIVE_RATIO_MEASURE(7850.),#4203);
#4208=MEASURE_REPRESENTATION_ITEM('density measure',
POSITIVE_RATIO_MEASURE(7850.),#4204);
#4209=PROPERTY_DEFINITION_REPRESENTATION(#4229,#4217);
#4210=PROPERTY_DEFINITION_REPRESENTATION(#4230,#4218);
#4211=PROPERTY_DEFINITION_REPRESENTATION(#4231,#4219);
#4212=PROPERTY_DEFINITION_REPRESENTATION(#4232,#4220);
#4213=PROPERTY_DEFINITION_REPRESENTATION(#4233,#4221);
#4214=PROPERTY_DEFINITION_REPRESENTATION(#4234,#4222);
#4215=PROPERTY_DEFINITION_REPRESENTATION(#4235,#4223);
#4216=PROPERTY_DEFINITION_REPRESENTATION(#4236,#4224);
#4217=REPRESENTATION('material name',(#4225),#12946);
#4218=REPRESENTATION('density',(#4205),#12946);
#4219=REPRESENTATION('material name',(#4226),#12947);
#4220=REPRESENTATION('density',(#4206),#12947);
#4221=REPRESENTATION('material name',(#4227),#12948);
#4222=REPRESENTATION('density',(#4207),#12948);
#4223=REPRESENTATION('material name',(#4228),#12949);
#4224=REPRESENTATION('density',(#4208),#12949);
#4225=DESCRIPTIVE_REPRESENTATION_ITEM('Stahl','Stahl');
#4226=DESCRIPTIVE_REPRESENTATION_ITEM('Stahl','Stahl');
#4227=DESCRIPTIVE_REPRESENTATION_ITEM('Stahl','Stahl');
#4228=DESCRIPTIVE_REPRESENTATION_ITEM('Stahl','Stahl');
#4229=PROPERTY_DEFINITION('material property','material name',#12976);
#4230=PROPERTY_DEFINITION('material property','density of part',#12976);
#4231=PROPERTY_DEFINITION('material property','material name',#12977);
#4232=PROPERTY_DEFINITION('material property','density of part',#12977);
#4233=PROPERTY_DEFINITION('material property','material name',#12978);
#4234=PROPERTY_DEFINITION('material property','density of part',#12978);
#4235=PROPERTY_DEFINITION('material property','material name',#12979);
#4236=PROPERTY_DEFINITION('material property','density of part',#12979);
#4237=AXIS2_PLACEMENT_3D('',#5667,#4563,#4564);
#4238=AXIS2_PLACEMENT_3D('',#5668,#4565,#4566);
#4239=AXIS2_PLACEMENT_3D('',#5669,#4567,#4568);
#4240=AXIS2_PLACEMENT_3D('',#5671,#4569,#4570);
#4241=AXIS2_PLACEMENT_3D('',#5674,#4571,#4572);
#4242=AXIS2_PLACEMENT_3D('',#5678,#4574,#4575);
#4243=AXIS2_PLACEMENT_3D('',#5682,#4577,#4578);
#4244=AXIS2_PLACEMENT_3D('',#5684,#4579,#4580);
#4245=AXIS2_PLACEMENT_3D('',#5688,#4582,#4583);
#4246=AXIS2_PLACEMENT_3D('',#5690,#4585,#4586);
#4247=AXIS2_PLACEMENT_3D('',#5693,#4588,#4589);
#4248=AXIS2_PLACEMENT_3D('',#5694,#4590,#4591);
#4249=AXIS2_PLACEMENT_3D('',#5696,#4592,#4593);
#4250=AXIS2_PLACEMENT_3D('',#5697,#4594,#4595);
#4251=AXIS2_PLACEMENT_3D('',#5698,#4596,#4597);
#4252=AXIS2_PLACEMENT_3D('',#5700,#4598,#4599);
#4253=AXIS2_PLACEMENT_3D('',#5701,#4600,#4601);
#4254=AXIS2_PLACEMENT_3D('',#5705,#4603,#4604);
#4255=AXIS2_PLACEMENT_3D('',#5709,#4606,#4607);
#4256=AXIS2_PLACEMENT_3D('',#5713,#4609,#4610);
#4257=AXIS2_PLACEMENT_3D('',#5718,#4613,#4614);
#4258=AXIS2_PLACEMENT_3D('',#5722,#4617,#4618);
#4259=AXIS2_PLACEMENT_3D('',#5724,#4619,#4620);
#4260=AXIS2_PLACEMENT_3D('',#5727,#4622,#4623);
#4261=AXIS2_PLACEMENT_3D('',#5730,#4624,#4625);
#4262=AXIS2_PLACEMENT_3D('',#5734,#4627,#4628);
#4263=AXIS2_PLACEMENT_3D('',#5736,#4630,#4631);
#4264=AXIS2_PLACEMENT_3D('',#5740,#4633,#4634);
#4265=AXIS2_PLACEMENT_3D('',#5742,#4635,#4636);
#4266=AXIS2_PLACEMENT_3D('',#5744,#4638,#4639);
#4267=AXIS2_PLACEMENT_3D('',#5748,#4641,#4642);
#4268=AXIS2_PLACEMENT_3D('',#5750,#4644,#4645);
#4269=AXIS2_PLACEMENT_3D('',#5754,#4648,#4649);
#4270=AXIS2_PLACEMENT_3D('',#5758,#4652,#4653);
#4271=AXIS2_PLACEMENT_3D('',#5760,#4654,#4655);
#4272=AXIS2_PLACEMENT_3D('',#5762,#4656,#4657);
#4273=AXIS2_PLACEMENT_3D('',#5764,#4659,#4660);
#4274=AXIS2_PLACEMENT_3D('',#5767,#4662,#4663);
#4275=AXIS2_PLACEMENT_3D('',#5768,#4664,#4665);
#4276=AXIS2_PLACEMENT_3D('',#5770,#4667,#4668);
#4277=AXIS2_PLACEMENT_3D('',#5772,#4670,#4671);
#4278=AXIS2_PLACEMENT_3D('',#5775,#4672,#4673);
#4279=AXIS2_PLACEMENT_3D('',#5781,#4677,#4678);
#4280=AXIS2_PLACEMENT_3D('',#5842,#4681,#4682);
#4281=AXIS2_PLACEMENT_3D('',#5847,#4685,#4686);
#4282=AXIS2_PLACEMENT_3D('',#5905,#4689,#4690);
#4283=AXIS2_PLACEMENT_3D('',#5908,#4692,#4693);
#4284=AXIS2_PLACEMENT_3D('',#5923,#4695,#4696);
#4285=AXIS2_PLACEMENT_3D('',#5938,#4698,#4699);
#4286=AXIS2_PLACEMENT_3D('',#5953,#4701,#4702);
#4287=AXIS2_PLACEMENT_3D('',#5966,#4704,#4705);
#4288=AXIS2_PLACEMENT_3D('',#5970,#4707,#4708);
#4289=AXIS2_PLACEMENT_3D('',#5972,#4710,#4711);
#4290=AXIS2_PLACEMENT_3D('',#5976,#4713,#4714);
#4291=AXIS2_PLACEMENT_3D('',#5978,#4716,#4717);
#4292=AXIS2_PLACEMENT_3D('',#5991,#4719,#4720);
#4293=AXIS2_PLACEMENT_3D('',#6006,#4722,#4723);
#4294=AXIS2_PLACEMENT_3D('',#6008,#4725,#4726);
#4295=AXIS2_PLACEMENT_3D('',#6010,#4728,#4729);
#4296=AXIS2_PLACEMENT_3D('',#6023,#4731,#4732);
#4297=AXIS2_PLACEMENT_3D('',#6026,#4733,#4734);
#4298=AXIS2_PLACEMENT_3D('',#6047,#4735,#4736);
#4299=AXIS2_PLACEMENT_3D('',#6049,#4737,#4738);
#4300=AXIS2_PLACEMENT_3D('',#6060,#4739,#4740);
#4301=AXIS2_PLACEMENT_3D('',#6065,#4743,#4744);
#4302=AXIS2_PLACEMENT_3D('',#6075,#4750,#4751);
#4303=AXIS2_PLACEMENT_3D('',#6076,#4752,#4753);
#4304=AXIS2_PLACEMENT_3D('',#6080,#4756,#4757);
#4305=AXIS2_PLACEMENT_3D('',#6091,#4758,#4759);
#4306=AXIS2_PLACEMENT_3D('',#6104,#4761,#4762);
#4307=AXIS2_PLACEMENT_3D('',#6106,#4764,#4765);
#4308=AXIS2_PLACEMENT_3D('',#6107,#4766,#4767);
#4309=AXIS2_PLACEMENT_3D('',#6121,#4775,#4776);
#4310=AXIS2_PLACEMENT_3D('',#6127,#4780,#4781);
#4311=AXIS2_PLACEMENT_3D('',#6136,#4786,#4787);
#4312=AXIS2_PLACEMENT_3D('',#6142,#4791,#4792);
#4313=AXIS2_PLACEMENT_3D('',#6148,#4796,#4797);
#4314=AXIS2_PLACEMENT_3D('',#6151,#4800,#4801);
#4315=AXIS2_PLACEMENT_3D('',#6156,#4805,#4806);
#4316=AXIS2_PLACEMENT_3D('',#6162,#4810,#4811);
#4317=AXIS2_PLACEMENT_3D('',#6168,#4815,#4816);
#4318=AXIS2_PLACEMENT_3D('',#6172,#4819,#4820);
#4319=AXIS2_PLACEMENT_3D('',#6176,#4823,#4824);
#4320=AXIS2_PLACEMENT_3D('',#6180,#4827,#4828);
#4321=AXIS2_PLACEMENT_3D('',#6184,#4831,#4832);
#4322=AXIS2_PLACEMENT_3D('',#6189,#4836,#4837);
#4323=AXIS2_PLACEMENT_3D('',#6192,#4840,#4841);
#4324=AXIS2_PLACEMENT_3D('',#6196,#4844,#4845);
#4325=AXIS2_PLACEMENT_3D('',#6200,#4848,#4849);
#4326=AXIS2_PLACEMENT_3D('',#6229,#4861,#4862);
#4327=AXIS2_PLACEMENT_3D('',#6256,#4873,#4874);
#4328=AXIS2_PLACEMENT_3D('',#6258,#4876,#4877);
#4329=AXIS2_PLACEMENT_3D('',#6262,#4880,#4881);
#4330=AXIS2_PLACEMENT_3D('',#6264,#4883,#4884);
#4331=AXIS2_PLACEMENT_3D('',#6268,#4887,#4888);
#4332=AXIS2_PLACEMENT_3D('',#6272,#4891,#4892);
#4333=AXIS2_PLACEMENT_3D('',#6295,#4901,#4902);
#4334=AXIS2_PLACEMENT_3D('',#6297,#4903,#4904);
#4335=AXIS2_PLACEMENT_3D('',#6346,#4915,#4916);
#4336=AXIS2_PLACEMENT_3D('',#6347,#4917,#4918);
#4337=AXIS2_PLACEMENT_3D('',#6399,#4919,#4920);
#4338=AXIS2_PLACEMENT_3D('',#6428,#4921,#4922);
#4339=AXIS2_PLACEMENT_3D('',#6429,#4923,#4924);
#4340=AXIS2_PLACEMENT_3D('',#6433,#4926,#4927);
#4341=AXIS2_PLACEMENT_3D('',#6437,#4929,#4930);
#4342=AXIS2_PLACEMENT_3D('',#6439,#4932,#4933);
#4343=AXIS2_PLACEMENT_3D('',#6441,#4935,#4936);
#4344=AXIS2_PLACEMENT_3D('',#6443,#4938,#4939);
#4345=AXIS2_PLACEMENT_3D('',#6445,#4941,#4942);
#4346=AXIS2_PLACEMENT_3D('',#6447,#4944,#4945);
#4347=AXIS2_PLACEMENT_3D('',#6449,#4947,#4948);
#4348=AXIS2_PLACEMENT_3D('',#6451,#4950,#4951);
#4349=AXIS2_PLACEMENT_3D('',#6452,#4952,#4953);
#4350=AXIS2_PLACEMENT_3D('',#6455,#4954,#4955);
#4351=AXIS2_PLACEMENT_3D('',#6458,#4958,#4959);
#4352=AXIS2_PLACEMENT_3D('',#6459,#4960,#4961);
#4353=AXIS2_PLACEMENT_3D('',#6460,#4962,#4963);
#4354=AXIS2_PLACEMENT_3D('',#6463,#4966,#4967);
#4355=AXIS2_PLACEMENT_3D('',#6470,#4971,#4972);
#4356=AXIS2_PLACEMENT_3D('',#6471,#4973,#4974);
#4357=AXIS2_PLACEMENT_3D('',#6500,#4976,#4977);
#4358=AXIS2_PLACEMENT_3D('',#6502,#4978,#4979);
#4359=AXIS2_PLACEMENT_3D('',#6532,#4981,#4982);
#4360=AXIS2_PLACEMENT_3D('',#6573,#4983,#4984);
#4361=AXIS2_PLACEMENT_3D('',#6602,#4985,#4986);
#4362=AXIS2_PLACEMENT_3D('',#6604,#4988,#4989);
#4363=AXIS2_PLACEMENT_3D('',#6606,#4991,#4992);
#4364=AXIS2_PLACEMENT_3D('',#6608,#4994,#4995);
#4365=AXIS2_PLACEMENT_3D('',#6610,#4997,#4998);
#4366=AXIS2_PLACEMENT_3D('',#6612,#5000,#5001);
#4367=AXIS2_PLACEMENT_3D('',#6614,#5003,#5004);
#4368=AXIS2_PLACEMENT_3D('',#6616,#5006,#5007);
#4369=AXIS2_PLACEMENT_3D('',#6619,#5010,#5011);
#4370=AXIS2_PLACEMENT_3D('',#6620,#5012,#5013);
#4371=AXIS2_PLACEMENT_3D('',#6621,#5014,#5015);
#4372=AXIS2_PLACEMENT_3D('',#6624,#5017,#5018);
#4373=AXIS2_PLACEMENT_3D('',#6625,#5019,#5020);
#4374=AXIS2_PLACEMENT_3D('',#6626,#5021,#5022);
#4375=AXIS2_PLACEMENT_3D('',#6627,#5023,#5024);
#4376=AXIS2_PLACEMENT_3D('',#6629,#5026,#5027);
#4377=AXIS2_PLACEMENT_3D('',#6630,#5028,#5029);
#4378=AXIS2_PLACEMENT_3D('',#6631,#5030,#5031);
#4379=AXIS2_PLACEMENT_3D('',#6635,#5034,#5035);
#4380=AXIS2_PLACEMENT_3D('',#6639,#5038,#5039);
#4381=AXIS2_PLACEMENT_3D('',#6641,#5041,#5042);
#4382=AXIS2_PLACEMENT_3D('',#6643,#5044,#5045);
#4383=AXIS2_PLACEMENT_3D('',#6644,#5046,#5047);
#4384=AXIS2_PLACEMENT_3D('',#6645,#5048,#5049);
#4385=AXIS2_PLACEMENT_3D('',#6647,#5050,#5051);
#4386=AXIS2_PLACEMENT_3D('',#6650,#5053,#5054);
#4387=AXIS2_PLACEMENT_3D('',#6651,#5055,#5056);
#4388=AXIS2_PLACEMENT_3D('',#6653,#5057,#5058);
#4389=AXIS2_PLACEMENT_3D('',#6654,#5059,#5060);
#4390=AXIS2_PLACEMENT_3D('',#6657,#5062,#5063);
#4391=AXIS2_PLACEMENT_3D('',#6658,#5064,#5065);
#4392=AXIS2_PLACEMENT_3D('',#6667,#5070,#5071);
#4393=AXIS2_PLACEMENT_3D('',#6676,#5076,#5077);
#4394=AXIS2_PLACEMENT_3D('',#6685,#5082,#5083);
#4395=AXIS2_PLACEMENT_3D('',#6691,#5087,#5088);
#4396=AXIS2_PLACEMENT_3D('',#6697,#5092,#5093);
#4397=AXIS2_PLACEMENT_3D('',#6706,#5098,#5099);
#4398=AXIS2_PLACEMENT_3D('',#6709,#5100,#5101);
#4399=AXIS2_PLACEMENT_3D('',#6711,#5103,#5104);
#4400=AXIS2_PLACEMENT_3D('',#6715,#5107,#5108);
#4401=AXIS2_PLACEMENT_3D('',#6723,#5113,#5114);
#4402=AXIS2_PLACEMENT_3D('',#6727,#5116,#5117);
#4403=AXIS2_PLACEMENT_3D('',#6729,#5119,#5120);
#4404=AXIS2_PLACEMENT_3D('',#6735,#5124,#5125);
#4405=AXIS2_PLACEMENT_3D('',#6739,#5128,#5129);
#4406=AXIS2_PLACEMENT_3D('',#6741,#5131,#5132);
#4407=AXIS2_PLACEMENT_3D('',#6743,#5134,#5135);
#4408=AXIS2_PLACEMENT_3D('',#6747,#5138,#5139);
#4409=AXIS2_PLACEMENT_3D('',#6749,#5141,#5142);
#4410=AXIS2_PLACEMENT_3D('',#6758,#5147,#5148);
#4411=AXIS2_PLACEMENT_3D('',#6767,#5153,#5154);
#4412=AXIS2_PLACEMENT_3D('',#6773,#5158,#5159);
#4413=AXIS2_PLACEMENT_3D('',#6779,#5163,#5164);
#4414=AXIS2_PLACEMENT_3D('',#6785,#5168,#5169);
#4415=AXIS2_PLACEMENT_3D('',#6788,#5170,#5171);
#4416=AXIS2_PLACEMENT_3D('',#6792,#5173,#5174);
#4417=AXIS2_PLACEMENT_3D('',#6794,#5176,#5177);
#4418=AXIS2_PLACEMENT_3D('',#6796,#5179,#5180);
#4419=AXIS2_PLACEMENT_3D('',#6798,#5182,#5183);
#4420=AXIS2_PLACEMENT_3D('',#6806,#5188,#5189);
#4421=AXIS2_PLACEMENT_3D('',#6812,#5193,#5194);
#4422=AXIS2_PLACEMENT_3D('',#6814,#5196,#5197);
#4423=AXIS2_PLACEMENT_3D('',#6816,#5199,#5200);
#4424=AXIS2_PLACEMENT_3D('',#6818,#5202,#5203);
#4425=AXIS2_PLACEMENT_3D('',#6822,#5206,#5207);
#4426=AXIS2_PLACEMENT_3D('',#6831,#5212,#5213);
#4427=AXIS2_PLACEMENT_3D('',#6837,#5217,#5218);
#4428=AXIS2_PLACEMENT_3D('',#6843,#5222,#5223);
#4429=AXIS2_PLACEMENT_3D('',#6853,#5229,#5230);
#4430=AXIS2_PLACEMENT_3D('',#6856,#5233,#5234);
#4431=AXIS2_PLACEMENT_3D('',#6862,#5238,#5239);
#4432=AXIS2_PLACEMENT_3D('',#6866,#5242,#5243);
#4433=AXIS2_PLACEMENT_3D('',#6870,#5246,#5247);
#4434=AXIS2_PLACEMENT_3D('',#6882,#5255,#5256);
#4435=AXIS2_PLACEMENT_3D('',#6888,#5260,#5261);
#4436=AXIS2_PLACEMENT_3D('',#6890,#5263,#5264);
#4437=AXIS2_PLACEMENT_3D('',#6894,#5267,#5268);
#4438=AXIS2_PLACEMENT_3D('',#6900,#5273,#5274);
#4439=AXIS2_PLACEMENT_3D('',#6902,#5276,#5277);
#4440=AXIS2_PLACEMENT_3D('',#6903,#5278,#5279);
#4441=AXIS2_PLACEMENT_3D('',#6912,#5284,#5285);
#4442=AXIS2_PLACEMENT_3D('',#6918,#5289,#5290);
#4443=AXIS2_PLACEMENT_3D('',#6922,#5293,#5294);
#4444=AXIS2_PLACEMENT_3D('',#6926,#5297,#5298);
#4445=AXIS2_PLACEMENT_3D('',#6928,#5300,#5301);
#4446=AXIS2_PLACEMENT_3D('',#6929,#5302,#5303);
#4447=AXIS2_PLACEMENT_3D('',#6930,#5304,#5305);
#4448=AXIS2_PLACEMENT_3D('',#6931,#5306,#5307);
#4449=AXIS2_PLACEMENT_3D('',#6932,#5308,#5309);
#4450=AXIS2_PLACEMENT_3D('',#6941,#5314,#5315);
#4451=AXIS2_PLACEMENT_3D('',#6950,#5320,#5321);
#4452=AXIS2_PLACEMENT_3D('',#6956,#5325,#5326);
#4453=AXIS2_PLACEMENT_3D('',#6962,#5330,#5331);
#4454=AXIS2_PLACEMENT_3D('',#6968,#5335,#5336);
#4455=AXIS2_PLACEMENT_3D('',#6972,#5338,#5339);
#4456=AXIS2_PLACEMENT_3D('',#6978,#5343,#5344);
#4457=AXIS2_PLACEMENT_3D('',#6979,#5345,#5346);
#4458=AXIS2_PLACEMENT_3D('',#6982,#5348,#5349);
#4459=AXIS2_PLACEMENT_3D('',#6983,#5350,#5351);
#4460=AXIS2_PLACEMENT_3D('',#6990,#5355,#5356);
#4461=AXIS2_PLACEMENT_3D('',#6992,#5358,#5359);
#4462=AXIS2_PLACEMENT_3D('',#6994,#5361,#5362);
#4463=AXIS2_PLACEMENT_3D('',#6996,#5364,#5365);
#4464=AXIS2_PLACEMENT_3D('',#6997,#5366,#5367);
#4465=AXIS2_PLACEMENT_3D('',#6999,#5369,#5370);
#4466=AXIS2_PLACEMENT_3D('',#7000,#5371,#5372);
#4467=AXIS2_PLACEMENT_3D('',#7009,#5377,#5378);
#4468=AXIS2_PLACEMENT_3D('',#7018,#5383,#5384);
#4469=AXIS2_PLACEMENT_3D('',#7024,#5388,#5389);
#4470=AXIS2_PLACEMENT_3D('',#7030,#5393,#5394);
#4471=AXIS2_PLACEMENT_3D('',#7034,#5396,#5397);
#4472=AXIS2_PLACEMENT_3D('',#7042,#5402,#5403);
#4473=AXIS2_PLACEMENT_3D('',#7043,#5404,#5405);
#4474=AXIS2_PLACEMENT_3D('',#7046,#5407,#5408);
#4475=AXIS2_PLACEMENT_3D('',#7047,#5409,#5410);
#4476=AXIS2_PLACEMENT_3D('',#7056,#5415,#5416);
#4477=AXIS2_PLACEMENT_3D('',#7058,#5418,#5419);
#4478=AXIS2_PLACEMENT_3D('',#7060,#5421,#5422);
#4479=AXIS2_PLACEMENT_3D('',#7062,#5424,#5425);
#4480=AXIS2_PLACEMENT_3D('',#7063,#5426,#5427);
#4481=AXIS2_PLACEMENT_3D('',#7065,#5429,#5430);
#4482=AXIS2_PLACEMENT_3D('',#7067,#5432,#5433);
#4483=AXIS2_PLACEMENT_3D('',#7068,#5434,#5435);
#4484=AXIS2_PLACEMENT_3D('',#7069,#5436,#5437);
#4485=AXIS2_PLACEMENT_3D('',#7072,#5438,#5439);
#4486=AXIS2_PLACEMENT_3D('',#7076,#5441,#5442);
#4487=AXIS2_PLACEMENT_3D('',#7080,#5444,#5445);
#4488=AXIS2_PLACEMENT_3D('',#7084,#5447,#5448);
#4489=AXIS2_PLACEMENT_3D('',#7088,#5450,#5451);
#4490=AXIS2_PLACEMENT_3D('',#7092,#5453,#5454);
#4491=AXIS2_PLACEMENT_3D('',#7096,#5456,#5457);
#4492=AXIS2_PLACEMENT_3D('',#7100,#5459,#5460);
#4493=AXIS2_PLACEMENT_3D('',#7101,#5461,#5462);
#4494=AXIS2_PLACEMENT_3D('',#7103,#5463,#5464);
#4495=AXIS2_PLACEMENT_3D('',#7107,#5466,#5467);
#4496=AXIS2_PLACEMENT_3D('',#7111,#5469,#5470);
#4497=AXIS2_PLACEMENT_3D('',#7115,#5472,#5473);
#4498=AXIS2_PLACEMENT_3D('',#7119,#5475,#5476);
#4499=AXIS2_PLACEMENT_3D('',#7123,#5478,#5479);
#4500=AXIS2_PLACEMENT_3D('',#7125,#5481,#5482);
#4501=AXIS2_PLACEMENT_3D('',#7129,#5484,#5485);
#4502=AXIS2_PLACEMENT_3D('',#7131,#5487,#5488);
#4503=AXIS2_PLACEMENT_3D('',#7135,#5491,#5492);
#4504=AXIS2_PLACEMENT_3D('',#7137,#5493,#5494);
#4505=AXIS2_PLACEMENT_3D('',#7141,#5496,#5497);
#4506=AXIS2_PLACEMENT_3D('',#7145,#5499,#5500);
#4507=AXIS2_PLACEMENT_3D('',#7149,#5502,#5503);
#4508=AXIS2_PLACEMENT_3D('',#7153,#5505,#5506);
#4509=AXIS2_PLACEMENT_3D('',#7157,#5508,#5509);
#4510=AXIS2_PLACEMENT_3D('',#7161,#5511,#5512);
#4511=AXIS2_PLACEMENT_3D('',#7164,#5514,#5515);
#4512=AXIS2_PLACEMENT_3D('',#7168,#5517,#5518);
#4513=AXIS2_PLACEMENT_3D('',#7172,#5520,#5521);
#4514=AXIS2_PLACEMENT_3D('',#7176,#5523,#5524);
#4515=AXIS2_PLACEMENT_3D('',#7180,#5526,#5527);
#4516=AXIS2_PLACEMENT_3D('',#7183,#5529,#5530);
#4517=AXIS2_PLACEMENT_3D('',#7184,#5531,#5532);
#4518=AXIS2_PLACEMENT_3D('',#7186,#5534,#5535);
#4519=AXIS2_PLACEMENT_3D('',#7189,#5538,#5539);
#4520=AXIS2_PLACEMENT_3D('',#7192,#5542,#5543);
#4521=AXIS2_PLACEMENT_3D('',#7194,#5545,#5546);
#4522=AXIS2_PLACEMENT_3D('',#7196,#5548,#5549);
#4523=AXIS2_PLACEMENT_3D('',#7202,#5553,#5554);
#4524=AXIS2_PLACEMENT_3D('',#7208,#5558,#5559);
#4525=AXIS2_PLACEMENT_3D('',#7210,#5561,#5562);
#4526=AXIS2_PLACEMENT_3D('',#7212,#5564,#5565);
#4527=AXIS2_PLACEMENT_3D('',#7214,#5567,#5568);
#4528=AXIS2_PLACEMENT_3D('',#7216,#5570,#5571);
#4529=AXIS2_PLACEMENT_3D('',#7218,#5573,#5574);
#4530=AXIS2_PLACEMENT_3D('',#7220,#5576,#5577);
#4531=AXIS2_PLACEMENT_3D('',#7226,#5581,#5582);
#4532=AXIS2_PLACEMENT_3D('',#7232,#5586,#5587);
#4533=AXIS2_PLACEMENT_3D('',#7236,#5590,#5591);
#4534=AXIS2_PLACEMENT_3D('',#7240,#5594,#5595);
#4535=AXIS2_PLACEMENT_3D('',#7242,#5597,#5598);
#4536=AXIS2_PLACEMENT_3D('',#7246,#5601,#5602);
#4537=AXIS2_PLACEMENT_3D('',#7248,#5604,#5605);
#4538=AXIS2_PLACEMENT_3D('',#7253,#5609,#5610);
#4539=AXIS2_PLACEMENT_3D('',#7255,#5612,#5613);
#4540=AXIS2_PLACEMENT_3D('',#7257,#5615,#5616);
#4541=AXIS2_PLACEMENT_3D('',#7258,#5617,#5618);
#4542=AXIS2_PLACEMENT_3D('',#7259,#5619,#5620);
#4543=AXIS2_PLACEMENT_3D('',#7261,#5622,#5623);
#4544=AXIS2_PLACEMENT_3D('',#7262,#5624,#5625);
#4545=AXIS2_PLACEMENT_3D('',#7264,#5626,#5627);
#4546=AXIS2_PLACEMENT_3D('',#7266,#5628,#5629);
#4547=AXIS2_PLACEMENT_3D('',#7268,#5630,#5631);
#4548=AXIS2_PLACEMENT_3D('',#7269,#5632,#5633);
#4549=AXIS2_PLACEMENT_3D('',#7351,#5634,#5635);
#4550=AXIS2_PLACEMENT_3D('',#7352,#5636,#5637);
#4551=AXIS2_PLACEMENT_3D('',#7354,#5638,#5639);
#4552=AXIS2_PLACEMENT_3D('',#7355,#5640,#5641);
#4553=AXIS2_PLACEMENT_3D('',#7357,#5642,#5643);
#4554=AXIS2_PLACEMENT_3D('',#7359,#5645,#5646);
#4555=AXIS2_PLACEMENT_3D('',#7360,#5647,#5648);
#4556=AXIS2_PLACEMENT_3D('',#7361,#5649,#5650);
#4557=AXIS2_PLACEMENT_3D('',#7372,#5652,#5653);
#4558=AXIS2_PLACEMENT_3D('',#11513,#5654,#5655);
#4559=AXIS2_PLACEMENT_3D('',#12935,#5659,#5660);
#4560=AXIS2_PLACEMENT_3D('',#12936,#5661,#5662);
#4561=AXIS2_PLACEMENT_3D('',#12937,#5663,#5664);
#4562=AXIS2_PLACEMENT_3D('',#12938,#5665,#5666);
#4563=DIRECTION('axis',(0.,0.,1.));
#4564=DIRECTION('refdir',(1.,0.,0.));
#4565=DIRECTION('axis',(0.,0.,1.));
#4566=DIRECTION('refdir',(1.,0.,0.));
#4567=DIRECTION('center_axis',(0.,-1.,0.));
#4568=DIRECTION('ref_axis',(-1.,0.,0.));
#4569=DIRECTION('center_axis',(0.,-1.,0.));
#4570=DIRECTION('ref_axis',(1.,0.,0.));
#4571=DIRECTION('center_axis',(0.,1.,0.));
#4572=DIRECTION('ref_axis',(-0.199999999999994,0.,-0.979795897113272));
#4573=DIRECTION('',(0.,0.,1.));
#4574=DIRECTION('center_axis',(0.,-1.,0.));
#4575=DIRECTION('ref_axis',(0.235294117647088,0.,0.971924214226952));
#4576=DIRECTION('',(0.,0.,1.));
#4577=DIRECTION('center_axis',(0.,1.,0.));
#4578=DIRECTION('ref_axis',(1.,0.,0.));
#4579=DIRECTION('center_axis',(0.,1.,0.));
#4580=DIRECTION('ref_axis',(1.,0.,0.));
#4581=DIRECTION('',(0.,0.,1.));
#4582=DIRECTION('center_axis',(0.,-1.,0.));
#4583=DIRECTION('ref_axis',(-0.235294117647088,0.,-0.971924214226952));
#4584=DIRECTION('',(0.,0.,1.));
#4585=DIRECTION('center_axis',(0.,-1.,0.));
#4586=DIRECTION('ref_axis',(-1.,0.,0.));
#4587=DIRECTION('',(0.,1.,0.));
#4588=DIRECTION('center_axis',(0.,-1.,0.));
#4589=DIRECTION('ref_axis',(1.,0.,0.));
#4590=DIRECTION('center_axis',(0.,-1.,0.));
#4591=DIRECTION('ref_axis',(-1.,0.,0.));
#4592=DIRECTION('center_axis',(-1.22464679914735E-16,0.,1.));
#4593=DIRECTION('ref_axis',(1.,0.,1.22464679914735E-16));
#4594=DIRECTION('center_axis',(0.,-1.,0.));
#4595=DIRECTION('ref_axis',(1.,0.,0.));
#4596=DIRECTION('center_axis',(0.,-1.,0.));
#4597=DIRECTION('ref_axis',(-1.,0.,0.));
#4598=DIRECTION('center_axis',(0.,-1.,0.));
#4599=DIRECTION('ref_axis',(1.,0.,0.));
#4600=DIRECTION('center_axis',(0.,-1.,0.));
#4601=DIRECTION('ref_axis',(-1.,0.,0.));
#4602=DIRECTION('',(0.,-1.,0.));
#4603=DIRECTION('center_axis',(0.,-1.,0.));
#4604=DIRECTION('ref_axis',(1.,0.,0.));
#4605=DIRECTION('',(0.,-1.,0.));
#4606=DIRECTION('center_axis',(0.,-1.,0.));
#4607=DIRECTION('ref_axis',(0.980588215690205,0.,-0.196078431372501));
#4608=DIRECTION('',(0.,-1.,0.));
#4609=DIRECTION('center_axis',(0.,-1.,0.));
#4610=DIRECTION('ref_axis',(1.,0.,0.));
#4611=DIRECTION('',(0.,-1.,0.));
#4612=DIRECTION('',(0.,-1.,0.));
#4613=DIRECTION('center_axis',(0.,1.,0.));
#4614=DIRECTION('ref_axis',(-0.235294117647088,0.,-0.971924214226952));
#4615=DIRECTION('',(0.,-1.,0.));
#4616=DIRECTION('',(0.,-1.,0.));
#4617=DIRECTION('center_axis',(0.,-1.,0.));
#4618=DIRECTION('ref_axis',(1.,0.,0.));
#4619=DIRECTION('center_axis',(0.,-1.,0.));
#4620=DIRECTION('ref_axis',(0.980588215690205,0.,-0.196078431372501));
#4621=DIRECTION('',(0.,-1.,0.));
#4622=DIRECTION('center_axis',(0.,-1.,0.));
#4623=DIRECTION('ref_axis',(1.,0.,0.));
#4624=DIRECTION('center_axis',(0.,-1.,0.));
#4625=DIRECTION('ref_axis',(-1.,0.,0.));
#4626=DIRECTION('',(0.,-1.,0.));
#4627=DIRECTION('center_axis',(0.,-1.,0.));
#4628=DIRECTION('ref_axis',(-0.980588215690205,0.,0.196078431372501));
#4629=DIRECTION('',(0.,-1.,0.));
#4630=DIRECTION('center_axis',(0.,1.,0.));
#4631=DIRECTION('ref_axis',(0.,0.,1.));
#4632=DIRECTION('',(1.,0.,0.));
#4633=DIRECTION('center_axis',(0.,-1.,0.));
#4634=DIRECTION('ref_axis',(1.,0.,0.));
#4635=DIRECTION('center_axis',(0.,-1.,0.));
#4636=DIRECTION('ref_axis',(1.,0.,0.));
#4637=DIRECTION('',(1.,0.,0.));
#4638=DIRECTION('center_axis',(0.,1.,0.));
#4639=DIRECTION('ref_axis',(0.,0.,1.));
#4640=DIRECTION('',(1.,0.,0.));
#4641=DIRECTION('center_axis',(0.,-1.,0.));
#4642=DIRECTION('ref_axis',(-1.,0.,0.));
#4643=DIRECTION('',(1.,0.,0.));
#4644=DIRECTION('center_axis',(0.,0.,1.));
#4645=DIRECTION('ref_axis',(0.,-1.,0.));
#4646=DIRECTION('',(0.,-1.,0.));
#4647=DIRECTION('',(1.,0.,0.));
#4648=DIRECTION('center_axis',(0.,0.,1.));
#4649=DIRECTION('ref_axis',(0.,-1.,0.));
#4650=DIRECTION('',(1.,0.,0.));
#4651=DIRECTION('',(0.,-1.,0.));
#4652=DIRECTION('center_axis',(0.,-1.,0.));
#4653=DIRECTION('ref_axis',(0.,0.,-1.));
#4654=DIRECTION('center_axis',(0.,-1.,0.));
#4655=DIRECTION('ref_axis',(0.986013297183265,0.,-0.166666666666694));
#4656=DIRECTION('center_axis',(0.,-1.,0.));
#4657=DIRECTION('ref_axis',(0.986013297183265,0.,-0.166666666666694));
#4658=DIRECTION('',(1.,0.,0.));
#4659=DIRECTION('center_axis',(0.,-1.,0.));
#4660=DIRECTION('ref_axis',(0.,0.,-1.));
#4661=DIRECTION('',(1.,0.,0.));
#4662=DIRECTION('center_axis',(0.,-1.,0.));
#4663=DIRECTION('ref_axis',(-0.986013297183265,0.,0.166666666666694));
#4664=DIRECTION('center_axis',(0.,0.,-1.));
#4665=DIRECTION('ref_axis',(0.,1.,0.));
#4666=DIRECTION('',(0.,-1.,0.));
#4667=DIRECTION('center_axis',(0.,0.,-1.));
#4668=DIRECTION('ref_axis',(0.,1.,0.));
#4669=DIRECTION('',(0.,-1.,0.));
#4670=DIRECTION('center_axis',(0.,-1.,0.));
#4671=DIRECTION('ref_axis',(-1.,0.,0.));
#4672=DIRECTION('center_axis',(0.,1.,0.));
#4673=DIRECTION('ref_axis',(1.,0.,0.));
#4674=DIRECTION('',(0.,1.,0.));
#4675=DIRECTION('',(0.,1.,0.));
#4676=DIRECTION('',(0.,-1.,0.));
#4677=DIRECTION('center_axis',(0.,-1.,0.));
#4678=DIRECTION('ref_axis',(0.199999999999994,0.,0.979795897113272));
#4679=DIRECTION('',(-1.46683316316099E-13,0.999999999999992,-1.26857788842799E-7));
#4680=DIRECTION('',(0.,-1.,6.269389585922E-9));
#4681=DIRECTION('center_axis',(0.,-1.,0.));
#4682=DIRECTION('ref_axis',(-0.166666666666694,0.,0.986013297183265));
#4683=DIRECTION('',(0.,-1.,0.));
#4684=DIRECTION('',(0.,-1.,0.));
#4685=DIRECTION('center_axis',(0.,-1.,0.));
#4686=DIRECTION('ref_axis',(-0.199999999999994,0.,-0.979795897113272));
#4687=DIRECTION('',(1.57966301366699E-13,0.999999999999994,1.08752195476199E-7));
#4688=DIRECTION('',(1.918162061201E-14,-1.,-2.531805122523E-8));
#4689=DIRECTION('center_axis',(0.,-1.,0.));
#4690=DIRECTION('ref_axis',(0.166666666666694,0.,-0.986013297183265));
#4691=DIRECTION('',(0.,-1.,0.));
#4692=DIRECTION('center_axis',(0.,1.,0.));
#4693=DIRECTION('ref_axis',(1.,0.,0.));
#4694=DIRECTION('',(0.,-1.,0.));
#4695=DIRECTION('center_axis',(0.,-1.,0.));
#4696=DIRECTION('ref_axis',(-0.266666666666697,0.,-0.963788819653389));
#4697=DIRECTION('',(0.,-1.,0.));
#4698=DIRECTION('center_axis',(0.,-1.,0.));
#4699=DIRECTION('ref_axis',(-0.333333333333292,0.,0.942809041582078));
#4700=DIRECTION('',(0.,-1.,0.));
#4701=DIRECTION('center_axis',(0.,-1.,0.));
#4702=DIRECTION('ref_axis',(0.266666666666697,0.,0.963788819653389));
#4703=DIRECTION('',(0.,-1.,0.));
#4704=DIRECTION('center_axis',(0.,-1.,0.));
#4705=DIRECTION('ref_axis',(1.,0.,0.));
#4706=DIRECTION('',(0.,0.,1.));
#4707=DIRECTION('center_axis',(0.,1.,0.));
#4708=DIRECTION('ref_axis',(-0.363636363636395,0.,0.931540978723588));
#4709=DIRECTION('',(0.,0.,-1.));
#4710=DIRECTION('center_axis',(0.,-1.,0.));
#4711=DIRECTION('ref_axis',(1.,0.,0.));
#4712=DIRECTION('',(0.,0.,-1.));
#4713=DIRECTION('center_axis',(0.,1.,0.));
#4714=DIRECTION('ref_axis',(0.363636363636395,0.,-0.931540978723588));
#4715=DIRECTION('',(0.,0.,1.));
#4716=DIRECTION('center_axis',(0.,0.,1.));
#4717=DIRECTION('ref_axis',(-1.,0.,0.));
#4718=DIRECTION('',(0.,0.,1.));
#4719=DIRECTION('center_axis',(0.,-1.,0.));
#4720=DIRECTION('ref_axis',(1.22464679914735E-16,0.,1.));
#4721=DIRECTION('',(0.,-1.,0.));
#4722=DIRECTION('center_axis',(0.,-1.,0.));
#4723=DIRECTION('ref_axis',(0.454545454545509,0.,0.890723542830219));
#4724=DIRECTION('',(0.,-1.,0.));
#4725=DIRECTION('center_axis',(0.,0.,-1.));
#4726=DIRECTION('ref_axis',(1.,0.,0.));
#4727=DIRECTION('',(0.,0.,-1.));
#4728=DIRECTION('center_axis',(1.,0.,0.));
#4729=DIRECTION('ref_axis',(0.,0.,1.));
#4730=DIRECTION('',(0.,0.,-1.));
#4731=DIRECTION('center_axis',(0.,-1.,0.));
#4732=DIRECTION('ref_axis',(-1.,0.,0.));
#4733=DIRECTION('center_axis',(0.,-1.,0.));
#4734=DIRECTION('ref_axis',(-0.357142857142881,0.,0.93404977361585));
#4735=DIRECTION('center_axis',(0.,-1.,0.));
#4736=DIRECTION('ref_axis',(1.,0.,1.22464679914735E-16));
#4737=DIRECTION('center_axis',(0.,-1.,0.));
#4738=DIRECTION('ref_axis',(0.357142857142881,0.,-0.93404977361585));
#4739=DIRECTION('center_axis',(0.,-1.,0.));
#4740=DIRECTION('ref_axis',(-1.,0.,0.));
#4741=DIRECTION('',(0.,0.,1.));
#4742=DIRECTION('',(0.,0.,1.));
#4743=DIRECTION('center_axis',(0.,-1.,0.));
#4744=DIRECTION('ref_axis',(-0.454545454545509,0.,-0.890723542830219));
#4745=DIRECTION('',(0.,0.,-1.));
#4746=DIRECTION('',(-1.,0.,0.));
#4747=DIRECTION('',(0.,0.,-1.));
#4748=DIRECTION('',(1.,0.,0.));
#4749=DIRECTION('',(0.,0.,1.));
#4750=DIRECTION('center_axis',(-1.,0.,0.));
#4751=DIRECTION('ref_axis',(0.,0.,-1.));
#4752=DIRECTION('center_axis',(1.,0.,0.));
#4753=DIRECTION('ref_axis',(0.,0.,1.));
#4754=DIRECTION('',(0.,-1.,0.));
#4755=DIRECTION('',(0.,0.,-1.));
#4756=DIRECTION('center_axis',(0.,0.,-1.));
#4757=DIRECTION('ref_axis',(1.,0.,0.));
#4758=DIRECTION('center_axis',(0.,-1.,0.));
#4759=DIRECTION('ref_axis',(0.,0.,-1.));
#4760=DIRECTION('',(0.,-1.,0.));
#4761=DIRECTION('center_axis',(0.,0.,1.));
#4762=DIRECTION('ref_axis',(-1.,0.,0.));
#4763=DIRECTION('',(0.,0.,1.));
#4764=DIRECTION('center_axis',(-1.,0.,0.));
#4765=DIRECTION('ref_axis',(0.,0.,-1.));
#4766=DIRECTION('center_axis',(0.,0.,1.));
#4767=DIRECTION('ref_axis',(0.,-1.,0.));
#4768=DIRECTION('',(1.,0.,0.));
#4769=DIRECTION('',(0.,1.,0.));
#4770=DIRECTION('',(1.,0.,0.));
#4771=DIRECTION('',(0.,1.,0.));
#4772=DIRECTION('',(0.,1.,0.));
#4773=DIRECTION('',(1.,0.,0.));
#4774=DIRECTION('',(0.,1.,0.));
#4775=DIRECTION('center_axis',(0.,1.,0.));
#4776=DIRECTION('ref_axis',(0.,0.,-1.));
#4777=DIRECTION('',(0.,0.,-1.));
#4778=DIRECTION('',(-1.,0.,0.));
#4779=DIRECTION('',(0.,0.,-1.));
#4780=DIRECTION('center_axis',(0.,1.,0.));
#4781=DIRECTION('ref_axis',(0.,0.,-1.));
#4782=DIRECTION('',(0.,0.,-1.));
#4783=DIRECTION('',(-1.,0.,0.));
#4784=DIRECTION('',(0.,0.,-1.));
#4785=DIRECTION('',(1.,0.,0.));
#4786=DIRECTION('center_axis',(1.,0.,0.));
#4787=DIRECTION('ref_axis',(0.,1.,0.));
#4788=DIRECTION('',(0.,0.,1.));
#4789=DIRECTION('',(0.,1.,0.));
#4790=DIRECTION('',(0.,0.,1.));
#4791=DIRECTION('center_axis',(1.,0.,0.));
#4792=DIRECTION('ref_axis',(0.,1.,0.));
#4793=DIRECTION('',(0.,0.,1.));
#4794=DIRECTION('',(0.,0.,-1.));
#4795=DIRECTION('',(0.,1.,0.));
#4796=DIRECTION('center_axis',(1.,0.,0.));
#4797=DIRECTION('ref_axis',(0.,1.,0.));
#4798=DIRECTION('',(0.,0.,-1.));
#4799=DIRECTION('',(0.,1.,0.));
#4800=DIRECTION('center_axis',(1.,0.,0.));
#4801=DIRECTION('ref_axis',(0.,1.,0.));
#4802=DIRECTION('',(0.,1.,0.));
#4803=DIRECTION('',(0.,0.,-1.));
#4804=DIRECTION('',(0.,1.,0.));
#4805=DIRECTION('center_axis',(0.,-1.,0.));
#4806=DIRECTION('ref_axis',(0.,0.,-1.));
#4807=DIRECTION('',(0.,0.,1.));
#4808=DIRECTION('',(1.,0.,0.));
#4809=DIRECTION('',(0.,0.,-1.));
#4810=DIRECTION('center_axis',(0.,-1.,0.));
#4811=DIRECTION('ref_axis',(0.,0.,-1.));
#4812=DIRECTION('',(0.,0.,1.));
#4813=DIRECTION('',(0.,0.,-1.));
#4814=DIRECTION('',(1.,0.,0.));
#4815=DIRECTION('center_axis',(0.,-1.,0.));
#4816=DIRECTION('ref_axis',(0.,0.,-1.));
#4817=DIRECTION('',(0.,0.,-1.));
#4818=DIRECTION('',(1.,0.,0.));
#4819=DIRECTION('center_axis',(0.,-1.,0.));
#4820=DIRECTION('ref_axis',(0.,0.,-1.));
#4821=DIRECTION('',(1.,0.,0.));
#4822=DIRECTION('',(0.,0.,-1.));
#4823=DIRECTION('center_axis',(-1.,0.,0.));
#4824=DIRECTION('ref_axis',(0.,-1.,0.));
#4825=DIRECTION('',(0.,0.,1.));
#4826=DIRECTION('',(0.,1.,0.));
#4827=DIRECTION('center_axis',(-1.,0.,0.));
#4828=DIRECTION('ref_axis',(0.,-1.,0.));
#4829=DIRECTION('',(0.,1.,0.));
#4830=DIRECTION('',(0.,0.,-1.));
#4831=DIRECTION('center_axis',(-1.,0.,0.));
#4832=DIRECTION('ref_axis',(0.,-1.,0.));
#4833=DIRECTION('',(0.,0.,-1.));
#4834=DIRECTION('',(0.,1.,0.));
#4835=DIRECTION('',(0.,1.,0.));
#4836=DIRECTION('center_axis',(-1.,0.,0.));
#4837=DIRECTION('ref_axis',(0.,-1.,0.));
#4838=DIRECTION('',(0.,0.,-1.));
#4839=DIRECTION('',(0.,1.,0.));
#4840=DIRECTION('center_axis',(0.,0.,-1.));
#4841=DIRECTION('ref_axis',(0.,1.,0.));
#4842=DIRECTION('',(1.,0.,0.));
#4843=DIRECTION('',(0.,1.,0.));
#4844=DIRECTION('center_axis',(0.,0.,-1.));
#4845=DIRECTION('ref_axis',(0.,1.,0.));
#4846=DIRECTION('',(0.,1.,0.));
#4847=DIRECTION('',(1.,0.,0.));
#4848=DIRECTION('center_axis',(1.,0.,0.));
#4849=DIRECTION('ref_axis',(0.,0.,-1.));
#4850=DIRECTION('',(4.34260582088108E-9,-0.965925826521518,-0.258819044235005));
#4851=DIRECTION('',(0.,0.,1.));
#4852=DIRECTION('',(0.,-1.,0.));
#4853=DIRECTION('',(0.,0.,1.));
#4854=DIRECTION('',(0.,-1.,0.));
#4855=DIRECTION('',(0.,0.,1.));
#4856=DIRECTION('',(0.,-1.,0.));
#4857=DIRECTION('',(0.,0.,1.));
#4858=DIRECTION('',(0.,-1.,0.));
#4859=DIRECTION('',(0.,0.,-1.));
#4860=DIRECTION('',(0.,1.,0.));
#4861=DIRECTION('center_axis',(1.,0.,0.));
#4862=DIRECTION('ref_axis',(0.,0.,-1.));
#4863=DIRECTION('',(0.,0.,1.));
#4864=DIRECTION('',(0.,1.,0.));
#4865=DIRECTION('',(0.,0.,1.));
#4866=DIRECTION('',(0.,1.,0.));
#4867=DIRECTION('',(0.,0.,1.));
#4868=DIRECTION('',(0.,1.,0.));
#4869=DIRECTION('',(0.,0.,1.));
#4870=DIRECTION('',(0.,1.,0.));
#4871=DIRECTION('',(0.,0.,1.));
#4872=DIRECTION('',(-8.38665189065213E-9,0.965925826884215,-0.258819042881404));
#4873=DIRECTION('center_axis',(0.,0.,-1.));
#4874=DIRECTION('ref_axis',(0.,1.,0.));
#4875=DIRECTION('',(1.,0.,0.));
#4876=DIRECTION('center_axis',(0.,0.,-1.));
#4877=DIRECTION('ref_axis',(0.,1.,0.));
#4878=DIRECTION('',(1.,0.,0.));
#4879=DIRECTION('',(0.,1.,0.));
#4880=DIRECTION('center_axis',(0.,-1.,0.));
#4881=DIRECTION('ref_axis',(0.,0.,-1.));
#4882=DIRECTION('',(1.,0.,2.13162820728E-14));
#4883=DIRECTION('center_axis',(0.,-1.,0.));
#4884=DIRECTION('ref_axis',(0.,0.,-1.));
#4885=DIRECTION('',(1.,0.,-2.13162820728E-14));
#4886=DIRECTION('',(0.,0.,-1.));
#4887=DIRECTION('center_axis',(0.,0.,-1.));
#4888=DIRECTION('ref_axis',(0.,1.,0.));
#4889=DIRECTION('',(1.,0.,0.));
#4890=DIRECTION('',(0.,1.,0.));
#4891=DIRECTION('center_axis',(1.,0.,0.));
#4892=DIRECTION('ref_axis',(0.,0.,-1.));
#4893=DIRECTION('',(0.,0.,1.));
#4894=DIRECTION('',(0.,-1.,0.));
#4895=DIRECTION('',(0.,0.,1.));
#4896=DIRECTION('',(0.,-1.,0.));
#4897=DIRECTION('',(0.,0.,1.));
#4898=DIRECTION('',(0.,-1.,0.));
#4899=DIRECTION('',(0.,0.,1.));
#4900=DIRECTION('',(-1.58759411921795E-9,-0.965925827050668,-0.258819042260191));
#4901=DIRECTION('center_axis',(1.,0.,0.));
#4902=DIRECTION('ref_axis',(0.,0.,-1.));
#4903=DIRECTION('center_axis',(-0.999999999999995,-7.31957304683421E-9,
-9.65960536474019E-8));
#4904=DIRECTION('ref_axis',(8.63228555356784E-8,-0.519852594722087,-0.854255980231163));
#4905=DIRECTION('',(-7.62557914522005E-10,0.965925826527307,-0.258819044213402));
#4906=DIRECTION('',(0.,0.,1.));
#4907=DIRECTION('',(0.,1.,0.));
#4908=DIRECTION('',(0.,0.,1.));
#4909=DIRECTION('',(0.,1.,0.));
#4910=DIRECTION('',(0.,0.,1.));
#4911=DIRECTION('',(0.,1.,0.));
#4912=DIRECTION('',(0.,0.,1.));
#4913=DIRECTION('',(0.,-1.,0.));
#4914=DIRECTION('',(0.,0.,1.));
#4915=DIRECTION('center_axis',(-1.38864735976242E-5,0.258788261145246,-0.965934074199987));
#4916=DIRECTION('ref_axis',(-0.272762579606771,0.929306203661377,0.248979025226504));
#4917=DIRECTION('center_axis',(0.940385783993322,-0.328520699306208,-0.0880268560760021));
#4918=DIRECTION('ref_axis',(-0.093199712901495,8.62063895151121E-8,-0.995647434343639));
#4919=DIRECTION('center_axis',(0.940471310963524,0.328292189534308,0.0879656270671722));
#4920=DIRECTION('ref_axis',(0.0931886234891714,-0.000177847941310071,-0.995648456445498));
#4921=DIRECTION('center_axis',(1.12450569432293E-5,0.258793614968619,-0.965932639848671));
#4922=DIRECTION('ref_axis',(0.0423179662621578,0.965067228147379,0.258562245672818));
#4923=DIRECTION('center_axis',(0.,-0.258819045102493,0.965925826289076));
#4924=DIRECTION('ref_axis',(0.,-0.965925826289076,-0.258819045102493));
#4925=DIRECTION('',(1.,0.,0.));
#4926=DIRECTION('center_axis',(0.,-0.258819045102493,0.965925826289076));
#4927=DIRECTION('ref_axis',(1.,-9.94418096552005E-15,-2.66453525909974E-15));
#4928=DIRECTION('',(0.,0.965925826289076,0.258819045102493));
#4929=DIRECTION('center_axis',(0.,-0.258819045102493,0.965925826289076));
#4930=DIRECTION('ref_axis',(0.,-0.965925826289076,-0.258819045102493));
#4931=DIRECTION('',(0.,0.965925826289076,0.258819045102493));
#4932=DIRECTION('center_axis',(0.,1.,0.));
#4933=DIRECTION('ref_axis',(0.,0.,1.));
#4934=DIRECTION('',(1.,0.,0.));
#4935=DIRECTION('center_axis',(0.,0.,1.));
#4936=DIRECTION('ref_axis',(0.,-1.,0.));
#4937=DIRECTION('',(1.,0.,0.));
#4938=DIRECTION('center_axis',(0.,1.,0.));
#4939=DIRECTION('ref_axis',(0.,0.,1.));
#4940=DIRECTION('',(1.,0.,0.));
#4941=DIRECTION('center_axis',(0.,0.,1.));
#4942=DIRECTION('ref_axis',(0.,-1.,0.));
#4943=DIRECTION('',(1.,0.,0.));
#4944=DIRECTION('center_axis',(0.,1.,0.));
#4945=DIRECTION('ref_axis',(0.,0.,1.));
#4946=DIRECTION('',(1.,0.,0.));
#4947=DIRECTION('center_axis',(0.,0.,1.));
#4948=DIRECTION('ref_axis',(0.,-1.,0.));
#4949=DIRECTION('',(1.,0.,0.));
#4950=DIRECTION('center_axis',(0.,1.,0.));
#4951=DIRECTION('ref_axis',(0.,0.,1.));
#4952=DIRECTION('center_axis',(0.,-0.258819045102493,0.965925826289076));
#4953=DIRECTION('ref_axis',(1.,0.,0.));
#4954=DIRECTION('center_axis',(0.,-0.258819045102493,0.965925826289076));
#4955=DIRECTION('ref_axis',(1.,0.,0.));
#4956=DIRECTION('',(0.,-0.258819045102493,0.965925826289076));
#4957=DIRECTION('',(0.,0.258819045102493,-0.965925826289076));
#4958=DIRECTION('center_axis',(0.,0.608761429008724,0.793353340291233));
#4959=DIRECTION('ref_axis',(0.,0.793353340291233,-0.608761429008724));
#4960=DIRECTION('center_axis',(0.,-1.,0.));
#4961=DIRECTION('ref_axis',(0.,0.,-1.));
#4962=DIRECTION('center_axis',(0.,-1.,0.));
#4963=DIRECTION('ref_axis',(-1.,0.,0.));
#4964=DIRECTION('',(0.,-1.,0.));
#4965=DIRECTION('',(0.,1.,0.));
#4966=DIRECTION('center_axis',(1.,0.,0.));
#4967=DIRECTION('ref_axis',(0.,0.,-1.));
#4968=DIRECTION('',(0.,0.965925826289076,-0.258819045102493));
#4969=DIRECTION('',(0.,-1.,0.));
#4970=DIRECTION('',(0.,0.258819045102493,0.965925826289076));
#4971=DIRECTION('center_axis',(1.,0.,0.));
#4972=DIRECTION('ref_axis',(0.,0.,-1.));
#4973=DIRECTION('center_axis',(0.,-0.258819045102493,-0.965925826289076));
#4974=DIRECTION('ref_axis',(0.,0.965925826289076,-0.258819045102493));
#4975=DIRECTION('',(1.,0.,0.));
#4976=DIRECTION('center_axis',(0.,-0.258819045102493,-0.965925826289076));
#4977=DIRECTION('ref_axis',(0.,-0.965925826289076,0.258819045102493));
#4978=DIRECTION('center_axis',(0.,-0.258819045102493,-0.965925826289076));
#4979=DIRECTION('ref_axis',(-1.,0.,0.));
#4980=DIRECTION('',(0.,0.965925826289076,-0.258819045102493));
#4981=DIRECTION('center_axis',(-0.940385563038528,-0.32852128941741,0.0880270141958326));
#4982=DIRECTION('ref_axis',(0.0931999158087511,4.21954612172546E-8,0.995647415350052));
#4983=DIRECTION('center_axis',(-0.940475511434442,0.328280962141015,-0.087962618696204));
#4984=DIRECTION('ref_axis',(-0.0931843523869893,-0.000175827267579434,0.995648856552846));
#4985=DIRECTION('center_axis',(0.,1.,0.));
#4986=DIRECTION('ref_axis',(0.,0.,1.));
#4987=DIRECTION('',(1.,0.,0.));
#4988=DIRECTION('center_axis',(0.,0.,-1.));
#4989=DIRECTION('ref_axis',(0.,1.,0.));
#4990=DIRECTION('',(1.,0.,0.));
#4991=DIRECTION('center_axis',(0.,1.,0.));
#4992=DIRECTION('ref_axis',(0.,0.,1.));
#4993=DIRECTION('',(1.,0.,0.));
#4994=DIRECTION('center_axis',(0.,0.,-1.));
#4995=DIRECTION('ref_axis',(0.,1.,0.));
#4996=DIRECTION('',(1.,0.,0.));
#4997=DIRECTION('center_axis',(0.,1.,0.));
#4998=DIRECTION('ref_axis',(0.,0.,1.));
#4999=DIRECTION('',(1.,0.,0.));
#5000=DIRECTION('center_axis',(0.,0.,-1.));
#5001=DIRECTION('ref_axis',(0.,1.,0.));
#5002=DIRECTION('',(1.,0.,0.));
#5003=DIRECTION('center_axis',(0.,1.,0.));
#5004=DIRECTION('ref_axis',(0.,0.,1.));
#5005=DIRECTION('',(1.,0.,0.));
#5006=DIRECTION('center_axis',(0.,0.,1.));
#5007=DIRECTION('ref_axis',(0.,-1.,0.));
#5008=DIRECTION('',(1.,0.,-1.06581410364E-14));
#5009=DIRECTION('',(1.,0.,0.));
#5010=DIRECTION('center_axis',(0.,1.,0.));
#5011=DIRECTION('ref_axis',(0.,0.,1.));
#5012=DIRECTION('center_axis',(0.,1.,0.));
#5013=DIRECTION('ref_axis',(0.,0.,1.));
#5014=DIRECTION('center_axis',(0.,1.,0.));
#5015=DIRECTION('ref_axis',(1.83697019872103E-16,0.,1.));
#5016=DIRECTION('',(0.,1.,0.));
#5017=DIRECTION('center_axis',(0.,-1.,0.));
#5018=DIRECTION('ref_axis',(1.,0.,0.));
#5019=DIRECTION('center_axis',(0.,-0.608761429008724,0.793353340291233));
#5020=DIRECTION('ref_axis',(0.,0.793353340291233,0.608761429008724));
#5021=DIRECTION('center_axis',(0.,-0.258819045102493,-0.965925826289076));
#5022=DIRECTION('ref_axis',(0.,0.965925826289076,-0.258819045102493));
#5023=DIRECTION('center_axis',(0.,-0.258819045102493,-0.965925826289076));
#5024=DIRECTION('ref_axis',(-1.,0.,0.));
#5025=DIRECTION('',(0.,-0.258819045102493,-0.965925826289076));
#5026=DIRECTION('center_axis',(1.,0.,0.));
#5027=DIRECTION('ref_axis',(0.,0.,-1.));
#5028=DIRECTION('center_axis',(1.,0.,0.));
#5029=DIRECTION('ref_axis',(0.,0.,-1.));
#5030=DIRECTION('center_axis',(0.,-1.,0.));
#5031=DIRECTION('ref_axis',(-1.,0.,0.));
#5032=DIRECTION('',(-1.,0.,0.));
#5033=DIRECTION('',(0.,0.,-1.));
#5034=DIRECTION('center_axis',(0.,-1.,0.));
#5035=DIRECTION('ref_axis',(-1.,0.,0.));
#5036=DIRECTION('',(0.,0.,1.));
#5037=DIRECTION('',(-1.,0.,0.));
#5038=DIRECTION('center_axis',(-1.,0.,0.));
#5039=DIRECTION('ref_axis',(0.,0.,-1.));
#5040=DIRECTION('',(0.,1.,0.));
#5041=DIRECTION('center_axis',(0.,0.,-1.));
#5042=DIRECTION('ref_axis',(0.,1.,0.));
#5043=DIRECTION('',(0.,1.,0.));
#5044=DIRECTION('center_axis',(1.,0.,0.));
#5045=DIRECTION('ref_axis',(0.,0.,1.));
#5046=DIRECTION('axis',(0.,0.,1.));
#5047=DIRECTION('refdir',(1.,0.,0.));
#5048=DIRECTION('center_axis',(0.,-1.,0.));
#5049=DIRECTION('ref_axis',(-1.,0.,0.));
#5050=DIRECTION('center_axis',(0.,-1.,0.));
#5051=DIRECTION('ref_axis',(1.,0.,0.));
#5052=DIRECTION('',(0.,-1.,0.));
#5053=DIRECTION('center_axis',(0.,1.,0.));
#5054=DIRECTION('ref_axis',(-1.,0.,0.));
#5055=DIRECTION('center_axis',(0.,-1.,0.));
#5056=DIRECTION('ref_axis',(-1.,0.,0.));
#5057=DIRECTION('center_axis',(0.,-1.,0.));
#5058=DIRECTION('ref_axis',(-1.,0.,0.));
#5059=DIRECTION('center_axis',(0.,-1.,0.));
#5060=DIRECTION('ref_axis',(-1.,0.,0.));
#5061=DIRECTION('',(0.,1.,0.));
#5062=DIRECTION('center_axis',(0.,-1.,0.));
#5063=DIRECTION('ref_axis',(-1.,0.,0.));
#5064=DIRECTION('center_axis',(0.,0.,1.));
#5065=DIRECTION('ref_axis',(1.,0.,0.));
#5066=DIRECTION('',(1.,0.,0.));
#5067=DIRECTION('',(0.,1.,0.));
#5068=DIRECTION('',(1.,0.,0.));
#5069=DIRECTION('',(0.,1.,0.));
#5070=DIRECTION('center_axis',(0.,0.,-1.));
#5071=DIRECTION('ref_axis',(-1.,0.,0.));
#5072=DIRECTION('',(-1.,0.,0.));
#5073=DIRECTION('',(0.,1.,0.));
#5074=DIRECTION('',(-1.,0.,0.));
#5075=DIRECTION('',(0.,1.,0.));
#5076=DIRECTION('center_axis',(0.,0.,1.));
#5077=DIRECTION('ref_axis',(1.,0.,0.));
#5078=DIRECTION('',(1.,0.,0.));
#5079=DIRECTION('',(0.,1.,0.));
#5080=DIRECTION('',(1.,0.,0.));
#5081=DIRECTION('',(0.,1.,0.));
#5082=DIRECTION('center_axis',(0.,-0.707106781186548,0.707106781186548));
#5083=DIRECTION('ref_axis',(0.,-0.707106781186548,-0.707106781186548));
#5084=DIRECTION('',(1.,0.,0.));
#5085=DIRECTION('',(0.,-0.707106781186547,-0.707106781186547));
#5086=DIRECTION('',(0.,-0.707106781186547,-0.707106781186547));
#5087=DIRECTION('center_axis',(0.,-1.,0.));
#5088=DIRECTION('ref_axis',(0.,0.,-1.));
#5089=DIRECTION('',(1.,0.,0.));
#5090=DIRECTION('',(0.,0.,-1.));
#5091=DIRECTION('',(0.,0.,-1.));
#5092=DIRECTION('center_axis',(0.,0.,-1.));
#5093=DIRECTION('ref_axis',(-1.,0.,0.));
#5094=DIRECTION('',(-1.,0.,0.));
#5095=DIRECTION('',(0.,1.,0.));
#5096=DIRECTION('',(-1.,0.,0.));
#5097=DIRECTION('',(0.,1.,0.));
#5098=DIRECTION('center_axis',(-1.,0.,0.));
#5099=DIRECTION('ref_axis',(0.,0.,1.));
#5100=DIRECTION('center_axis',(-1.,0.,0.));
#5101=DIRECTION('ref_axis',(0.,0.,-1.));
#5102=DIRECTION('',(0.,0.,1.));
#5103=DIRECTION('center_axis',(-1.,0.,0.));
#5104=DIRECTION('ref_axis',(0.,0.,1.));
#5105=DIRECTION('',(0.,-1.,0.));
#5106=DIRECTION('',(0.,0.,1.));
#5107=DIRECTION('center_axis',(-1.,0.,0.));
#5108=DIRECTION('ref_axis',(0.,0.,1.));
#5109=DIRECTION('',(0.,0.707106781186547,-0.707106781186547));
#5110=DIRECTION('',(0.,0.,1.));
#5111=DIRECTION('',(0.,-1.,0.));
#5112=DIRECTION('',(0.,0.,-1.));
#5113=DIRECTION('center_axis',(-1.,0.,0.));
#5114=DIRECTION('ref_axis',(0.,0.,1.));
#5115=DIRECTION('',(1.,0.,0.));
#5116=DIRECTION('center_axis',(-1.,0.,0.));
#5117=DIRECTION('ref_axis',(0.,0.,-1.));
#5118=DIRECTION('',(1.,0.,0.));
#5119=DIRECTION('center_axis',(0.,0.,-1.));
#5120=DIRECTION('ref_axis',(0.,1.,0.));
#5121=DIRECTION('',(1.,0.,0.));
#5122=DIRECTION('',(0.,-1.,0.));
#5123=DIRECTION('',(1.,0.,0.));
#5124=DIRECTION('center_axis',(0.,-1.,0.));
#5125=DIRECTION('ref_axis',(0.,0.,-1.));
#5126=DIRECTION('',(1.,0.,0.));
#5127=DIRECTION('',(0.,0.,-1.));
#5128=DIRECTION('center_axis',(0.,-0.707106781186548,-0.707106781186548));
#5129=DIRECTION('ref_axis',(0.,0.707106781186548,-0.707106781186548));
#5130=DIRECTION('',(0.,0.707106781186598,-0.707106781186498));
#5131=DIRECTION('center_axis',(1.,0.,0.));
#5132=DIRECTION('ref_axis',(0.,0.,-1.));
#5133=DIRECTION('',(0.,0.,-1.));
#5134=DIRECTION('center_axis',(1.,0.,0.));
#5135=DIRECTION('ref_axis',(0.,0.,-1.));
#5136=DIRECTION('',(0.,-1.,0.));
#5137=DIRECTION('',(0.,0.,-1.));
#5138=DIRECTION('center_axis',(1.,0.,0.));
#5139=DIRECTION('ref_axis',(0.,0.,-1.));
#5140=DIRECTION('',(0.,0.,-1.));
#5141=DIRECTION('center_axis',(0.,1.,0.));
#5142=DIRECTION('ref_axis',(0.,0.,-1.));
#5143=DIRECTION('',(0.,0.,-1.));
#5144=DIRECTION('',(-1.,0.,0.));
#5145=DIRECTION('',(0.,0.,-1.));
#5146=DIRECTION('',(-1.,0.,0.));
#5147=DIRECTION('center_axis',(0.,0.,1.));
#5148=DIRECTION('ref_axis',(1.,0.,0.));
#5149=DIRECTION('',(1.,0.,0.));
#5150=DIRECTION('',(0.,1.,0.));
#5151=DIRECTION('',(1.,0.,0.));
#5152=DIRECTION('',(0.,1.,0.));
#5153=DIRECTION('center_axis',(0.,0.707106781186548,-0.707106781186548));
#5154=DIRECTION('ref_axis',(0.,-0.707106781186548,-0.707106781186548));
#5155=DIRECTION('',(0.,-0.707106781186547,-0.707106781186547));
#5156=DIRECTION('',(0.,-0.707106781186547,-0.707106781186547));
#5157=DIRECTION('',(-1.,0.,0.));
#5158=DIRECTION('center_axis',(0.,1.,0.));
#5159=DIRECTION('ref_axis',(0.,0.,-1.));
#5160=DIRECTION('',(0.,0.,-1.));
#5161=DIRECTION('',(0.,0.,-1.));
#5162=DIRECTION('',(-1.,0.,0.));
#5163=DIRECTION('center_axis',(0.,0.,-1.));
#5164=DIRECTION('ref_axis',(0.,-1.,0.));
#5165=DIRECTION('',(-1.,0.,0.));
#5166=DIRECTION('',(0.,-1.,0.));
#5167=DIRECTION('',(0.,-1.,0.));
#5168=DIRECTION('center_axis',(-1.,0.,0.));
#5169=DIRECTION('ref_axis',(0.,0.,1.));
#5170=DIRECTION('center_axis',(-1.,0.,0.));
#5171=DIRECTION('ref_axis',(0.,0.,-1.));
#5172=DIRECTION('',(-1.,0.,0.));
#5173=DIRECTION('center_axis',(-1.,0.,0.));
#5174=DIRECTION('ref_axis',(0.,0.,-1.));
#5175=DIRECTION('',(-1.,0.,0.));
#5176=DIRECTION('center_axis',(1.,0.,0.));
#5177=DIRECTION('ref_axis',(0.,0.,-1.));
#5178=DIRECTION('',(0.,0.,-1.));
#5179=DIRECTION('center_axis',(1.,0.,0.));
#5180=DIRECTION('ref_axis',(0.,0.,-1.));
#5181=DIRECTION('',(0.,0.,-1.));
#5182=DIRECTION('center_axis',(1.,0.,0.));
#5183=DIRECTION('ref_axis',(0.,0.,-1.));
#5184=DIRECTION('',(0.,0.707106781186547,-0.707106781186547));
#5185=DIRECTION('',(0.,-1.,0.));
#5186=DIRECTION('',(0.,0.,-1.));
#5187=DIRECTION('',(0.,1.,0.));
#5188=DIRECTION('center_axis',(0.,0.,-1.));
#5189=DIRECTION('ref_axis',(-1.,0.,0.));
#5190=DIRECTION('',(-1.,0.,0.));
#5191=DIRECTION('',(-1.,0.,0.));
#5192=DIRECTION('',(0.,1.,0.));
#5193=DIRECTION('center_axis',(0.,0.707106781186548,0.707106781186548));
#5194=DIRECTION('ref_axis',(0.,0.707106781186548,-0.707106781186548));
#5195=DIRECTION('',(0.,0.707106781186547,-0.707106781186547));
#5196=DIRECTION('center_axis',(-1.,0.,0.));
#5197=DIRECTION('ref_axis',(0.,0.,1.));
#5198=DIRECTION('',(0.,0.,1.));
#5199=DIRECTION('center_axis',(-1.,0.,0.));
#5200=DIRECTION('ref_axis',(0.,0.,1.));
#5201=DIRECTION('',(0.,0.,1.));
#5202=DIRECTION('center_axis',(-1.,0.,0.));
#5203=DIRECTION('ref_axis',(0.,0.,1.));
#5204=DIRECTION('',(0.,0.,1.));
#5205=DIRECTION('',(0.,-1.,0.));
#5206=DIRECTION('center_axis',(0.,0.,1.));
#5207=DIRECTION('ref_axis',(1.,0.,0.));
#5208=DIRECTION('',(1.,0.,0.));
#5209=DIRECTION('',(0.,1.,0.));
#5210=DIRECTION('',(1.,0.,0.));
#5211=DIRECTION('',(0.,1.,0.));
#5212=DIRECTION('center_axis',(1.,0.,0.));
#5213=DIRECTION('ref_axis',(0.,0.,-1.));
#5214=DIRECTION('',(0.,0.,-1.));
#5215=DIRECTION('',(0.,1.,0.));
#5216=DIRECTION('',(0.,0.,-1.));
#5217=DIRECTION('center_axis',(0.,0.,-1.));
#5218=DIRECTION('ref_axis',(-1.,0.,0.));
#5219=DIRECTION('',(-1.,0.,0.));
#5220=DIRECTION('',(0.,1.,0.));
#5221=DIRECTION('',(-1.,0.,0.));
#5222=DIRECTION('center_axis',(0.,1.,0.));
#5223=DIRECTION('ref_axis',(1.,0.,0.));
#5224=DIRECTION('',(0.,0.,1.));
#5225=DIRECTION('',(1.,0.,0.));
#5226=DIRECTION('',(0.,0.,-1.));
#5227=DIRECTION('',(-1.,0.,0.));
#5228=DIRECTION('',(-1.,0.,0.));
#5229=DIRECTION('center_axis',(0.,1.,0.));
#5230=DIRECTION('ref_axis',(1.,0.,0.));
#5231=DIRECTION('',(0.,0.,1.));
#5232=DIRECTION('',(1.,0.,0.));
#5233=DIRECTION('center_axis',(0.,0.,-1.));
#5234=DIRECTION('ref_axis',(-1.,0.,0.));
#5235=DIRECTION('',(-1.,0.,0.));
#5236=DIRECTION('',(0.,1.,0.));
#5237=DIRECTION('',(0.,1.,0.));
#5238=DIRECTION('center_axis',(-1.,0.,0.));
#5239=DIRECTION('ref_axis',(0.,0.,1.));
#5240=DIRECTION('',(0.,0.,1.));
#5241=DIRECTION('',(0.,1.,0.));
#5242=DIRECTION('center_axis',(0.,0.,1.));
#5243=DIRECTION('ref_axis',(1.,0.,0.));
#5244=DIRECTION('',(1.,0.,0.));
#5245=DIRECTION('',(0.,1.,0.));
#5246=DIRECTION('center_axis',(1.,0.,0.));
#5247=DIRECTION('ref_axis',(0.,0.,-1.));
#5248=DIRECTION('',(0.,0.,-1.));
#5249=DIRECTION('',(0.,1.,0.));
#5250=DIRECTION('',(0.,0.,-1.));
#5251=DIRECTION('',(0.,0.,-1.));
#5252=DIRECTION('',(0.,0.,-1.));
#5253=DIRECTION('',(0.,0.,-1.));
#5254=DIRECTION('',(0.,1.,0.));
#5255=DIRECTION('center_axis',(0.,0.,1.));
#5256=DIRECTION('ref_axis',(1.,0.,0.));
#5257=DIRECTION('',(1.,0.,0.));
#5258=DIRECTION('',(0.,1.,0.));
#5259=DIRECTION('',(1.,0.,0.));
#5260=DIRECTION('center_axis',(0.,1.,0.));
#5261=DIRECTION('ref_axis',(1.,0.,0.));
#5262=DIRECTION('',(0.,0.,-1.));
#5263=DIRECTION('center_axis',(0.,1.,0.));
#5264=DIRECTION('ref_axis',(1.,0.,0.));
#5265=DIRECTION('',(0.,0.,-1.));
#5266=DIRECTION('',(-1.,0.,0.));
#5267=DIRECTION('center_axis',(-1.,0.,0.));
#5268=DIRECTION('ref_axis',(0.,0.,1.));
#5269=DIRECTION('',(0.,0.,1.));
#5270=DIRECTION('',(0.,0.,1.));
#5271=DIRECTION('',(0.,0.,1.));
#5272=DIRECTION('',(0.,1.,0.));
#5273=DIRECTION('center_axis',(0.,0.,-1.));
#5274=DIRECTION('ref_axis',(-1.,0.,0.));
#5275=DIRECTION('',(-1.,0.,0.));
#5276=DIRECTION('center_axis',(0.,1.,0.));
#5277=DIRECTION('ref_axis',(1.,0.,0.));
#5278=DIRECTION('center_axis',(0.,1.,0.));
#5279=DIRECTION('ref_axis',(1.,0.,0.));
#5280=DIRECTION('',(-1.,0.,0.));
#5281=DIRECTION('',(0.,0.,1.));
#5282=DIRECTION('',(1.,0.,0.));
#5283=DIRECTION('',(0.,0.,-1.));
#5284=DIRECTION('center_axis',(-1.,0.,0.));
#5285=DIRECTION('ref_axis',(0.,0.,1.));
#5286=DIRECTION('',(0.,0.,1.));
#5287=DIRECTION('',(0.,1.,0.));
#5288=DIRECTION('',(0.,1.,0.));
#5289=DIRECTION('center_axis',(0.,0.,1.));
#5290=DIRECTION('ref_axis',(1.,0.,0.));
#5291=DIRECTION('',(1.,0.,0.));
#5292=DIRECTION('',(0.,1.,0.));
#5293=DIRECTION('center_axis',(1.,0.,0.));
#5294=DIRECTION('ref_axis',(0.,0.,-1.));
#5295=DIRECTION('',(0.,0.,-1.));
#5296=DIRECTION('',(0.,1.,0.));
#5297=DIRECTION('center_axis',(0.,0.,-1.));
#5298=DIRECTION('ref_axis',(-1.,0.,0.));
#5299=DIRECTION('',(-1.,0.,0.));
#5300=DIRECTION('center_axis',(0.,1.,0.));
#5301=DIRECTION('ref_axis',(1.,0.,0.));
#5302=DIRECTION('center_axis',(0.,1.,0.));
#5303=DIRECTION('ref_axis',(1.,0.,0.));
#5304=DIRECTION('center_axis',(0.,0.,1.));
#5305=DIRECTION('ref_axis',(0.,-1.,0.));
#5306=DIRECTION('center_axis',(0.,0.,1.));
#5307=DIRECTION('ref_axis',(0.,1.,0.));
#5308=DIRECTION('center_axis',(0.,1.,0.));
#5309=DIRECTION('ref_axis',(0.,0.,1.));
#5310=DIRECTION('',(-1.,0.,0.));
#5311=DIRECTION('',(0.,0.,-1.));
#5312=DIRECTION('',(-1.,0.,0.));
#5313=DIRECTION('',(0.,0.,1.));
#5314=DIRECTION('center_axis',(0.,1.,0.));
#5315=DIRECTION('ref_axis',(0.,0.,1.));
#5316=DIRECTION('',(-1.,0.,0.));
#5317=DIRECTION('',(0.,0.,1.));
#5318=DIRECTION('',(1.,0.,0.));
#5319=DIRECTION('',(0.,0.,-1.));
#5320=DIRECTION('center_axis',(0.,0.,-1.));
#5321=DIRECTION('ref_axis',(0.,-1.,0.));
#5322=DIRECTION('',(0.,-1.,0.));
#5323=DIRECTION('',(1.,0.,0.));
#5324=DIRECTION('',(0.,-1.,0.));
#5325=DIRECTION('center_axis',(0.,0.,1.));
#5326=DIRECTION('ref_axis',(0.,1.,0.));
#5327=DIRECTION('',(0.,1.,0.));
#5328=DIRECTION('',(1.,0.,0.));
#5329=DIRECTION('',(0.,1.,0.));
#5330=DIRECTION('center_axis',(0.,0.707106781186548,0.707106781186548));
#5331=DIRECTION('ref_axis',(0.,-0.707106781186548,0.707106781186548));
#5332=DIRECTION('',(0.,-0.707106781186547,0.707106781186547));
#5333=DIRECTION('',(1.,0.,0.));
#5334=DIRECTION('',(0.,0.707106781186547,-0.707106781186547));
#5335=DIRECTION('center_axis',(-1.,0.,0.));
#5336=DIRECTION('ref_axis',(0.,0.,1.));
#5337=DIRECTION('',(0.,-1.,0.));
#5338=DIRECTION('center_axis',(1.,0.,0.));
#5339=DIRECTION('ref_axis',(0.,0.,-1.));
#5340=DIRECTION('',(0.,1.,0.));
#5341=DIRECTION('',(0.,0.707106781186547,0.707106781186547));
#5342=DIRECTION('',(0.,0.,-1.));
#5343=DIRECTION('center_axis',(1.,0.,0.));
#5344=DIRECTION('ref_axis',(0.,0.,1.));
#5345=DIRECTION('center_axis',(-1.,0.,0.));
#5346=DIRECTION('ref_axis',(0.,0.,1.));
#5347=DIRECTION('',(-1.,0.,0.));
#5348=DIRECTION('center_axis',(1.,0.,0.));
#5349=DIRECTION('ref_axis',(0.,0.,1.));
#5350=DIRECTION('center_axis',(1.,0.,0.));
#5351=DIRECTION('ref_axis',(0.,0.,-1.));
#5352=DIRECTION('',(0.,0.,-1.));
#5353=DIRECTION('',(0.,-0.707106781186547,-0.707106781186547));
#5354=DIRECTION('',(0.,1.,0.));
#5355=DIRECTION('center_axis',(1.,0.,0.));
#5356=DIRECTION('ref_axis',(0.,0.,-1.));
#5357=DIRECTION('',(0.,-1.,0.));
#5358=DIRECTION('center_axis',(0.,0.,-1.));
#5359=DIRECTION('ref_axis',(0.,-1.,0.));
#5360=DIRECTION('',(-1.,0.,0.));
#5361=DIRECTION('center_axis',(-1.,0.,0.));
#5362=DIRECTION('ref_axis',(0.,0.,1.));
#5363=DIRECTION('',(-1.,0.,0.));
#5364=DIRECTION('center_axis',(0.,0.,1.));
#5365=DIRECTION('ref_axis',(0.,1.,0.));
#5366=DIRECTION('center_axis',(0.,0.707106781186548,-0.707106781186548));
#5367=DIRECTION('ref_axis',(0.,0.707106781186548,0.707106781186548));
#5368=DIRECTION('',(1.,0.,0.));
#5369=DIRECTION('center_axis',(0.,1.,0.));
#5370=DIRECTION('ref_axis',(0.,0.,-1.));
#5371=DIRECTION('center_axis',(0.,1.,0.));
#5372=DIRECTION('ref_axis',(0.,0.,1.));
#5373=DIRECTION('',(0.,0.,-1.));
#5374=DIRECTION('',(1.,0.,0.));
#5375=DIRECTION('',(0.,0.,1.));
#5376=DIRECTION('',(-1.,0.,0.));
#5377=DIRECTION('center_axis',(0.,1.,0.));
#5378=DIRECTION('ref_axis',(0.,0.,1.));
#5379=DIRECTION('',(1.,0.,0.));
#5380=DIRECTION('',(0.,0.,-1.));
#5381=DIRECTION('',(1.,0.,0.));
#5382=DIRECTION('',(0.,0.,1.));
#5383=DIRECTION('center_axis',(0.,0.,-1.));
#5384=DIRECTION('ref_axis',(0.,1.,0.));
#5385=DIRECTION('',(0.,1.,0.));
#5386=DIRECTION('',(1.,0.,0.));
#5387=DIRECTION('',(0.,1.,0.));
#5388=DIRECTION('center_axis',(0.,0.707106781186548,0.707106781186548));
#5389=DIRECTION('ref_axis',(0.,-0.707106781186548,0.707106781186548));
#5390=DIRECTION('',(0.,-0.707106781186547,0.707106781186547));
#5391=DIRECTION('',(1.,0.,0.));
#5392=DIRECTION('',(0.,0.707106781186547,-0.707106781186547));
#5393=DIRECTION('center_axis',(1.,0.,0.));
#5394=DIRECTION('ref_axis',(0.,0.,-1.));
#5395=DIRECTION('',(0.,-1.,0.));
#5396=DIRECTION('center_axis',(1.,0.,0.));
#5397=DIRECTION('ref_axis',(0.,0.,-1.));
#5398=DIRECTION('',(0.,1.,0.));
#5399=DIRECTION('',(0.,-1.,0.));
#5400=DIRECTION('',(0.,0.707106781186547,0.707106781186547));
#5401=DIRECTION('',(0.,0.,-1.));
#5402=DIRECTION('center_axis',(1.,0.,0.));
#5403=DIRECTION('ref_axis',(0.,0.,1.));
#5404=DIRECTION('center_axis',(-1.,0.,0.));
#5405=DIRECTION('ref_axis',(0.,0.,1.));
#5406=DIRECTION('',(-1.,0.,0.));
#5407=DIRECTION('center_axis',(1.,0.,0.));
#5408=DIRECTION('ref_axis',(0.,0.,1.));
#5409=DIRECTION('center_axis',(-1.,0.,0.));
#5410=DIRECTION('ref_axis',(0.,0.,1.));
#5411=DIRECTION('',(0.,0.,-1.));
#5412=DIRECTION('',(0.,-0.707106781186547,-0.707106781186547));
#5413=DIRECTION('',(0.,-1.,0.));
#5414=DIRECTION('',(0.,1.,0.));
#5415=DIRECTION('center_axis',(1.,0.,0.));
#5416=DIRECTION('ref_axis',(0.,0.,-1.));
#5417=DIRECTION('',(0.,-1.,0.));
#5418=DIRECTION('center_axis',(0.,0.,1.));
#5419=DIRECTION('ref_axis',(0.,-1.,0.));
#5420=DIRECTION('',(1.,0.,0.));
#5421=DIRECTION('center_axis',(0.,0.,-1.));
#5422=DIRECTION('ref_axis',(0.,1.,0.));
#5423=DIRECTION('',(1.,0.,0.));
#5424=DIRECTION('center_axis',(-1.,0.,0.));
#5425=DIRECTION('ref_axis',(0.,0.,1.));
#5426=DIRECTION('center_axis',(0.,0.,1.));
#5427=DIRECTION('ref_axis',(0.,-1.,0.));
#5428=DIRECTION('',(1.,0.,0.));
#5429=DIRECTION('center_axis',(0.,0.707106781186548,-0.707106781186548));
#5430=DIRECTION('ref_axis',(0.,0.707106781186548,0.707106781186548));
#5431=DIRECTION('',(1.,0.,0.));
#5432=DIRECTION('center_axis',(0.,-1.,0.));
#5433=DIRECTION('ref_axis',(0.,0.,-1.));
#5434=DIRECTION('axis',(0.,0.,1.));
#5435=DIRECTION('refdir',(1.,0.,0.));
#5436=DIRECTION('center_axis',(0.,-1.,0.));
#5437=DIRECTION('ref_axis',(-1.,0.,0.));
#5438=DIRECTION('center_axis',(0.,-1.,0.));
#5439=DIRECTION('ref_axis',(-0.975499871860577,0.,0.219999999999995));
#5440=DIRECTION('',(0.,-1.,0.));
#5441=DIRECTION('center_axis',(0.,-1.,0.));
#5442=DIRECTION('ref_axis',(-0.240000000000006,0.,0.970772887960926));
#5443=DIRECTION('',(0.,-1.,0.));
#5444=DIRECTION('center_axis',(0.,-1.,0.));
#5445=DIRECTION('ref_axis',(-0.160000000000007,0.,0.987117014340244));
#5446=DIRECTION('',(0.,-1.,0.));
#5447=DIRECTION('center_axis',(0.,-1.,0.));
#5448=DIRECTION('ref_axis',(0.160000000000007,0.,0.987117014340244));
#5449=DIRECTION('',(0.,-1.,0.));
#5450=DIRECTION('center_axis',(0.,-1.,0.));
#5451=DIRECTION('ref_axis',(0.240000000000006,0.,0.970772887960926));
#5452=DIRECTION('',(0.,-1.,0.));
#5453=DIRECTION('center_axis',(0.,-1.,0.));
#5454=DIRECTION('ref_axis',(0.975499871860577,0.,0.219999999999995));
#5455=DIRECTION('',(0.,-1.,0.));
#5456=DIRECTION('center_axis',(0.,-1.,0.));
#5457=DIRECTION('ref_axis',(0.975499871860577,0.,-0.219999999999995));
#5458=DIRECTION('',(0.,1.,0.));
#5459=DIRECTION('center_axis',(0.,1.,0.));
#5460=DIRECTION('ref_axis',(-1.,0.,0.));
#5461=DIRECTION('center_axis',(0.,1.,0.));
#5462=DIRECTION('ref_axis',(-1.,0.,0.));
#5463=DIRECTION('center_axis',(0.,-1.,0.));
#5464=DIRECTION('ref_axis',(0.975499871860577,0.,-0.219999999999995));
#5465=DIRECTION('',(0.,-1.,0.));
#5466=DIRECTION('center_axis',(0.,1.,0.));
#5467=DIRECTION('ref_axis',(0.975499871860577,0.,-0.219999999999995));
#5468=DIRECTION('',(0.,-1.,0.));
#5469=DIRECTION('center_axis',(0.,-1.,0.));
#5470=DIRECTION('ref_axis',(0.160000000000007,0.,-0.987117014340244));
#5471=DIRECTION('',(0.,-1.,0.));
#5472=DIRECTION('center_axis',(0.,-1.,0.));
#5473=DIRECTION('ref_axis',(-0.160000000000007,0.,-0.987117014340244));
#5474=DIRECTION('',(0.,-1.,0.));
#5475=DIRECTION('center_axis',(0.,-1.,0.));
#5476=DIRECTION('ref_axis',(-0.240000000000006,0.,-0.970772887960926));
#5477=DIRECTION('',(0.,-1.,0.));
#5478=DIRECTION('center_axis',(0.,1.,0.));
#5479=DIRECTION('ref_axis',(-0.240000000000006,0.,-0.970772887960926));
#5480=DIRECTION('',(0.,-1.,0.));
#5481=DIRECTION('center_axis',(0.,-1.,0.));
#5482=DIRECTION('ref_axis',(0.,0.,1.));
#5483=DIRECTION('',(-1.,0.,0.));
#5484=DIRECTION('center_axis',(0.,-1.,0.));
#5485=DIRECTION('ref_axis',(-0.97098745365771,0.,0.239130434782602));
#5486=DIRECTION('',(-1.,0.,0.));
#5487=DIRECTION('center_axis',(0.,0.,1.));
#5488=DIRECTION('ref_axis',(0.,1.,0.));
#5489=DIRECTION('',(1.,0.,0.));
#5490=DIRECTION('',(0.,-1.,0.));
#5491=DIRECTION('center_axis',(0.,-1.,0.));
#5492=DIRECTION('ref_axis',(-1.,0.,0.));
#5493=DIRECTION('center_axis',(0.,1.,0.));
#5494=DIRECTION('ref_axis',(1.,0.,0.));
#5495=DIRECTION('',(0.,-1.,0.));
#5496=DIRECTION('center_axis',(0.,-1.,0.));
#5497=DIRECTION('ref_axis',(1.,0.,0.));
#5498=DIRECTION('',(0.,-1.,0.));
#5499=DIRECTION('center_axis',(0.,-1.,0.));
#5500=DIRECTION('ref_axis',(0.97098745365771,0.,0.239130434782602));
#5501=DIRECTION('',(0.,-1.,0.));
#5502=DIRECTION('center_axis',(0.,-1.,0.));
#5503=DIRECTION('ref_axis',(0.260869565217396,0.,0.965374057007586));
#5504=DIRECTION('',(0.,-1.,0.));
#5505=DIRECTION('center_axis',(0.,-1.,0.));
#5506=DIRECTION('ref_axis',(0.173913043478296,0.,0.984761013296178));
#5507=DIRECTION('',(0.,-1.,0.));
#5508=DIRECTION('center_axis',(0.,-1.,0.));
#5509=DIRECTION('ref_axis',(-0.173913043478296,0.,0.984761013296178));
#5510=DIRECTION('',(0.,-1.,0.));
#5511=DIRECTION('center_axis',(0.,-1.,0.));
#5512=DIRECTION('ref_axis',(-0.260869565217396,0.,0.965374057007586));
#5513=DIRECTION('',(0.,-1.,0.));
#5514=DIRECTION('center_axis',(0.,1.,0.));
#5515=DIRECTION('ref_axis',(-0.260869565217396,0.,-0.965374057007586));
#5516=DIRECTION('',(0.,-1.,0.));
#5517=DIRECTION('center_axis',(0.,-1.,0.));
#5518=DIRECTION('ref_axis',(-0.260869565217396,0.,-0.965374057007586));
#5519=DIRECTION('',(0.,-1.,0.));
#5520=DIRECTION('center_axis',(0.,1.,0.));
#5521=DIRECTION('ref_axis',(0.173913043478296,0.,-0.984761013296178));
#5522=DIRECTION('',(0.,-1.,0.));
#5523=DIRECTION('center_axis',(0.,-1.,0.));
#5524=DIRECTION('ref_axis',(0.173913043478296,0.,-0.984761013296178));
#5525=DIRECTION('',(0.,-1.,0.));
#5526=DIRECTION('center_axis',(0.,1.,0.));
#5527=DIRECTION('ref_axis',(0.97098745365771,0.,-0.239130434782602));
#5528=DIRECTION('',(0.,-1.,0.));
#5529=DIRECTION('center_axis',(0.,-1.,0.));
#5530=DIRECTION('ref_axis',(1.,0.,0.));
#5531=DIRECTION('center_axis',(0.,0.,-1.));
#5532=DIRECTION('ref_axis',(0.,-1.,0.));
#5533=DIRECTION('',(1.,0.,0.));
#5534=DIRECTION('center_axis',(0.,-1.,0.));
#5535=DIRECTION('ref_axis',(-1.,0.,0.));
#5536=DIRECTION('',(-1.,0.,0.));
#5537=DIRECTION('',(0.,0.,-1.));
#5538=DIRECTION('center_axis',(0.,-1.,0.));
#5539=DIRECTION('ref_axis',(-1.,0.,0.));
#5540=DIRECTION('',(-1.,0.,0.));
#5541=DIRECTION('',(0.,0.,-1.));
#5542=DIRECTION('center_axis',(0.,-1.,0.));
#5543=DIRECTION('ref_axis',(-1.,0.,0.));
#5544=DIRECTION('',(0.,0.,-1.));
#5545=DIRECTION('center_axis',(0.,-1.,0.));
#5546=DIRECTION('ref_axis',(-1.,0.,0.));
#5547=DIRECTION('',(0.,0.,-1.));
#5548=DIRECTION('center_axis',(0.,-1.,0.));
#5549=DIRECTION('ref_axis',(-1.,0.,0.));
#5550=DIRECTION('',(-1.,0.,0.));
#5551=DIRECTION('',(0.,0.,-1.));
#5552=DIRECTION('',(0.,0.,1.));
#5553=DIRECTION('center_axis',(0.,-1.,0.));
#5554=DIRECTION('ref_axis',(-1.,0.,0.));
#5555=DIRECTION('',(1.,0.,0.));
#5556=DIRECTION('',(0.,0.,1.));
#5557=DIRECTION('',(0.,0.,-1.));
#5558=DIRECTION('center_axis',(0.,0.,-1.));
#5559=DIRECTION('ref_axis',(0.,1.,0.));
#5560=DIRECTION('',(1.,0.,0.));
#5561=DIRECTION('center_axis',(0.,1.,0.));
#5562=DIRECTION('ref_axis',(0.,0.,1.));
#5563=DIRECTION('',(1.,0.,0.));
#5564=DIRECTION('center_axis',(-1.,0.,0.));
#5565=DIRECTION('ref_axis',(0.,-1.,0.));
#5566=DIRECTION('',(0.,0.,1.));
#5567=DIRECTION('center_axis',(-1.,0.,0.));
#5568=DIRECTION('ref_axis',(0.,-1.,0.));
#5569=DIRECTION('',(0.,0.,1.));
#5570=DIRECTION('center_axis',(0.,1.,0.));
#5571=DIRECTION('ref_axis',(-1.,0.,0.));
#5572=DIRECTION('',(0.,0.,1.));
#5573=DIRECTION('center_axis',(0.,1.,0.));
#5574=DIRECTION('ref_axis',(-1.,0.,0.));
#5575=DIRECTION('',(0.,0.,1.));
#5576=DIRECTION('center_axis',(1.,0.,0.));
#5577=DIRECTION('ref_axis',(0.,1.,0.));
#5578=DIRECTION('',(0.,0.707106781186548,0.707106781186548));
#5579=DIRECTION('',(0.,1.,0.));
#5580=DIRECTION('',(0.,0.,-1.));
#5581=DIRECTION('center_axis',(1.,0.,0.));
#5582=DIRECTION('ref_axis',(0.,1.,0.));
#5583=DIRECTION('',(0.,-0.707106781186548,0.707106781186548));
#5584=DIRECTION('',(0.,0.,-1.));
#5585=DIRECTION('',(0.,1.,0.));
#5586=DIRECTION('center_axis',(0.,-0.707106781186548,0.707106781186548));
#5587=DIRECTION('ref_axis',(0.,0.707106781186548,0.707106781186548));
#5588=DIRECTION('',(0.,-0.707106781186548,-0.707106781186548));
#5589=DIRECTION('',(-1.,0.,0.));
#5590=DIRECTION('center_axis',(0.,0.,1.));
#5591=DIRECTION('ref_axis',(-1.,0.,0.));
#5592=DIRECTION('',(0.,1.,0.));
#5593=DIRECTION('',(-1.,0.,0.));
#5594=DIRECTION('center_axis',(0.,-1.,0.));
#5595=DIRECTION('ref_axis',(0.,0.,-1.));
#5596=DIRECTION('',(0.,0.,1.));
#5597=DIRECTION('center_axis',(0.,-1.,0.));
#5598=DIRECTION('ref_axis',(0.,0.,-1.));
#5599=DIRECTION('',(0.,0.,1.));
#5600=DIRECTION('',(1.,0.,0.));
#5601=DIRECTION('center_axis',(-1.,0.,0.));
#5602=DIRECTION('ref_axis',(0.,-1.,0.));
#5603=DIRECTION('',(0.,0.,1.));
#5604=DIRECTION('center_axis',(-1.,0.,0.));
#5605=DIRECTION('ref_axis',(0.,-1.,0.));
#5606=DIRECTION('',(0.,0.707106781186548,-0.707106781186548));
#5607=DIRECTION('',(0.,1.,0.));
#5608=DIRECTION('',(0.,0.,1.));
#5609=DIRECTION('center_axis',(0.,1.,0.));
#5610=DIRECTION('ref_axis',(-1.,0.,0.));
#5611=DIRECTION('',(0.,0.,1.));
#5612=DIRECTION('center_axis',(0.,1.,0.));
#5613=DIRECTION('ref_axis',(-1.,0.,0.));
#5614=DIRECTION('',(0.,0.,1.));
#5615=DIRECTION('center_axis',(1.,0.,0.));
#5616=DIRECTION('ref_axis',(0.,1.,0.));
#5617=DIRECTION('center_axis',(1.,0.,0.));
#5618=DIRECTION('ref_axis',(0.,1.,0.));
#5619=DIRECTION('center_axis',(0.,-0.707106781186548,-0.707106781186548));
#5620=DIRECTION('ref_axis',(0.,0.707106781186548,-0.707106781186548));
#5621=DIRECTION('',(1.,0.,0.));
#5622=DIRECTION('center_axis',(0.,0.,-1.));
#5623=DIRECTION('ref_axis',(1.,0.,0.));
#5624=DIRECTION('center_axis',(0.,-1.,0.));
#5625=DIRECTION('ref_axis',(0.999978039651707,0.,0.00662723278067005));
#5626=DIRECTION('center_axis',(0.00662723278067017,0.,-0.999978039651707));
#5627=DIRECTION('ref_axis',(-0.999978039651707,0.,-0.00662723278067017));
#5628=DIRECTION('center_axis',(0.,1.,0.));
#5629=DIRECTION('ref_axis',(1.,0.,1.346803343961E-13));
#5630=DIRECTION('center_axis',(0.,1.,0.));
#5631=DIRECTION('ref_axis',(-1.,0.,-1.340829979304E-13));
#5632=DIRECTION('center_axis',(0.,1.,0.));
#5633=DIRECTION('ref_axis',(1.,0.,1.346803343961E-13));
#5634=DIRECTION('center_axis',(0.,0.,1.));
#5635=DIRECTION('ref_axis',(0.,-1.,0.));
#5636=DIRECTION('center_axis',(0.,-1.,0.));
#5637=DIRECTION('ref_axis',(-1.,0.,0.));
#5638=DIRECTION('center_axis',(0.,-1.,0.));
#5639=DIRECTION('ref_axis',(1.,0.,0.));
#5640=DIRECTION('center_axis',(0.,-1.,0.));
#5641=DIRECTION('ref_axis',(-1.,0.,0.));
#5642=DIRECTION('center_axis',(0.,1.,0.));
#5643=DIRECTION('ref_axis',(1.,0.,0.));
#5644=DIRECTION('',(0.,1.,0.));
#5645=DIRECTION('center_axis',(0.,-1.,0.));
#5646=DIRECTION('ref_axis',(-1.,0.,0.));
#5647=DIRECTION('axis',(0.,0.,1.));
#5648=DIRECTION('refdir',(1.,0.,0.));
#5649=DIRECTION('center_axis',(0.0072129772767913,0.999973986141042,0.));
#5650=DIRECTION('ref_axis',(0.,0.,-1.));
#5651=DIRECTION('',(0.,0.,-1.));
#5652=DIRECTION('center_axis',(1.,0.,0.));
#5653=DIRECTION('ref_axis',(0.,1.,0.));
#5654=DIRECTION('center_axis',(0.0626684480819294,-0.00504069333022295,
0.99802167162129));
#5655=DIRECTION('ref_axis',(-1.48242987386467E-8,0.9999872455286,0.00505062175621027));
#5656=DIRECTION('',(0.,-1.237326553584E-14,-1.));
#5657=DIRECTION('',(0.,-0.999987244336189,-0.00505085783946795));
#5658=DIRECTION('',(1.,0.,0.));
#5659=DIRECTION('',(0.,0.,1.));
#5660=DIRECTION('',(1.,0.,0.));
#5661=DIRECTION('',(0.,0.,1.));
#5662=DIRECTION('',(-1.,0.,0.));
#5663=DIRECTION('',(1.,0.,0.));
#5664=DIRECTION('',(0.,0.,-1.));
#5665=DIRECTION('',(0.,0.,1.));
#5666=DIRECTION('',(0.,1.,0.));
#5667=CARTESIAN_POINT('',(0.,0.,0.));
#5668=CARTESIAN_POINT('',(0.,0.,0.));
#5669=CARTESIAN_POINT('Origin',(0.,15.,0.));
#5670=CARTESIAN_POINT('',(17.,15.,2.0818995585505E-15));
#5671=CARTESIAN_POINT('Origin',(0.,15.,0.));
#5672=CARTESIAN_POINT('',(-3.,15.,-14.6969384567));
#5673=CARTESIAN_POINT('',(-3.,15.,14.6969384567));
#5674=CARTESIAN_POINT('Origin',(0.,15.,0.));
#5675=CARTESIAN_POINT('',(-3.,15.,12.39203373139));
#5676=CARTESIAN_POINT('',(-3.,15.,12.39203373139));
#5677=CARTESIAN_POINT('',(3.,15.,12.39203373139));
#5678=CARTESIAN_POINT('Origin',(0.,15.,0.));
#5679=CARTESIAN_POINT('',(3.,15.,14.6969384567));
#5680=CARTESIAN_POINT('',(3.,15.,12.39203373139));
#5681=CARTESIAN_POINT('',(15.,15.,1.83697019872103E-15));
#5682=CARTESIAN_POINT('Origin',(0.,15.,0.));
#5683=CARTESIAN_POINT('',(3.,15.,-14.6969384567));
#5684=CARTESIAN_POINT('Origin',(0.,15.,0.));
#5685=CARTESIAN_POINT('',(3.,15.,-12.39203373139));
#5686=CARTESIAN_POINT('',(3.,15.,-14.6969384567));
#5687=CARTESIAN_POINT('',(-3.,15.,-12.39203373139));
#5688=CARTESIAN_POINT('Origin',(0.,15.,0.));
#5689=CARTESIAN_POINT('',(-3.,15.,-14.6969384567));
#5690=CARTESIAN_POINT('Origin',(0.,18.9,0.));
#5691=CARTESIAN_POINT('',(17.,17.,2.0818995585505E-15));
#5692=CARTESIAN_POINT('',(17.,18.9,2.0818995585505E-15));
#5693=CARTESIAN_POINT('Origin',(0.,17.,0.));
#5694=CARTESIAN_POINT('Origin',(0.,17.,0.));
#5695=CARTESIAN_POINT('',(16.,18.,1.95943487863577E-15));
#5696=CARTESIAN_POINT('Origin',(16.,17.,1.95943487863577E-15));
#5697=CARTESIAN_POINT('Origin',(0.,18.,0.));
#5698=CARTESIAN_POINT('Origin',(0.,18.,0.));
#5699=CARTESIAN_POINT('',(12.75,18.,0.));
#5700=CARTESIAN_POINT('Origin',(0.,18.,0.));
#5701=CARTESIAN_POINT('Origin',(0.,18.9,0.));
#5702=CARTESIAN_POINT('',(12.75,10.,1.56142466891288E-15));
#5703=CARTESIAN_POINT('',(12.75,18.9,1.56142466891288E-15));
#5704=CARTESIAN_POINT('',(12.50249975005,10.,2.5));
#5705=CARTESIAN_POINT('Origin',(0.,10.,0.));
#5706=CARTESIAN_POINT('',(12.50249975005,5.,2.5));
#5707=CARTESIAN_POINT('',(12.50249975005,10.,2.5));
#5708=CARTESIAN_POINT('',(12.75,5.,1.56142466891288E-15));
#5709=CARTESIAN_POINT('Origin',(0.,5.,0.));
#5710=CARTESIAN_POINT('',(12.75,3.,1.56142466891288E-15));
#5711=CARTESIAN_POINT('',(12.75,18.9,1.56142466891288E-15));
#5712=CARTESIAN_POINT('',(3.,3.,12.39203373139));
#5713=CARTESIAN_POINT('Origin',(0.,3.,0.));
#5714=CARTESIAN_POINT('',(3.,15.,12.39203373139));
#5715=CARTESIAN_POINT('',(-3.,3.,12.39203373139));
#5716=CARTESIAN_POINT('',(-3.,15.,12.39203373139));
#5717=CARTESIAN_POINT('',(-3.,3.,-12.39203373139));
#5718=CARTESIAN_POINT('Origin',(0.,3.,0.));
#5719=CARTESIAN_POINT('',(-3.,15.,-12.39203373139));
#5720=CARTESIAN_POINT('',(3.,3.,-12.39203373139));
#5721=CARTESIAN_POINT('',(3.,15.,-12.39203373139));
#5722=CARTESIAN_POINT('Origin',(0.,3.,0.));
#5723=CARTESIAN_POINT('',(12.50249975005,5.,-2.5));
#5724=CARTESIAN_POINT('Origin',(0.,5.,0.));
#5725=CARTESIAN_POINT('',(12.50249975005,10.,-2.5));
#5726=CARTESIAN_POINT('',(12.50249975005,10.,-2.5));
#5727=CARTESIAN_POINT('Origin',(0.,10.,0.));
#5728=CARTESIAN_POINT('',(-12.50249975005,10.,2.5));
#5729=CARTESIAN_POINT('',(-12.50249975005,10.,-2.5));
#5730=CARTESIAN_POINT('Origin',(0.,10.,0.));
#5731=CARTESIAN_POINT('',(-12.50249975005,5.,-2.5));
#5732=CARTESIAN_POINT('',(-12.50249975005,10.,-2.5));
#5733=CARTESIAN_POINT('',(-12.50249975005,5.,2.5));
#5734=CARTESIAN_POINT('Origin',(0.,5.,0.));
#5735=CARTESIAN_POINT('',(-12.50249975005,10.,2.5));
#5736=CARTESIAN_POINT('Origin',(-24.,10.,-2.5));
#5737=CARTESIAN_POINT('',(14.79019945775,10.,-2.5));
#5738=CARTESIAN_POINT('',(12.50249975005,10.,-2.5));
#5739=CARTESIAN_POINT('',(15.,10.,1.83697019872103E-15));
#5740=CARTESIAN_POINT('Origin',(0.,10.,0.));
#5741=CARTESIAN_POINT('',(14.79019945775,10.,2.5));
#5742=CARTESIAN_POINT('Origin',(0.,10.,0.));
#5743=CARTESIAN_POINT('',(12.50249975005,10.,2.5));
#5744=CARTESIAN_POINT('Origin',(-24.,10.,-2.5));
#5745=CARTESIAN_POINT('',(-14.79019945775,10.,2.5));
#5746=CARTESIAN_POINT('',(-14.79019945775,10.,2.5));
#5747=CARTESIAN_POINT('',(-14.79019945775,10.,-2.5));
#5748=CARTESIAN_POINT('Origin',(0.,10.,0.));
#5749=CARTESIAN_POINT('',(-14.79019945775,10.,-2.5));
#5750=CARTESIAN_POINT('Origin',(-24.,10.,2.5));
#5751=CARTESIAN_POINT('',(14.79019945775,5.,2.5));
#5752=CARTESIAN_POINT('',(14.79019945775,10.,2.5));
#5753=CARTESIAN_POINT('',(12.50249975005,5.,2.5));
#5754=CARTESIAN_POINT('Origin',(-24.,10.,2.5));
#5755=CARTESIAN_POINT('',(-14.79019945775,5.,2.5));
#5756=CARTESIAN_POINT('',(-14.79019945775,5.,2.5));
#5757=CARTESIAN_POINT('',(-14.79019945775,10.,2.5));
#5758=CARTESIAN_POINT('Origin',(-24.,5.,2.5));
#5759=CARTESIAN_POINT('',(15.,5.,1.83697019872103E-15));
#5760=CARTESIAN_POINT('Origin',(0.,5.,0.));
#5761=CARTESIAN_POINT('',(14.79019945775,5.,-2.5));
#5762=CARTESIAN_POINT('Origin',(0.,5.,0.));
#5763=CARTESIAN_POINT('',(12.50249975005,5.,-2.5));
#5764=CARTESIAN_POINT('Origin',(-24.,5.,2.5));
#5765=CARTESIAN_POINT('',(-14.79019945775,5.,-2.5));
#5766=CARTESIAN_POINT('',(-14.79019945775,5.,-2.5));
#5767=CARTESIAN_POINT('Origin',(0.,5.,0.));
#5768=CARTESIAN_POINT('Origin',(-24.,5.,-2.5));
#5769=CARTESIAN_POINT('',(-14.79019945775,10.,-2.5));
#5770=CARTESIAN_POINT('Origin',(-24.,5.,-2.5));
#5771=CARTESIAN_POINT('',(14.79019945775,10.,-2.5));
#5772=CARTESIAN_POINT('Origin',(0.,18.9,0.));
#5773=CARTESIAN_POINT('',(5.,1.,14.14213562373));
#5774=CARTESIAN_POINT('',(15.,1.,1.83697019872103E-15));
#5775=CARTESIAN_POINT('Origin',(0.,1.,0.));
#5776=CARTESIAN_POINT('',(15.,18.9,1.83697019872103E-15));
#5777=CARTESIAN_POINT('',(15.,18.9,1.83697019872103E-15));
#5778=CARTESIAN_POINT('',(3.,0.,14.6969384567));
#5779=CARTESIAN_POINT('',(3.,15.,14.6969384567));
#5780=CARTESIAN_POINT('',(2.5,0.,14.79019945775));
#5781=CARTESIAN_POINT('Origin',(0.,0.,0.));
#5782=CARTESIAN_POINT('',(2.49999997722533,-2.75505892996464,14.7901998110985));
#5783=CARTESIAN_POINT('',(2.5,-2.75505893317,14.79019980725));
#5784=CARTESIAN_POINT('',(1.39765599406231,-1.99996039122539,14.934740927049));
#5785=CARTESIAN_POINT('Ctrl Pts',(1.39765328960896,-1.9999999264712,14.9347435626476));
#5786=CARTESIAN_POINT('Ctrl Pts',(1.49087400562934,-2.04559375793074,14.9260195936113));
#5787=CARTESIAN_POINT('Ctrl Pts',(1.58691141780848,-2.09700620265634,14.9161557879227));
#5788=CARTESIAN_POINT('Ctrl Pts',(1.68623449807357,-2.15567642764954,14.9049190946314));
#5789=CARTESIAN_POINT('Ctrl Pts',(1.70447642384174,-2.16645194816572,14.9028553353888));
#5790=CARTESIAN_POINT('Ctrl Pts',(1.72282914721605,-2.17747228751551,14.9007451288454));
#5791=CARTESIAN_POINT('Ctrl Pts',(1.74129552489764,-2.18874636175322,14.8985868422133));
#5792=CARTESIAN_POINT('Ctrl Pts',(1.83264249071579,-2.24451541899776,14.8879105234136));
#5793=CARTESIAN_POINT('Ctrl Pts',(1.92677049443343,-2.30649323822531,14.8760533875023));
#5794=CARTESIAN_POINT('Ctrl Pts',(2.02288400305297,-2.37483325982311,14.8629721223648));
#5795=CARTESIAN_POINT('Ctrl Pts',(2.05210196465707,-2.39560823886348,14.8589954919409));
#5796=CARTESIAN_POINT('Ctrl Pts',(2.08150341985313,-2.41697116526339,14.8549060960593));
#5797=CARTESIAN_POINT('Ctrl Pts',(2.11106605486977,-2.43892634960703,14.8507036908012));
#5798=CARTESIAN_POINT('Ctrl Pts',(2.2378760091384,-2.53310387880934,14.8326773268356));
#5799=CARTESIAN_POINT('Ctrl Pts',(2.36765292579106,-2.63817901905869,14.8125701956605));
#5800=CARTESIAN_POINT('Ctrl Pts',(2.49999992804644,-2.75505892034858,14.7901994699114));
#5801=CARTESIAN_POINT('',(-1.39787798882919,-2.00019263003773,14.9347146571527));
#5802=CARTESIAN_POINT('Ctrl Pts',(1.397362570419,-1.999857948835,14.93476641399));
#5803=CARTESIAN_POINT('Ctrl Pts',(1.31446310926,-1.902327524952,14.94251160257));
#5804=CARTESIAN_POINT('Ctrl Pts',(1.129536609259,-1.726767408085,14.95851949528));
#5805=CARTESIAN_POINT('Ctrl Pts',(0.7841923327588,-1.528553968959,14.98098684871));
#5806=CARTESIAN_POINT('Ctrl Pts',(0.4033179635829,-1.405710544628,14.99631043019));
#5807=CARTESIAN_POINT('Ctrl Pts',(-0.0003746452982808,-1.364025685342,15.00184333235));
#5808=CARTESIAN_POINT('Ctrl Pts',(-0.4030176254635,-1.405624743196,14.99631623243));
#5809=CARTESIAN_POINT('Ctrl Pts',(-0.7846310247567,-1.52874573888,14.98096399595));
#5810=CARTESIAN_POINT('Ctrl Pts',(-1.129102466998,-1.72656102331,14.95855208955));
#5811=CARTESIAN_POINT('Ctrl Pts',(-1.314760433361,-1.902549579177,14.94248242042));
#5812=CARTESIAN_POINT('Ctrl Pts',(-1.397416350938,-2.000031360363,14.93476168508));
#5813=CARTESIAN_POINT('',(-2.49999999905392,-2.755063086596,14.790199475181));
#5814=CARTESIAN_POINT('Ctrl Pts',(-2.49999999662363,-2.75506308612071,14.7901994583198));
#5815=CARTESIAN_POINT('Ctrl Pts',(-2.40559039518693,-2.67167993115136,14.8061575935659));
#5816=CARTESIAN_POINT('Ctrl Pts',(-2.31298061807794,-2.59478291095037,14.8208772493294));
#5817=CARTESIAN_POINT('Ctrl Pts',(-2.22298124220498,-2.52430479744175,14.8343639700799));
#5818=CARTESIAN_POINT('Ctrl Pts',(-2.21751523320192,-2.52002438994759,14.8351830706162));
#5819=CARTESIAN_POINT('Ctrl Pts',(-2.21205885383859,-2.51576765923963,14.8359976391352));
#5820=CARTESIAN_POINT('Ctrl Pts',(-2.20661228601066,-2.51153459025725,14.8368076828955));
#5821=CARTESIAN_POINT('Ctrl Pts',(-2.12442024122399,-2.44765498637152,14.8490317394254));
#5822=CARTESIAN_POINT('Ctrl Pts',(-2.04446349374184,-2.389163786492,14.8602297314697));
#5823=CARTESIAN_POINT('Ctrl Pts',(-1.96603434408765,-2.33498333370136,14.8705988096602));
#5824=CARTESIAN_POINT('Ctrl Pts',(-1.95369268109355,-2.32645746172445,14.8722304946798));
#5825=CARTESIAN_POINT('Ctrl Pts',(-1.94138882466516,-2.31803833409764,14.8738415510984));
#5826=CARTESIAN_POINT('Ctrl Pts',(-1.92911999536481,-2.30972175159684,14.8754326338256));
#5827=CARTESIAN_POINT('Ctrl Pts',(-1.85679421971746,-2.26069480164255,14.8848121996787));
#5828=CARTESIAN_POINT('Ctrl Pts',(-1.78568660545367,-2.21523150112239,14.8935018662968));
#5829=CARTESIAN_POINT('Ctrl Pts',(-1.71491820673368,-2.17271811954277,14.9016460682776));
#5830=CARTESIAN_POINT('Ctrl Pts',(-1.69739448777949,-2.16219092712258,14.9036627411033));
#5831=CARTESIAN_POINT('Ctrl Pts',(-1.67989153336024,-2.15184461193436,14.9056457202807));
#5832=CARTESIAN_POINT('Ctrl Pts',(-1.66239593377318,-2.14166985564067,14.9075967130646));
#5833=CARTESIAN_POINT('Ctrl Pts',(-1.58286066235338,-2.09541525319494,14.9164659570041));
#5834=CARTESIAN_POINT('Ctrl Pts',(-1.50347803192712,-2.05270613134401,14.9246781189376));
#5835=CARTESIAN_POINT('Ctrl Pts',(-1.42344714073337,-2.01287448056836,14.9323071974005));
#5836=CARTESIAN_POINT('Ctrl Pts',(-1.41492804503451,-2.00863449723518,14.9331192944364));
#5837=CARTESIAN_POINT('Ctrl Pts',(-1.40640159927434,-2.00442711878562,14.933924736047));
#5838=CARTESIAN_POINT('Ctrl Pts',(-1.39786683435321,-2.00025153948848,14.9347235767327));
#5839=CARTESIAN_POINT('',(-2.5,0.,14.79019945775));
#5840=CARTESIAN_POINT('',(-2.5,0.,14.79019945775));
#5841=CARTESIAN_POINT('',(-3.,0.,14.6969384567));
#5842=CARTESIAN_POINT('Origin',(0.,0.,0.));
#5843=CARTESIAN_POINT('',(-3.,15.,14.6969384567));
#5844=CARTESIAN_POINT('',(-3.,0.,-14.6969384567));
#5845=CARTESIAN_POINT('',(-3.,15.,-14.6969384567));
#5846=CARTESIAN_POINT('',(-2.5,0.,-14.79019945775));
#5847=CARTESIAN_POINT('Origin',(0.,0.,0.));
#5848=CARTESIAN_POINT('',(-2.49999998047574,-2.7550649819211,-14.790199760669));
#5849=CARTESIAN_POINT('',(-2.5,-2.755064984669,-14.79019975737));
#5850=CARTESIAN_POINT('',(-1.39764504767995,-1.9999590817375,-14.934742185749));
#5851=CARTESIAN_POINT('Ctrl Pts',(-1.3976411007605,-1.99999942653616,-14.934744703324));
#5852=CARTESIAN_POINT('Ctrl Pts',(-1.48794228033063,-2.04416278680076,-14.9262940305793));
#5853=CARTESIAN_POINT('Ctrl Pts',(-1.58089824142677,-2.09378385682539,-14.9167729586444));
#5854=CARTESIAN_POINT('Ctrl Pts',(-1.67701182311053,-2.15024203198342,-14.9059595915576));
#5855=CARTESIAN_POINT('Ctrl Pts',(-1.69825555081128,-2.16272083132194,-14.9035695419736));
#5856=CARTESIAN_POINT('Ctrl Pts',(-1.71965349233638,-2.17553364428867,-14.9011161642274));
#5857=CARTESIAN_POINT('Ctrl Pts',(-1.74121099480054,-2.18869536540864,-14.8985967215569));
#5858=CARTESIAN_POINT('Ctrl Pts',(-1.82811904473746,-2.24175622059131,-14.8884397077847));
#5859=CARTESIAN_POINT('Ctrl Pts',(-1.91762029321573,-2.30048774401288,-14.8772046022591));
#5860=CARTESIAN_POINT('Ctrl Pts',(-2.00890111092415,-2.36493188623967,-14.8648685270516));
#5861=CARTESIAN_POINT('Ctrl Pts',(-2.04281618607651,-2.38887588654137,-14.8602851005633));
#5862=CARTESIAN_POINT('Ctrl Pts',(-2.0769769442706,-2.41360849591522,-14.8555501945604));
#5863=CARTESIAN_POINT('Ctrl Pts',(-2.11134175323405,-2.43913186604086,-14.8506644969527));
#5864=CARTESIAN_POINT('Ctrl Pts',(-2.2381978131658,-2.53335017447851,-14.8326291763083));
#5865=CARTESIAN_POINT('Ctrl Pts',(-2.36783592885156,-2.6383440385725,-14.8125392625928));
#5866=CARTESIAN_POINT('Ctrl Pts',(-2.49999993831577,-2.7550649736774,-14.7901994681756));
#5867=CARTESIAN_POINT('',(1.39790313416617,-2.00019703146197,-14.9347117413555));
#5868=CARTESIAN_POINT('Ctrl Pts',(-1.397341498349,-1.999853099211,-14.93476869909));
#5869=CARTESIAN_POINT('Ctrl Pts',(-1.31447451289,-1.902216655984,-14.94251045072));
#5870=CARTESIAN_POINT('Ctrl Pts',(-1.129213830729,-1.72659521611,-14.95854828943));
#5871=CARTESIAN_POINT('Ctrl Pts',(-0.7831638378036,-1.528018366662,-14.98104783113));
#5872=CARTESIAN_POINT('Ctrl Pts',(-0.4013488795207,-1.405217081973,-14.99637029101));
#5873=CARTESIAN_POINT('Ctrl Pts',(0.002774293319901,-1.364025139782,-15.00184338998));
#5874=CARTESIAN_POINT('Ctrl Pts',(0.4050406191824,-1.406128319702,-14.99625493399));
#5875=CARTESIAN_POINT('Ctrl Pts',(0.7857168959424,-1.529308594186,-14.98089992015));
#5876=CARTESIAN_POINT('Ctrl Pts',(1.129479155775,-1.726776748306,-14.95851902164));
#5877=CARTESIAN_POINT('Ctrl Pts',(1.314767405458,-1.902675207665,-14.94248194249));
#5878=CARTESIAN_POINT('Ctrl Pts',(1.397443919778,-2.000036605592,-14.93475879921));
#5879=CARTESIAN_POINT('',(2.49999999617916,-2.755065228382,-14.7901995048965));
#5880=CARTESIAN_POINT('Ctrl Pts',(2.49999998853744,-2.755065228382,-14.7901994596866));
#5881=CARTESIAN_POINT('Ctrl Pts',(2.4005733631878,-2.667252940506,-14.8070056266968));
#5882=CARTESIAN_POINT('Ctrl Pts',(2.30301253451155,-2.5865100499315,-14.8224600511171));
#5883=CARTESIAN_POINT('Ctrl Pts',(2.20819921347499,-2.51276786970592,-14.8365715794994));
#5884=CARTESIAN_POINT('Ctrl Pts',(2.12409635773764,-2.44735588036237,-14.8490890171631));
#5885=CARTESIAN_POINT('Ctrl Pts',(2.04215649283525,-2.38745228349904,-14.8605580257484));
#5886=CARTESIAN_POINT('Ctrl Pts',(1.96168722879434,-2.33198420750108,-14.8711728930971));
#5887=CARTESIAN_POINT('Ctrl Pts',(1.95143949995556,-2.32492037003704,-14.8725246922411));
#5888=CARTESIAN_POINT('Ctrl Pts',(1.94121560770321,-2.31792846750183,-14.8738625712599));
#5889=CARTESIAN_POINT('Ctrl Pts',(1.9310141106871,-2.3110062840445,-14.8751868729212));
#5890=CARTESIAN_POINT('Ctrl Pts',(1.85828128049928,-2.26165372400981,-14.8846286448198));
#5891=CARTESIAN_POINT('Ctrl Pts',(1.78668771802996,-2.21584509120084,-14.8933845144629));
#5892=CARTESIAN_POINT('Ctrl Pts',(1.71535835088492,-2.17298340530297,-14.9015954088161));
#5893=CARTESIAN_POINT('Ctrl Pts',(1.69812257854544,-2.16262646131495,-14.903579459866));
#5894=CARTESIAN_POINT('Ctrl Pts',(1.68090219922113,-2.15244158412159,-14.9055314540373));
#5895=CARTESIAN_POINT('Ctrl Pts',(1.66368480769108,-2.14242035110408,-14.9074529300165));
#5896=CARTESIAN_POINT('Ctrl Pts',(1.58354554387477,-2.09577598949142,-14.9163965420699));
#5897=CARTESIAN_POINT('Ctrl Pts',(1.50347164357514,-2.05267695684639,-14.9246829521964));
#5898=CARTESIAN_POINT('Ctrl Pts',(1.42266977260876,-2.01248006087483,-14.9323812808977));
#5899=CARTESIAN_POINT('Ctrl Pts',(1.41441801886382,-2.00837502119071,-14.9331674596326));
#5900=CARTESIAN_POINT('Ctrl Pts',(1.40615866890468,-2.00430024837895,-14.9339474605058));
#5901=CARTESIAN_POINT('Ctrl Pts',(1.39789087515133,-2.00025505740044,-14.934721326532));
#5902=CARTESIAN_POINT('',(2.5,0.,-14.79019945775));
#5903=CARTESIAN_POINT('',(2.5,0.,-14.79019945775));
#5904=CARTESIAN_POINT('',(3.,0.,-14.6969384567));
#5905=CARTESIAN_POINT('Origin',(0.,0.,0.));
#5906=CARTESIAN_POINT('',(3.,15.,-14.6969384567));
#5907=CARTESIAN_POINT('',(5.,1.,-14.14213562373));
#5908=CARTESIAN_POINT('Origin',(0.,1.,0.));
#5909=CARTESIAN_POINT('',(5.,-3.2,-14.14213562373));
#5910=CARTESIAN_POINT('',(5.,1.,-14.14213562373));
#5911=CARTESIAN_POINT('',(4.,-4.2,-14.4568322948));
#5912=CARTESIAN_POINT('Ctrl Pts',(5.,-3.2,-14.1421356237309));
#5913=CARTESIAN_POINT('Ctrl Pts',(5.,-3.32548589553396,-14.1421356237309));
#5914=CARTESIAN_POINT('Ctrl Pts',(4.974908680174,-3.4587471932818,-14.1510815782628));
#5915=CARTESIAN_POINT('Ctrl Pts',(4.87447835619118,-3.70267751719485,-14.1859891067583));
#5916=CARTESIAN_POINT('Ctrl Pts',(4.79918837004121,-3.81338489295172,-14.2118235808912));
#5917=CARTESIAN_POINT('Ctrl Pts',(4.62374361432231,-3.99206868979033,-14.269896381079));
#5918=CARTESIAN_POINT('Ctrl Pts',(4.51024613456774,-4.07050746115239,-14.3064515070032));
#5919=CARTESIAN_POINT('Ctrl Pts',(4.26179384367224,-4.17447337126816,-14.3824194122254));
#5920=CARTESIAN_POINT('Ctrl Pts',(4.12681221548828,-4.2,-14.4217451573417));
#5921=CARTESIAN_POINT('Ctrl Pts',(4.,-4.2,-14.456832294801));
#5922=CARTESIAN_POINT('',(-4.,-4.2,-14.4568322948));
#5923=CARTESIAN_POINT('Origin',(0.,-4.2,0.));
#5924=CARTESIAN_POINT('',(-5.,-3.2,-14.14213562373));
#5925=CARTESIAN_POINT('Ctrl Pts',(-4.,-4.2,-14.456832294801));
#5926=CARTESIAN_POINT('Ctrl Pts',(-4.12681221548828,-4.19999999999997,-14.4217451573417));
#5927=CARTESIAN_POINT('Ctrl Pts',(-4.26179384367224,-4.17447337126816,-14.3824194122254));
#5928=CARTESIAN_POINT('Ctrl Pts',(-4.51024613456774,-4.07050746115239,-14.3064515070032));
#5929=CARTESIAN_POINT('Ctrl Pts',(-4.62374361432231,-3.99206868979033,-14.269896381079));
#5930=CARTESIAN_POINT('Ctrl Pts',(-4.79918837004121,-3.81338489295172,-14.2118235808912));
#5931=CARTESIAN_POINT('Ctrl Pts',(-4.87447835619118,-3.70267751719485,-14.1859891067583));
#5932=CARTESIAN_POINT('Ctrl Pts',(-4.974908680174,-3.4587471932818,-14.1510815782628));
#5933=CARTESIAN_POINT('Ctrl Pts',(-5.,-3.32548589553396,-14.142135623731));
#5934=CARTESIAN_POINT('Ctrl Pts',(-5.,-3.2,-14.142135623731));
#5935=CARTESIAN_POINT('',(-5.,1.,-14.14213562373));
#5936=CARTESIAN_POINT('',(-5.,1.,-14.14213562373));
#5937=CARTESIAN_POINT('',(-5.,1.,14.14213562373));
#5938=CARTESIAN_POINT('Origin',(0.,1.,0.));
#5939=CARTESIAN_POINT('',(-5.,-3.2,14.14213562373));
#5940=CARTESIAN_POINT('',(-5.,1.,14.14213562373));
#5941=CARTESIAN_POINT('',(-4.,-4.2,14.4568322948));
#5942=CARTESIAN_POINT('Ctrl Pts',(-5.,-3.2,14.1421356237309));
#5943=CARTESIAN_POINT('Ctrl Pts',(-5.,-3.32548589553396,14.1421356237309));
#5944=CARTESIAN_POINT('Ctrl Pts',(-4.974908680174,-3.4587471932818,14.1510815782628));
#5945=CARTESIAN_POINT('Ctrl Pts',(-4.87447835619118,-3.70267751719485,14.1859891067583));
#5946=CARTESIAN_POINT('Ctrl Pts',(-4.79918837004121,-3.81338489295172,14.2118235808912));
#5947=CARTESIAN_POINT('Ctrl Pts',(-4.62374361432231,-3.99206868979033,14.269896381079));
#5948=CARTESIAN_POINT('Ctrl Pts',(-4.51024613456774,-4.07050746115239,14.3064515070032));
#5949=CARTESIAN_POINT('Ctrl Pts',(-4.26179384367224,-4.17447337126816,14.3824194122254));
#5950=CARTESIAN_POINT('Ctrl Pts',(-4.12681221548828,-4.2,14.4217451573417));
#5951=CARTESIAN_POINT('Ctrl Pts',(-4.,-4.2,14.456832294801));
#5952=CARTESIAN_POINT('',(4.,-4.2,14.4568322948));
#5953=CARTESIAN_POINT('Origin',(0.,-4.2,0.));
#5954=CARTESIAN_POINT('',(5.,-3.2,14.14213562373));
#5955=CARTESIAN_POINT('Ctrl Pts',(4.,-4.2,14.456832294801));
#5956=CARTESIAN_POINT('Ctrl Pts',(4.12681221548828,-4.19999999999997,14.4217451573417));
#5957=CARTESIAN_POINT('Ctrl Pts',(4.26179384367224,-4.17447337126816,14.3824194122254));
#5958=CARTESIAN_POINT('Ctrl Pts',(4.51024613456774,-4.07050746115239,14.3064515070032));
#5959=CARTESIAN_POINT('Ctrl Pts',(4.62374361432231,-3.99206868979033,14.269896381079));
#5960=CARTESIAN_POINT('Ctrl Pts',(4.79918837004121,-3.81338489295172,14.2118235808912));
#5961=CARTESIAN_POINT('Ctrl Pts',(4.87447835619118,-3.70267751719485,14.1859891067583));
#5962=CARTESIAN_POINT('Ctrl Pts',(4.974908680174,-3.4587471932818,14.1510815782628));
#5963=CARTESIAN_POINT('Ctrl Pts',(5.,-3.32548589553396,14.142135623731));
#5964=CARTESIAN_POINT('Ctrl Pts',(5.,-3.2,14.142135623731));
#5965=CARTESIAN_POINT('',(5.,1.,14.14213562373));
#5966=CARTESIAN_POINT('Origin',(0.,-4.2,0.));
#5967=CARTESIAN_POINT('',(-4.,-4.2,10.24695076596));
#5968=CARTESIAN_POINT('',(-4.,-4.2,10.24695076596));
#5969=CARTESIAN_POINT('',(4.,-4.2,10.24695076596));
#5970=CARTESIAN_POINT('Origin',(0.,-4.2,0.));
#5971=CARTESIAN_POINT('',(4.,-4.2,14.4568322948));
#5972=CARTESIAN_POINT('Origin',(0.,-4.2,0.));
#5973=CARTESIAN_POINT('',(4.,-4.2,-10.24695076596));
#5974=CARTESIAN_POINT('',(4.,-4.2,-10.24695076596));
#5975=CARTESIAN_POINT('',(-4.,-4.2,-10.24695076596));
#5976=CARTESIAN_POINT('Origin',(0.,-4.2,0.));
#5977=CARTESIAN_POINT('',(-4.,-4.2,-14.4568322948));
#5978=CARTESIAN_POINT('Origin',(-4.,-3.2,-60.82833003071));
#5979=CARTESIAN_POINT('',(-5.,-3.2,9.797958971133));
#5980=CARTESIAN_POINT('',(-5.,-3.2,9.797958971133));
#5981=CARTESIAN_POINT('Ctrl Pts',(-4.,-4.2,10.2469507659596));
#5982=CARTESIAN_POINT('Ctrl Pts',(-4.12809417700339,-4.20000000000002,10.1969479192868));
#5983=CARTESIAN_POINT('Ctrl Pts',(-4.26410740158746,-4.17402059080851,10.1408099051148));
#5984=CARTESIAN_POINT('Ctrl Pts',(-4.51446693359514,-4.06821229473961,10.0318605339142));
#5985=CARTESIAN_POINT('Ctrl Pts',(-4.62886927397855,-3.98840119214623,9.97916070239642));
#5986=CARTESIAN_POINT('Ctrl Pts',(-4.80231284284322,-3.80868434568509,9.89677652993954));
#5987=CARTESIAN_POINT('Ctrl Pts',(-4.87599903554546,-3.69965758386171,9.86041030895323));
#5988=CARTESIAN_POINT('Ctrl Pts',(-4.97489189890926,-3.45810408629152,9.81088725367538));
#5989=CARTESIAN_POINT('Ctrl Pts',(-5.,-3.32549021033815,9.79795897113271));
#5990=CARTESIAN_POINT('Ctrl Pts',(-5.,-3.2,9.79795897113271));
#5991=CARTESIAN_POINT('Origin',(0.,0.,0.));
#5992=CARTESIAN_POINT('',(5.,-3.2,9.797958971133));
#5993=CARTESIAN_POINT('Ctrl Pts',(5.,-3.2,9.79795897113271));
#5994=CARTESIAN_POINT('Ctrl Pts',(5.,-3.32549021033815,9.79795897113271));
#5995=CARTESIAN_POINT('Ctrl Pts',(4.97489189890926,-3.45810408629152,9.81088725367538));
#5996=CARTESIAN_POINT('Ctrl Pts',(4.87599903554546,-3.69965758386171,9.86041030895323));
#5997=CARTESIAN_POINT('Ctrl Pts',(4.80231284284322,-3.80868434568509,9.89677652993954));
#5998=CARTESIAN_POINT('Ctrl Pts',(4.62886927397855,-3.98840119214623,9.97916070239642));
#5999=CARTESIAN_POINT('Ctrl Pts',(4.51446693359514,-4.06821229473961,10.0318605339142));
#6000=CARTESIAN_POINT('Ctrl Pts',(4.26410740158746,-4.17402059080851,10.1408099051148));
#6001=CARTESIAN_POINT('Ctrl Pts',(4.12809417700339,-4.2,10.1969479192868));
#6002=CARTESIAN_POINT('Ctrl Pts',(4.,-4.2,10.2469507659596));
#6003=CARTESIAN_POINT('',(-5.,0.,9.797958971133));
#6004=CARTESIAN_POINT('',(-5.,0.,9.797958971133));
#6005=CARTESIAN_POINT('',(5.,0.,9.797958971133));
#6006=CARTESIAN_POINT('Origin',(0.,0.,0.));
#6007=CARTESIAN_POINT('',(5.,0.,9.797958971133));
#6008=CARTESIAN_POINT('Origin',(4.,-3.2,66.89068279413));
#6009=CARTESIAN_POINT('',(5.,-3.2,14.14213562373));
#6010=CARTESIAN_POINT('Origin',(5.,15.,11.72870410574));
#6011=CARTESIAN_POINT('',(5.,0.,13.07669683062));
#6012=CARTESIAN_POINT('',(5.,0.,13.07669683062));
#6013=CARTESIAN_POINT('Ctrl Pts',(5.,0.,13.076696830622));
#6014=CARTESIAN_POINT('Ctrl Pts',(5.,-2.37650027797116E-13,13.2113783767421));
#6015=CARTESIAN_POINT('Ctrl Pts',(5.,0.0299872604007632,13.3701898857069));
#6016=CARTESIAN_POINT('Ctrl Pts',(5.,0.128025543656032,13.6157435600532));
#6017=CARTESIAN_POINT('Ctrl Pts',(5.,0.211705976102441,13.7470021588585));
#6018=CARTESIAN_POINT('Ctrl Pts',(5.,0.388312786375232,13.9301647301185));
#6019=CARTESIAN_POINT('Ctrl Pts',(5.,0.511005379198178,14.015867842894));
#6020=CARTESIAN_POINT('Ctrl Pts',(5.,0.736853880241719,14.1126356452889));
#6021=CARTESIAN_POINT('Ctrl Pts',(5.,0.879011492235656,14.142135623731));
#6022=CARTESIAN_POINT('Ctrl Pts',(5.,1.,14.142135623731));
#6023=CARTESIAN_POINT('Origin',(0.,1.,0.));
#6024=CARTESIAN_POINT('',(-5.,0.,13.07669683062));
#6025=CARTESIAN_POINT('',(-5.,0.,-13.07669683062));
#6026=CARTESIAN_POINT('Origin',(0.,0.,0.));
#6027=CARTESIAN_POINT('Ctrl Pts',(-5.,1.,14.142135623731));
#6028=CARTESIAN_POINT('Ctrl Pts',(-5.,0.879011492235656,14.142135623731));
#6029=CARTESIAN_POINT('Ctrl Pts',(-5.,0.736853880241719,14.1126356452889));
#6030=CARTESIAN_POINT('Ctrl Pts',(-5.,0.511005379198178,14.015867842894));
#6031=CARTESIAN_POINT('Ctrl Pts',(-5.,0.388312786375232,13.9301647301185));
#6032=CARTESIAN_POINT('Ctrl Pts',(-5.,0.211705976102441,13.7470021588585));
#6033=CARTESIAN_POINT('Ctrl Pts',(-5.,0.128025543656032,13.6157435600532));
#6034=CARTESIAN_POINT('Ctrl Pts',(-5.,0.0299872604007632,13.3701898857069));
#6035=CARTESIAN_POINT('Ctrl Pts',(-5.,0.,13.2113783767421));
#6036=CARTESIAN_POINT('Ctrl Pts',(-5.,0.,13.076696830622));
#6037=CARTESIAN_POINT('Ctrl Pts',(-5.,0.,-13.076696830622));
#6038=CARTESIAN_POINT('Ctrl Pts',(-5.,-2.37405178065767E-13,-13.2113783767421));
#6039=CARTESIAN_POINT('Ctrl Pts',(-5.,0.0299872604007632,-13.3701898857069));
#6040=CARTESIAN_POINT('Ctrl Pts',(-5.,0.128025543656032,-13.6157435600532));
#6041=CARTESIAN_POINT('Ctrl Pts',(-5.,0.211705976102441,-13.7470021588585));
#6042=CARTESIAN_POINT('Ctrl Pts',(-5.,0.388312786375232,-13.9301647301185));
#6043=CARTESIAN_POINT('Ctrl Pts',(-5.,0.511005379198178,-14.015867842894));
#6044=CARTESIAN_POINT('Ctrl Pts',(-5.,0.736853880241719,-14.1126356452889));
#6045=CARTESIAN_POINT('Ctrl Pts',(-5.,0.879011492235656,-14.142135623731));
#6046=CARTESIAN_POINT('Ctrl Pts',(-5.,1.,-14.142135623731));
#6047=CARTESIAN_POINT('Origin',(0.,1.,0.));
#6048=CARTESIAN_POINT('',(5.,0.,-13.07669683062));
#6049=CARTESIAN_POINT('Origin',(0.,0.,0.));
#6050=CARTESIAN_POINT('Ctrl Pts',(5.,1.,-14.142135623731));
#6051=CARTESIAN_POINT('Ctrl Pts',(5.,0.879011492235656,-14.142135623731));
#6052=CARTESIAN_POINT('Ctrl Pts',(5.,0.736853880241719,-14.1126356452889));
#6053=CARTESIAN_POINT('Ctrl Pts',(5.,0.511005379198178,-14.015867842894));
#6054=CARTESIAN_POINT('Ctrl Pts',(5.,0.388312786375232,-13.9301647301185));
#6055=CARTESIAN_POINT('Ctrl Pts',(5.,0.211705976102441,-13.7470021588585));
#6056=CARTESIAN_POINT('Ctrl Pts',(5.,0.128025543656032,-13.6157435600532));
#6057=CARTESIAN_POINT('Ctrl Pts',(5.,0.0299872604007632,-13.3701898857069));
#6058=CARTESIAN_POINT('Ctrl Pts',(5.,0.,-13.2113783767421));
#6059=CARTESIAN_POINT('Ctrl Pts',(5.,0.,-13.076696830622));
#6060=CARTESIAN_POINT('Origin',(0.,0.,0.));
#6061=CARTESIAN_POINT('',(-5.,0.,9.797958971133));
#6062=CARTESIAN_POINT('',(-5.,0.,-9.797958971133));
#6063=CARTESIAN_POINT('',(-5.,0.,-13.07669683062));
#6064=CARTESIAN_POINT('',(5.,0.,-9.797958971133));
#6065=CARTESIAN_POINT('Origin',(0.,0.,0.));
#6066=CARTESIAN_POINT('',(5.,0.,-9.797958971133));
#6067=CARTESIAN_POINT('',(7.,0.,-7.));
#6068=CARTESIAN_POINT('',(-7.,0.,-7.));
#6069=CARTESIAN_POINT('',(7.,0.,-7.));
#6070=CARTESIAN_POINT('',(-7.,0.,7.));
#6071=CARTESIAN_POINT('',(-7.,0.,7.));
#6072=CARTESIAN_POINT('',(7.,0.,7.));
#6073=CARTESIAN_POINT('',(-7.,0.,7.));
#6074=CARTESIAN_POINT('',(7.,0.,-7.));
#6075=CARTESIAN_POINT('Origin',(-5.,15.,14.14213562373));
#6076=CARTESIAN_POINT('Origin',(5.,15.,-14.14213562373));
#6077=CARTESIAN_POINT('',(5.,-3.2,-9.797958971133));
#6078=CARTESIAN_POINT('',(5.,0.,-9.797958971133));
#6079=CARTESIAN_POINT('',(5.,-3.2,-9.797958971133));
#6080=CARTESIAN_POINT('Origin',(4.,-3.2,66.89068279413));
#6081=CARTESIAN_POINT('Ctrl Pts',(4.,-4.2,-10.2469507659596));
#6082=CARTESIAN_POINT('Ctrl Pts',(4.12809417700339,-4.20000000000002,-10.1969479192868));
#6083=CARTESIAN_POINT('Ctrl Pts',(4.26410740158746,-4.17402059080851,-10.1408099051148));
#6084=CARTESIAN_POINT('Ctrl Pts',(4.51446693359514,-4.06821229473961,-10.0318605339142));
#6085=CARTESIAN_POINT('Ctrl Pts',(4.62886927397855,-3.98840119214623,-9.97916070239642));
#6086=CARTESIAN_POINT('Ctrl Pts',(4.80231284284322,-3.80868434568509,-9.89677652993954));
#6087=CARTESIAN_POINT('Ctrl Pts',(4.87599903554546,-3.69965758386171,-9.86041030895323));
#6088=CARTESIAN_POINT('Ctrl Pts',(4.97489189890926,-3.45810408629152,-9.81088725367538));
#6089=CARTESIAN_POINT('Ctrl Pts',(5.,-3.32549021033815,-9.79795897113271));
#6090=CARTESIAN_POINT('Ctrl Pts',(5.,-3.2,-9.79795897113271));
#6091=CARTESIAN_POINT('Origin',(0.,0.,0.));
#6092=CARTESIAN_POINT('',(-5.,-3.2,-9.797958971133));
#6093=CARTESIAN_POINT('',(-5.,0.,-9.797958971133));
#6094=CARTESIAN_POINT('Ctrl Pts',(-5.,-3.2,-9.79795897113271));
#6095=CARTESIAN_POINT('Ctrl Pts',(-5.,-3.32549021033815,-9.79795897113271));
#6096=CARTESIAN_POINT('Ctrl Pts',(-4.97489189890926,-3.45810408629152,-9.81088725367538));
#6097=CARTESIAN_POINT('Ctrl Pts',(-4.87599903554546,-3.69965758386171,-9.86041030895323));
#6098=CARTESIAN_POINT('Ctrl Pts',(-4.80231284284322,-3.80868434568509,-9.89677652993954));
#6099=CARTESIAN_POINT('Ctrl Pts',(-4.62886927397855,-3.98840119214623,-9.97916070239642));
#6100=CARTESIAN_POINT('Ctrl Pts',(-4.51446693359514,-4.06821229473961,-10.0318605339142));
#6101=CARTESIAN_POINT('Ctrl Pts',(-4.26410740158746,-4.17402059080851,-10.1408099051148));
#6102=CARTESIAN_POINT('Ctrl Pts',(-4.12809417700339,-4.2,-10.1969479192868));
#6103=CARTESIAN_POINT('Ctrl Pts',(-4.,-4.2,-10.2469507659596));
#6104=CARTESIAN_POINT('Origin',(-4.,-3.2,-66.89068279413));
#6105=CARTESIAN_POINT('',(-5.,-3.2,-14.14213562373));
#6106=CARTESIAN_POINT('Origin',(-5.,15.,-11.72870410574));
#6107=CARTESIAN_POINT('Origin',(-2.5,1.5,-7.));
#6108=CARTESIAN_POINT('',(-3.,2.,-7.));
#6109=CARTESIAN_POINT('',(3.,2.,-7.));
#6110=CARTESIAN_POINT('',(-3.,2.,-7.));
#6111=CARTESIAN_POINT('',(-3.,3.,-7.));
#6112=CARTESIAN_POINT('',(-3.,2.,-7.));
#6113=CARTESIAN_POINT('',(-7.,3.,-7.));
#6114=CARTESIAN_POINT('',(-7.,3.,-7.));
#6115=CARTESIAN_POINT('',(-7.,0.,-7.));
#6116=CARTESIAN_POINT('',(7.,3.,-7.));
#6117=CARTESIAN_POINT('',(7.,0.,-7.));
#6118=CARTESIAN_POINT('',(3.,3.,-7.));
#6119=CARTESIAN_POINT('',(3.,3.,-7.));
#6120=CARTESIAN_POINT('',(3.,2.,-7.));
#6121=CARTESIAN_POINT('Origin',(0.,2.,0.));
#6122=CARTESIAN_POINT('',(3.,2.,-12.39203373139));
#6123=CARTESIAN_POINT('',(3.,2.,-7.));
#6124=CARTESIAN_POINT('',(-3.,2.,-12.39203373139));
#6125=CARTESIAN_POINT('',(3.,2.,-12.39203373139));
#6126=CARTESIAN_POINT('',(-3.,2.,-7.));
#6127=CARTESIAN_POINT('Origin',(0.,2.,0.));
#6128=CARTESIAN_POINT('',(3.,2.,12.39203373139));
#6129=CARTESIAN_POINT('',(3.,2.,7.));
#6130=CARTESIAN_POINT('',(3.,2.,12.39203373139));
#6131=CARTESIAN_POINT('',(-3.,2.,7.));
#6132=CARTESIAN_POINT('',(3.,2.,7.));
#6133=CARTESIAN_POINT('',(-3.,2.,12.39203373139));
#6134=CARTESIAN_POINT('',(-3.,2.,12.39203373139));
#6135=CARTESIAN_POINT('',(-3.,2.,12.39203373139));
#6136=CARTESIAN_POINT('Origin',(3.,-2.,-22.5));
#6137=CARTESIAN_POINT('',(3.,0.,-13.89203373139));
#6138=CARTESIAN_POINT('',(3.,0.,-14.6969384567));
#6139=CARTESIAN_POINT('',(3.,3.,-13.89203373139));
#6140=CARTESIAN_POINT('',(3.,0.,-13.89203373139));
#6141=CARTESIAN_POINT('',(3.,3.,-13.89203373139));
#6142=CARTESIAN_POINT('Origin',(3.,-2.,-22.5));
#6143=CARTESIAN_POINT('',(3.,0.,13.89203373139));
#6144=CARTESIAN_POINT('',(3.,0.,13.89203373139));
#6145=CARTESIAN_POINT('',(3.,3.,13.89203373139));
#6146=CARTESIAN_POINT('',(3.,3.,13.89203373139));
#6147=CARTESIAN_POINT('',(3.,0.,13.89203373139));
#6148=CARTESIAN_POINT('Origin',(3.,-2.,-22.5));
#6149=CARTESIAN_POINT('',(3.,3.,-7.));
#6150=CARTESIAN_POINT('',(3.,2.,-12.39203373139));
#6151=CARTESIAN_POINT('Origin',(3.,-2.,-22.5));
#6152=CARTESIAN_POINT('',(3.,2.,12.39203373139));
#6153=CARTESIAN_POINT('',(3.,3.,7.));
#6154=CARTESIAN_POINT('',(3.,3.,12.39203373139));
#6155=CARTESIAN_POINT('',(3.,2.,7.));
#6156=CARTESIAN_POINT('Origin',(0.,0.,0.));
#6157=CARTESIAN_POINT('',(-3.,0.,-13.89203373139));
#6158=CARTESIAN_POINT('',(-3.,0.,-14.6969384567));
#6159=CARTESIAN_POINT('',(-2.5,0.,-13.89203373139));
#6160=CARTESIAN_POINT('',(-3.,0.,-13.89203373139));
#6161=CARTESIAN_POINT('',(-2.5,0.,-13.89203373139));
#6162=CARTESIAN_POINT('Origin',(0.,0.,0.));
#6163=CARTESIAN_POINT('',(-3.,0.,13.89203373139));
#6164=CARTESIAN_POINT('',(-3.,0.,13.89203373139));
#6165=CARTESIAN_POINT('',(-2.5,0.,13.89203373139));
#6166=CARTESIAN_POINT('',(-2.5,0.,14.79019945775));
#6167=CARTESIAN_POINT('',(-3.,0.,13.89203373139));
#6168=CARTESIAN_POINT('Origin',(0.,0.,0.));
#6169=CARTESIAN_POINT('',(2.5,0.,-13.89203373139));
#6170=CARTESIAN_POINT('',(2.5,0.,-13.89203373139));
#6171=CARTESIAN_POINT('',(2.5,0.,-13.89203373139));
#6172=CARTESIAN_POINT('Origin',(0.,0.,0.));
#6173=CARTESIAN_POINT('',(2.5,0.,13.89203373139));
#6174=CARTESIAN_POINT('',(2.5,0.,13.89203373139));
#6175=CARTESIAN_POINT('',(2.5,0.,14.79019945775));
#6176=CARTESIAN_POINT('Origin',(-3.,15.,-22.5));
#6177=CARTESIAN_POINT('',(-3.,3.,-13.89203373139));
#6178=CARTESIAN_POINT('',(-3.,3.,-13.89203373139));
#6179=CARTESIAN_POINT('',(-3.,0.,-13.89203373139));
#6180=CARTESIAN_POINT('Origin',(-3.,15.,-22.5));
#6181=CARTESIAN_POINT('',(-3.,3.,13.89203373139));
#6182=CARTESIAN_POINT('',(-3.,0.,13.89203373139));
#6183=CARTESIAN_POINT('',(-3.,3.,13.89203373139));
#6184=CARTESIAN_POINT('Origin',(-3.,15.,-22.5));
#6185=CARTESIAN_POINT('',(-3.,3.,7.));
#6186=CARTESIAN_POINT('',(-3.,3.,12.39203373139));
#6187=CARTESIAN_POINT('',(-3.,2.,12.39203373139));
#6188=CARTESIAN_POINT('',(-3.,2.,7.));
#6189=CARTESIAN_POINT('Origin',(-3.,15.,-22.5));
#6190=CARTESIAN_POINT('',(-3.,3.,-7.));
#6191=CARTESIAN_POINT('',(-3.,2.,-12.39203373139));
#6192=CARTESIAN_POINT('Origin',(-3.,-2.,-13.89203373139));
#6193=CARTESIAN_POINT('',(-2.5,3.,-13.89203373139));
#6194=CARTESIAN_POINT('',(-3.,3.,-13.89203373139));
#6195=CARTESIAN_POINT('',(-2.5,0.,-13.89203373139));
#6196=CARTESIAN_POINT('Origin',(-3.,-2.,-13.89203373139));
#6197=CARTESIAN_POINT('',(2.5,3.,-13.89203373139));
#6198=CARTESIAN_POINT('',(2.5,0.,-13.89203373139));
#6199=CARTESIAN_POINT('',(2.5,3.,-13.89203373139));
#6200=CARTESIAN_POINT('Origin',(-2.5,0.,0.));
#6201=CARTESIAN_POINT('',(-2.49999996993663,-0.663306951000337,15.0551042643426));
#6202=CARTESIAN_POINT('Ctrl Pts',(-2.5,-2.755063086596,14.7901994922917));
#6203=CARTESIAN_POINT('Ctrl Pts',(-2.5,-2.39583585876117,14.7901995016879));
#6204=CARTESIAN_POINT('Ctrl Pts',(-2.5,-2.03673939631149,14.8114228814571));
#6205=CARTESIAN_POINT('Ctrl Pts',(-2.5,-1.3370779291695,14.9000585856423));
#6206=CARTESIAN_POINT('Ctrl Pts',(-2.5,-0.997417833964436,14.9655796599714));
#6207=CARTESIAN_POINT('Ctrl Pts',(-2.5,-0.663306947513542,15.0551042513297));
#6208=CARTESIAN_POINT('',(-2.5,12.35615242271,18.54365790478));
#6209=CARTESIAN_POINT('',(-2.5,12.35615242271,18.54365790478));
#6210=CARTESIAN_POINT('',(-2.5,12.35615242271,17.54365790478));
#6211=CARTESIAN_POINT('',(-2.5,12.35615242271,17.54365790478));
#6212=CARTESIAN_POINT('',(-2.5,12.62410161514,17.54365790478));
#6213=CARTESIAN_POINT('',(-2.5,12.62410161514,17.54365790478));
#6214=CARTESIAN_POINT('',(-2.5,12.62410161514,16.54365790478));
#6215=CARTESIAN_POINT('',(-2.5,12.62410161514,16.54365790478));
#6216=CARTESIAN_POINT('',(-2.5,12.89205080757,16.54365790478));
#6217=CARTESIAN_POINT('',(-2.5,12.89205080757,16.54365790478));
#6218=CARTESIAN_POINT('',(-2.5,12.89205080757,15.54365790478));
#6219=CARTESIAN_POINT('',(-2.5,12.89205080757,15.54365790478));
#6220=CARTESIAN_POINT('',(-2.5,13.16,15.54365790478));
#6221=CARTESIAN_POINT('',(-2.5,13.16,15.54365790478));
#6222=CARTESIAN_POINT('',(-2.5,13.16,12.39203373139));
#6223=CARTESIAN_POINT('',(-2.5,13.16,12.39203373139));
#6224=CARTESIAN_POINT('',(-2.5,3.,12.39203373139));
#6225=CARTESIAN_POINT('',(-2.5,13.16,12.39203373139));
#6226=CARTESIAN_POINT('',(-2.5,3.,13.89203373139));
#6227=CARTESIAN_POINT('',(-2.5,3.,13.89203373139));
#6228=CARTESIAN_POINT('',(-2.5,0.,13.89203373139));
#6229=CARTESIAN_POINT('Origin',(-2.5,0.,0.));
#6230=CARTESIAN_POINT('',(-2.5,3.,-12.39203373139));
#6231=CARTESIAN_POINT('',(-2.5,3.,-13.89203373139));
#6232=CARTESIAN_POINT('',(-2.5,13.16,-12.39203373139));
#6233=CARTESIAN_POINT('',(-2.5,3.,-12.39203373139));
#6234=CARTESIAN_POINT('',(-2.5,13.16,-15.54365790478));
#6235=CARTESIAN_POINT('',(-2.5,13.16,-15.54365790478));
#6236=CARTESIAN_POINT('',(-2.5,12.89205080757,-15.54365790478));
#6237=CARTESIAN_POINT('',(-2.5,12.89205080757,-15.54365790478));
#6238=CARTESIAN_POINT('',(-2.5,12.89205080757,-16.54365790478));
#6239=CARTESIAN_POINT('',(-2.5,12.89205080757,-16.54365790478));
#6240=CARTESIAN_POINT('',(-2.5,12.62410161514,-16.54365790478));
#6241=CARTESIAN_POINT('',(-2.5,12.62410161514,-16.54365790478));
#6242=CARTESIAN_POINT('',(-2.5,12.62410161514,-17.54365790478));
#6243=CARTESIAN_POINT('',(-2.5,12.62410161514,-17.54365790478));
#6244=CARTESIAN_POINT('',(-2.5,12.35615242271,-17.54365790478));
#6245=CARTESIAN_POINT('',(-2.5,12.35615242271,-17.54365790478));
#6246=CARTESIAN_POINT('',(-2.5,12.35615242271,-18.54365790478));
#6247=CARTESIAN_POINT('',(-2.5,12.35615242271,-18.54365790478));
#6248=CARTESIAN_POINT('',(-2.49999992463933,-0.663307660869168,-15.055104069117));
#6249=CARTESIAN_POINT('',(-2.499999886959,-0.663307673986,-15.05510411807));
#6250=CARTESIAN_POINT('Ctrl Pts',(-2.5,-0.663307642656831,-15.0551040011474));
#6251=CARTESIAN_POINT('Ctrl Pts',(-2.5,-0.997423157699504,-14.9655783459518));
#6252=CARTESIAN_POINT('Ctrl Pts',(-2.5,-1.33707707758407,-14.900059505345));
#6253=CARTESIAN_POINT('Ctrl Pts',(-2.5,-2.0367435623403,-14.8114224855586));
#6254=CARTESIAN_POINT('Ctrl Pts',(-2.5,-2.39582992858944,-14.7902000602254));
#6255=CARTESIAN_POINT('Ctrl Pts',(-2.5,-2.75506498192111,-14.7902000569875));
#6256=CARTESIAN_POINT('Origin',(-3.,-2.,13.89203373139));
#6257=CARTESIAN_POINT('',(-3.,3.,13.89203373139));
#6258=CARTESIAN_POINT('Origin',(-3.,-2.,13.89203373139));
#6259=CARTESIAN_POINT('',(2.5,3.,13.89203373139));
#6260=CARTESIAN_POINT('',(2.5,3.,13.89203373139));
#6261=CARTESIAN_POINT('',(2.5,0.,13.89203373139));
#6262=CARTESIAN_POINT('Origin',(-3.,3.,13.89203373139));
#6263=CARTESIAN_POINT('',(-3.,3.,12.39203373139));
#6264=CARTESIAN_POINT('Origin',(-3.,3.,13.89203373139));
#6265=CARTESIAN_POINT('',(2.5,3.,12.39203373139));
#6266=CARTESIAN_POINT('',(2.5,3.,12.39203373139));
#6267=CARTESIAN_POINT('',(2.5,3.,13.89203373139));
#6268=CARTESIAN_POINT('Origin',(-2.5,-2.,12.39203373139));
#6269=CARTESIAN_POINT('',(2.5,13.16,12.39203373139));
#6270=CARTESIAN_POINT('',(-2.5,13.16,12.39203373139));
#6271=CARTESIAN_POINT('',(2.5,3.,12.39203373139));
#6272=CARTESIAN_POINT('Origin',(2.5,0.,0.));
#6273=CARTESIAN_POINT('',(2.5,13.16,15.54365790478));
#6274=CARTESIAN_POINT('',(2.5,13.16,12.39203373139));
#6275=CARTESIAN_POINT('',(2.5,12.89205080757,15.54365790478));
#6276=CARTESIAN_POINT('',(2.5,13.16,15.54365790478));
#6277=CARTESIAN_POINT('',(2.5,12.89205080757,16.54365790478));
#6278=CARTESIAN_POINT('',(2.5,12.89205080757,15.54365790478));
#6279=CARTESIAN_POINT('',(2.5,12.62410161514,16.54365790478));
#6280=CARTESIAN_POINT('',(2.5,12.89205080757,16.54365790478));
#6281=CARTESIAN_POINT('',(2.5,12.62410161514,17.54365790478));
#6282=CARTESIAN_POINT('',(2.5,12.62410161514,16.54365790478));
#6283=CARTESIAN_POINT('',(2.5,12.35615242271,17.54365790478));
#6284=CARTESIAN_POINT('',(2.5,12.62410161514,17.54365790478));
#6285=CARTESIAN_POINT('',(2.5,12.35615242271,18.54365790478));
#6286=CARTESIAN_POINT('',(2.5,12.35615242271,17.54365790478));
#6287=CARTESIAN_POINT('',(2.49999999383574,-0.663306143796422,15.0551044184165));
#6288=CARTESIAN_POINT('',(2.5,12.35615242271,18.54365790478));
#6289=CARTESIAN_POINT('Ctrl Pts',(2.5,-0.663306124156816,15.0551043451204));
#6290=CARTESIAN_POINT('Ctrl Pts',(2.5,-0.99742054712299,14.9655787597725));
#6291=CARTESIAN_POINT('Ctrl Pts',(2.5,-1.33706751646517,14.9000612871623));
#6292=CARTESIAN_POINT('Ctrl Pts',(2.5,-2.03673101984334,14.811423823305));
#6293=CARTESIAN_POINT('Ctrl Pts',(2.5,-2.39581075227864,14.7902001577476));
#6294=CARTESIAN_POINT('Ctrl Pts',(2.5,-2.75505892996465,14.7902001567476));
#6295=CARTESIAN_POINT('Origin',(2.5,0.,0.));
#6296=CARTESIAN_POINT('',(2.500000010278,-0.663305725516955,-15.0551046166362));
#6297=CARTESIAN_POINT('Origin',(2.50000192924683,-10.0527347155136,-34.2095332621721));
#6298=CARTESIAN_POINT('',(2.5,12.35615242271,-18.54365790478));
#6299=CARTESIAN_POINT('',(2.500000010278,-0.6633057265871,-15.05510462063));
#6300=CARTESIAN_POINT('',(2.5,12.35615242271,-17.54365790478));
#6301=CARTESIAN_POINT('',(2.5,12.35615242271,-18.54365790478));
#6302=CARTESIAN_POINT('',(2.5,12.62410161514,-17.54365790478));
#6303=CARTESIAN_POINT('',(2.5,12.35615242271,-17.54365790478));
#6304=CARTESIAN_POINT('',(2.5,12.62410161514,-16.54365790478));
#6305=CARTESIAN_POINT('',(2.5,12.62410161514,-17.54365790478));
#6306=CARTESIAN_POINT('',(2.5,12.89205080757,-16.54365790478));
#6307=CARTESIAN_POINT('',(2.5,12.62410161514,-16.54365790478));
#6308=CARTESIAN_POINT('',(2.5,12.89205080757,-15.54365790478));
#6309=CARTESIAN_POINT('',(2.5,12.89205080757,-16.54365790478));
#6310=CARTESIAN_POINT('',(2.5,13.16,-15.54365790478));
#6311=CARTESIAN_POINT('',(2.5,12.89205080757,-15.54365790478));
#6312=CARTESIAN_POINT('',(2.5,13.16,-12.39203373139));
#6313=CARTESIAN_POINT('',(2.5,13.16,-15.54365790478));
#6314=CARTESIAN_POINT('',(2.5,3.,-12.39203373139));
#6315=CARTESIAN_POINT('',(2.5,13.16,-12.39203373139));
#6316=CARTESIAN_POINT('',(2.5,3.,-13.89203373139));
#6317=CARTESIAN_POINT('Ctrl Pts',(1.348366571479,-2.048690755051,14.93965330053));
#6318=CARTESIAN_POINT('Ctrl Pts',(1.380062952808,-2.063932783686,14.93679330466));
#6319=CARTESIAN_POINT('Ctrl Pts',(1.540560085017,-2.143858202122,14.92179459336));
#6320=CARTESIAN_POINT('Ctrl Pts',(1.840436902372,-2.319387514147,14.888836995));
#6321=CARTESIAN_POINT('Ctrl Pts',(2.187686034914,-2.572367672191,14.84128606745));
#6322=CARTESIAN_POINT('Ctrl Pts',(2.405124812607,-2.75682017316,14.80658254311));
#6323=CARTESIAN_POINT('Ctrl Pts',(2.490085853377,-2.832799262671,14.79228220767));
#6324=CARTESIAN_POINT('Ctrl Pts',(1.547109935877,-1.461141119624,14.91457481482));
#6325=CARTESIAN_POINT('Ctrl Pts',(1.582944378533,-1.477817482487,14.91090288529));
#6326=CARTESIAN_POINT('Ctrl Pts',(1.764138094402,-1.565181050752,14.89167757703));
#6327=CARTESIAN_POINT('Ctrl Pts',(2.100135914684,-1.756133650946,14.84978127081));
#6328=CARTESIAN_POINT('Ctrl Pts',(2.48408761628,-2.028848574676,14.79030507846));
#6329=CARTESIAN_POINT('Ctrl Pts',(2.721865529952,-2.226136316003,14.74751686397));
#6330=CARTESIAN_POINT('Ctrl Pts',(2.814393388014,-2.30716814182,14.72998165721));
#6331=CARTESIAN_POINT('Ctrl Pts',(1.752546655118,-0.8796014234604,14.98492943769));
#6332=CARTESIAN_POINT('Ctrl Pts',(1.792681600383,-0.8976974490049,14.98043510601));
#6333=CARTESIAN_POINT('Ctrl Pts',(1.995396887124,-0.9924230836044,14.95692800059));
#6334=CARTESIAN_POINT('Ctrl Pts',(2.369081483307,-1.198641209936,14.90596836154));
#6335=CARTESIAN_POINT('Ctrl Pts',(2.791597822577,-1.490889035992,14.83437781819));
#6336=CARTESIAN_POINT('Ctrl Pts',(3.050906098486,-1.700880728319,14.78336100674));
#6337=CARTESIAN_POINT('Ctrl Pts',(3.151469861552,-1.786913606911,14.7625307061));
#6338=CARTESIAN_POINT('Ctrl Pts',(1.95977814407,-0.3179383293502,15.14903958146));
#6339=CARTESIAN_POINT('Ctrl Pts',(2.004273488858,-0.3374054945427,15.14373198913));
#6340=CARTESIAN_POINT('Ctrl Pts',(2.228822157422,-0.4392415654274,15.11598998467));
#6341=CARTESIAN_POINT('Ctrl Pts',(2.640860671113,-0.6602034533621,15.05605850062));
#6342=CARTESIAN_POINT('Ctrl Pts',(3.102884152922,-0.9713165614099,14.97245338363));
#6343=CARTESIAN_POINT('Ctrl Pts',(3.384400631438,-1.193577992971,14.91326027716));
#6344=CARTESIAN_POINT('Ctrl Pts',(3.493277773154,-1.284440992008,14.88915323073));
#6345=CARTESIAN_POINT('',(1.95720037522362,-0.447085491116389,15.113039431935));
#6346=CARTESIAN_POINT('Origin',(1.99639412247979,-11.1127367015415,12.2555520278366));
#6347=CARTESIAN_POINT('Origin',(1.957200366578,-2.000001210088,20.90859521492));
#6348=CARTESIAN_POINT('Ctrl Pts',(-1.408151185611,-2.063214442565,14.93397181681));
#6349=CARTESIAN_POINT('Ctrl Pts',(-1.30932968,-2.063955701597,14.94381258124));
#6350=CARTESIAN_POINT('Ctrl Pts',(-1.069800643603,-2.065301134021,14.96513798819));
#6351=CARTESIAN_POINT('Ctrl Pts',(-0.6684165714189,-2.066517146667,14.99049287617));
#6352=CARTESIAN_POINT('Ctrl Pts',(-0.2039989575965,-2.067107025036,15.00509485504));
#6353=CARTESIAN_POINT('Ctrl Pts',(0.2716446774925,-2.067061709428,15.0039206436));
#6354=CARTESIAN_POINT('Ctrl Pts',(0.7312141843236,-2.066380102614,14.98732533031));
#6355=CARTESIAN_POINT('Ctrl Pts',(1.108599547826,-2.065118483989,14.96190752568));
#6356=CARTESIAN_POINT('Ctrl Pts',(1.327006081162,-2.063824079904,14.94205120348));
#6357=CARTESIAN_POINT('Ctrl Pts',(1.408116314223,-2.063215516119,14.93397452399));
#6358=CARTESIAN_POINT('Ctrl Pts',(-1.634814539773,-1.427681335901,14.90639337509));
#6359=CARTESIAN_POINT('Ctrl Pts',(-1.514993056036,-1.421002532145,14.91438814892));
#6360=CARTESIAN_POINT('Ctrl Pts',(-1.229497076378,-1.408887603112,14.93134198291));
#6361=CARTESIAN_POINT('Ctrl Pts',(-0.7635574750614,-1.397950472086,14.9510148386));
#6362=CARTESIAN_POINT('Ctrl Pts',(-0.2326049846733,-1.392649459438,14.96225589744));
#6363=CARTESIAN_POINT('Ctrl Pts',(0.3097336349952,-1.393056592985,14.9613530585));
#6364=CARTESIAN_POINT('Ctrl Pts',(0.8358384676922,-1.399182469254,14.94856998002));
#6365=CARTESIAN_POINT('Ctrl Pts',(1.275321152644,-1.410531567046,14.9288062086));
#6366=CARTESIAN_POINT('Ctrl Pts',(1.536417147785,-1.422188417686,14.91295721714));
#6367=CARTESIAN_POINT('Ctrl Pts',(1.634764662533,-1.427671634395,14.90639534994));
#6368=CARTESIAN_POINT('Ctrl Pts',(-1.869471771378,-0.8002120104723,14.99158378532));
#6369=CARTESIAN_POINT('Ctrl Pts',(-1.728145527156,-0.7852432730736,14.9978306772));
#6370=CARTESIAN_POINT('Ctrl Pts',(-1.395402185044,-0.7578641489818,15.01060044169));
#6371=CARTESIAN_POINT('Ctrl Pts',(-0.862643212338,-0.7327717182694,15.02477023725));
#6372=CARTESIAN_POINT('Ctrl Pts',(-0.2624376091161,-0.7204739087794,15.03273843779));
#6373=CARTESIAN_POINT('Ctrl Pts',(0.3494515272132,-0.7214214562896,15.03210020277));
#6374=CARTESIAN_POINT('Ctrl Pts',(0.9447680015829,-0.7356167031956,15.02302767041));
#6375=CARTESIAN_POINT('Ctrl Pts',(1.448462654464,-0.7616007096113,15.00873313733));
#6376=CARTESIAN_POINT('Ctrl Pts',(1.753407428479,-0.7879022168704,14.99671270423));
#6377=CARTESIAN_POINT('Ctrl Pts',(1.869406673274,-0.8001911318991,14.99158513016));
#6378=CARTESIAN_POINT('Ctrl Pts',(-2.105513040824,-0.1984810615454,15.18714339869));
#6379=CARTESIAN_POINT('Ctrl Pts',(-1.9427830012,-0.17458603102,15.19178975172));
#6380=CARTESIAN_POINT('Ctrl Pts',(-1.562842744107,-0.1305688410694,15.20068080731));
#6381=CARTESIAN_POINT('Ctrl Pts',(-0.9628827299939,-0.08971768202334,15.20968152544));
#6382=CARTESIAN_POINT('Ctrl Pts',(-0.2926565036906,-0.0695142560785,15.2145571195));
#6383=CARTESIAN_POINT('Ctrl Pts',(0.3896795780705,-0.07107495994532,15.21416926642));
#6384=CARTESIAN_POINT('Ctrl Pts',(1.054934452061,-0.09437416650516,15.20860107259));
#6385=CARTESIAN_POINT('Ctrl Pts',(1.623146992615,-0.136605036728,15.19943692512));
#6386=CARTESIAN_POINT('Ctrl Pts',(1.971864727425,-0.178832090895,15.19095843496));
#6387=CARTESIAN_POINT('Ctrl Pts',(2.105432935589,-0.1984489187324,15.1871442336));
#6388=CARTESIAN_POINT('',(-1.95722138333105,-0.447092366367581,15.1130357523842));
#6389=CARTESIAN_POINT('Ctrl Pts',(-1.957200189369,-0.447085193075,15.1130385794));
#6390=CARTESIAN_POINT('Ctrl Pts',(-1.801074133843,-0.3925190594682,15.12765184992));
#6391=CARTESIAN_POINT('Ctrl Pts',(-1.470593671604,-0.295945784941,15.15354296171));
#6392=CARTESIAN_POINT('Ctrl Pts',(-0.9175727502681,-0.1907478022871,15.18172492216));
#6393=CARTESIAN_POINT('Ctrl Pts',(-0.3097159313163,-0.1334850943721,15.19706986337));
#6394=CARTESIAN_POINT('Ctrl Pts',(0.3177948555543,-0.1339708766672,15.19693967297));
#6395=CARTESIAN_POINT('Ctrl Pts',(0.9223982716027,-0.1914769395354,15.1815296267));
#6396=CARTESIAN_POINT('Ctrl Pts',(1.473505917423,-0.2966590675336,15.15335155854));
#6397=CARTESIAN_POINT('Ctrl Pts',(1.802042354856,-0.3928770288648,15.12755653403));
#6398=CARTESIAN_POINT('Ctrl Pts',(1.957200189474,-0.4470847314825,15.11303685651));
#6399=CARTESIAN_POINT('Origin',(-1.957241900413,-2.000043453904,20.90858389572));
#6400=CARTESIAN_POINT('Ctrl Pts',(-2.490074095267,-2.8327926242,14.79228355266));
#6401=CARTESIAN_POINT('Ctrl Pts',(-2.375850720165,-2.730646532651,14.81150887405));
#6402=CARTESIAN_POINT('Ctrl Pts',(-2.143953519787,-2.537500658497,14.84784310906));
#6403=CARTESIAN_POINT('Ctrl Pts',(-1.788893896345,-2.287726880066,14.89478288125));
#6404=CARTESIAN_POINT('Ctrl Pts',(-1.520823315731,-2.133709494345,14.92369939321));
#6405=CARTESIAN_POINT('Ctrl Pts',(-1.374973004602,-2.061488349061,14.93725209741));
#6406=CARTESIAN_POINT('Ctrl Pts',(-1.348678106732,-2.048840847399,14.93962526031));
#6407=CARTESIAN_POINT('Ctrl Pts',(-2.814380348284,-2.30716253276,14.72998342483));
#6408=CARTESIAN_POINT('Ctrl Pts',(-2.689983419725,-2.198223238524,14.75355785237));
#6409=CARTESIAN_POINT('Ctrl Pts',(-2.436044899414,-1.991412244008,14.79844681074));
#6410=CARTESIAN_POINT('Ctrl Pts',(-2.042535372519,-1.721748286168,14.85731795261));
#6411=CARTESIAN_POINT('Ctrl Pts',(-1.74188613088,-1.554097126667,14.89411554699));
#6412=CARTESIAN_POINT('Ctrl Pts',(-1.577189863898,-1.475142989442,14.91149185858));
#6413=CARTESIAN_POINT('Ctrl Pts',(-1.547462367053,-1.46130541117,14.91453871389));
#6414=CARTESIAN_POINT('Ctrl Pts',(-3.151455481106,-1.786909007983,14.76253287799));
#6415=CARTESIAN_POINT('Ctrl Pts',(-3.016254353265,-1.671245997391,14.79053737326));
#6416=CARTESIAN_POINT('Ctrl Pts',(-2.739007417518,-1.450909660337,14.84413086317));
#6417=CARTESIAN_POINT('Ctrl Pts',(-2.305152840143,-1.161558975815,14.91511850858));
#6418=CARTESIAN_POINT('Ctrl Pts',(-1.970527995356,-0.9804134997204,14.95990616295));
#6419=CARTESIAN_POINT('Ctrl Pts',(-1.786236436809,-0.8947952410028,14.98115591753));
#6420=CARTESIAN_POINT('Ctrl Pts',(-1.752941579126,-0.8797797591804,14.98488515209));
#6421=CARTESIAN_POINT('Ctrl Pts',(-3.493262026708,-1.284437356999,14.88915577906));
#6422=CARTESIAN_POINT('Ctrl Pts',(-3.346883677025,-1.162280441614,14.92156566985));
#6423=CARTESIAN_POINT('Ctrl Pts',(-3.045617013314,-0.9288810480478,14.98380594224));
#6424=CARTESIAN_POINT('Ctrl Pts',(-2.570484255448,-0.6205165143404,15.06680631026));
#6425=CARTESIAN_POINT('Ctrl Pts',(-2.201297004622,-0.426337947234,15.11950248133));
#6426=CARTESIAN_POINT('Ctrl Pts',(-1.997128063322,-0.3342833416791,15.14458315327));
#6427=CARTESIAN_POINT('Ctrl Pts',(-1.960216145708,-0.3181302161627,15.14898718276));
#6428=CARTESIAN_POINT('Origin',(-1.46782098904734,-38.1216104800804,5.01925105105667));
#6429=CARTESIAN_POINT('Origin',(-2.5,12.35615242271,18.54365790478));
#6430=CARTESIAN_POINT('',(-2.5,12.35615242271,18.54365790478));
#6431=CARTESIAN_POINT('',(1.,9.453667747777,17.76593948009));
#6432=CARTESIAN_POINT('',(-1.,9.453667747777,17.76593948009));
#6433=CARTESIAN_POINT('Origin',(0.,9.453667747777,17.76593948009));
#6434=CARTESIAN_POINT('',(1.,6.067625725072,16.85865225457));
#6435=CARTESIAN_POINT('',(1.,6.067625725072,16.85865225457));
#6436=CARTESIAN_POINT('',(-1.,6.067625725072,16.85865225457));
#6437=CARTESIAN_POINT('Origin',(0.,6.06762572508494,16.85865225457));
#6438=CARTESIAN_POINT('',(-1.,6.067625725072,16.85865225457));
#6439=CARTESIAN_POINT('Origin',(-2.5,12.35615242271,17.54365790478));
#6440=CARTESIAN_POINT('',(-2.5,12.35615242271,17.54365790478));
#6441=CARTESIAN_POINT('Origin',(-2.5,12.62410161514,17.54365790478));
#6442=CARTESIAN_POINT('',(-2.5,12.62410161514,17.54365790478));
#6443=CARTESIAN_POINT('Origin',(-2.5,12.62410161514,16.54365790478));
#6444=CARTESIAN_POINT('',(-2.5,12.62410161514,16.54365790478));
#6445=CARTESIAN_POINT('Origin',(-2.5,12.89205080757,16.54365790478));
#6446=CARTESIAN_POINT('',(-2.5,12.89205080757,16.54365790478));
#6447=CARTESIAN_POINT('Origin',(-2.5,12.89205080757,15.54365790478));
#6448=CARTESIAN_POINT('',(-2.5,12.89205080757,15.54365790478));
#6449=CARTESIAN_POINT('Origin',(-2.5,13.16,15.54365790478));
#6450=CARTESIAN_POINT('',(-2.5,13.16,15.54365790478));
#6451=CARTESIAN_POINT('Origin',(-2.5,13.16,12.39203373139));
#6452=CARTESIAN_POINT('Origin',(0.,32.1373413201,-66.89068279413));
#6453=CARTESIAN_POINT('',(1.,9.696774627159,16.85865225457));
#6454=CARTESIAN_POINT('',(-1.,9.696774627159,16.85865225457));
#6455=CARTESIAN_POINT('Origin',(0.,9.696774627159,16.85865225457));
#6456=CARTESIAN_POINT('',(1.,9.696774627159,16.85865225457));
#6457=CARTESIAN_POINT('',(-1.,9.453667747777,17.76593948009));
#6458=CARTESIAN_POINT('Origin',(0.,9.696774627159,16.85865225457));
#6459=CARTESIAN_POINT('Origin',(0.,9.696774627159,16.85865225457));
#6460=CARTESIAN_POINT('Origin',(0.,46.93992,16.85865225457));
#6461=CARTESIAN_POINT('',(-1.,9.696774627159,16.85865225457));
#6462=CARTESIAN_POINT('',(1.,6.067625725072,16.85865225457));
#6463=CARTESIAN_POINT('Origin',(1.,0.,0.));
#6464=CARTESIAN_POINT('',(1.,6.067625725072,-16.85865225457));
#6465=CARTESIAN_POINT('',(1.,9.453667747777,-17.76593948009));
#6466=CARTESIAN_POINT('',(1.,6.067625725072,-16.85865225457));
#6467=CARTESIAN_POINT('',(1.,9.696774627159,-16.85865225457));
#6468=CARTESIAN_POINT('',(1.,9.696774627159,-16.85865225457));
#6469=CARTESIAN_POINT('',(1.,9.453667747777,-17.76593948009));
#6470=CARTESIAN_POINT('Origin',(1.,0.,0.));
#6471=CARTESIAN_POINT('Origin',(-2.5,-2.,-14.6969384567));
#6472=CARTESIAN_POINT('',(-1.95720021865226,-0.447085560026051,-15.1130399079622));
#6473=CARTESIAN_POINT('Ctrl Pts',(-1.95720021865254,-0.447085739736152,
-15.1130405786524));
#6474=CARTESIAN_POINT('Ctrl Pts',(-2.04354273794204,-0.477246947966074,
-15.1049589072645));
#6475=CARTESIAN_POINT('Ctrl Pts',(-2.13200967051859,-0.51016650209854,-15.0961381393195));
#6476=CARTESIAN_POINT('Ctrl Pts',(-2.222513125428,-0.546116827069627,-15.0865052787758));
#6477=CARTESIAN_POINT('Ctrl Pts',(-2.313016590562,-0.582067156102189,-15.0768724171439));
#6478=CARTESIAN_POINT('Ctrl Pts',(-2.405556578489,-0.621048256658173,-15.0664274627299));
#6479=CARTESIAN_POINT('Ctrl Pts',(-2.499999886959,-0.663307665964572,-15.0551040881336));
#6480=CARTESIAN_POINT('',(-2.5,12.35615242271,-18.54365790478));
#6481=CARTESIAN_POINT('',(1.95722147290698,-0.44709106372995,-15.1130307792093));
#6482=CARTESIAN_POINT('Ctrl Pts',(2.500000010278,-0.663305723376662,-15.0551046086485));
#6483=CARTESIAN_POINT('Ctrl Pts',(2.408844913386,-0.622516103261351,-15.066034154418));
#6484=CARTESIAN_POINT('Ctrl Pts',(2.3180174810745,-0.584135820222296,-15.0763181202635));
#6485=CARTESIAN_POINT('Ctrl Pts',(2.22754355740425,-0.548116328713881,-15.085969513925));
#6486=CARTESIAN_POINT('Ctrl Pts',(2.13707818290584,-0.512100240802991,-15.0956199955953));
#6487=CARTESIAN_POINT('Ctrl Pts',(2.04696625024351,-0.478444498286262,-15.1046380246233));
#6488=CARTESIAN_POINT('Ctrl Pts',(1.95722563149167,-0.447094617384538,-15.1130381998937));
#6489=CARTESIAN_POINT('Ctrl Pts',(1.957200189459,-0.4470847362334,-15.11303687426));
#6490=CARTESIAN_POINT('Ctrl Pts',(1.80201297627,-0.3928666235199,-15.12755932603));
#6491=CARTESIAN_POINT('Ctrl Pts',(1.47342124767,-0.2966362102983,-15.15335768127));
#6492=CARTESIAN_POINT('Ctrl Pts',(0.9222362223868,-0.1914522254792,-15.18153624943));
#6493=CARTESIAN_POINT('Ctrl Pts',(0.3175852534628,-0.1339601107842,-15.19694255705));
#6494=CARTESIAN_POINT('Ctrl Pts',(-0.3099281451018,-0.1334956702234,-15.19706703148));
#6495=CARTESIAN_POINT('Ctrl Pts',(-0.9177380424028,-0.1907728614997,-15.18171820058));
#6496=CARTESIAN_POINT('Ctrl Pts',(-1.470678812677,-0.2959689681676,-15.15353677582));
#6497=CARTESIAN_POINT('Ctrl Pts',(-1.801103744447,-0.392529291201,-15.12764905224));
#6498=CARTESIAN_POINT('Ctrl Pts',(-1.957200189389,-0.4470851814528,-15.113038536));
#6499=CARTESIAN_POINT('',(-1.,6.067625725072,-16.85865225457));
#6500=CARTESIAN_POINT('Origin',(0.,6.06762572507443,-16.85865225457));
#6501=CARTESIAN_POINT('',(-1.,9.453667747777,-17.76593948009));
#6502=CARTESIAN_POINT('Origin',(0.,9.453667747777,-17.76593948009));
#6503=CARTESIAN_POINT('',(-1.,6.067625725072,-16.85865225457));
#6504=CARTESIAN_POINT('Ctrl Pts',(-1.348344548511,-2.048684195005,-14.93965545587));
#6505=CARTESIAN_POINT('Ctrl Pts',(-1.367614710836,-2.05795051875,-14.93791673769));
#6506=CARTESIAN_POINT('Ctrl Pts',(-1.516319775021,-2.131002340124,-14.92420850249));
#6507=CARTESIAN_POINT('Ctrl Pts',(-1.805735898873,-2.296674587074,-14.8931046573));
#6508=CARTESIAN_POINT('Ctrl Pts',(-2.166015373391,-2.554771474841,-14.84459663743));
#6509=CARTESIAN_POINT('Ctrl Pts',(-2.39470608723,-2.747508601896,-14.80833619165));
#6510=CARTESIAN_POINT('Ctrl Pts',(-2.490082415739,-2.832802393464,-14.79228270582));
#6511=CARTESIAN_POINT('Ctrl Pts',(-1.547086032456,-1.461132520683,-14.91457697195));
#6512=CARTESIAN_POINT('Ctrl Pts',(-1.568872014681,-1.471270823127,-14.91234463195));
#6513=CARTESIAN_POINT('Ctrl Pts',(-1.736846362734,-1.551150034291,-14.89476241104));
#6514=CARTESIAN_POINT('Ctrl Pts',(-2.061501970353,-1.731527076639,-14.85516590721));
#6515=CARTESIAN_POINT('Ctrl Pts',(-2.460314194591,-2.009977500701,-14.79440604494));
#6516=CARTESIAN_POINT('Ctrl Pts',(-2.710519479211,-2.216203933868,-14.7496665989));
#6517=CARTESIAN_POINT('Ctrl Pts',(-2.814390301064,-2.30717031502,-14.72998166678));
#6518=CARTESIAN_POINT('Ctrl Pts',(-1.752520805228,-0.8795907691707,-14.9849319938));
#6519=CARTESIAN_POINT('Ctrl Pts',(-1.776921365698,-0.8905921310563,-14.98219966773));
#6520=CARTESIAN_POINT('Ctrl Pts',(-1.964928485824,-0.9772288963048,-14.96069311497));
#6521=CARTESIAN_POINT('Ctrl Pts',(-2.326331126957,-1.172160322285,-14.9124868773));
#6522=CARTESIAN_POINT('Ctrl Pts',(-2.765603730021,-1.470756091282,-14.83928310465));
#6523=CARTESIAN_POINT('Ctrl Pts',(-3.038575288846,-1.690333851738,-14.78591459538));
#6524=CARTESIAN_POINT('Ctrl Pts',(-3.151467199481,-1.786914798937,-14.76253061055));
#6525=CARTESIAN_POINT('Ctrl Pts',(-1.959750308327,-0.3179257082591,-15.14904291743));
#6526=CARTESIAN_POINT('Ctrl Pts',(-1.986801861194,-0.3297606308177,-15.14581616314));
#6527=CARTESIAN_POINT('Ctrl Pts',(-2.195127563433,-0.4229239816754,-15.12042850743));
#6528=CARTESIAN_POINT('Ctrl Pts',(-2.593908560833,-0.6319123326279,-15.06370075843));
#6529=CARTESIAN_POINT('Ctrl Pts',(-3.074604400723,-0.949964892751,-14.97815773041));
#6530=CARTESIAN_POINT('Ctrl Pts',(-3.3710510791,-1.18243764146,-14.91621585353));
#6531=CARTESIAN_POINT('Ctrl Pts',(-3.493275567569,-1.284441252764,-14.88915341291));
#6532=CARTESIAN_POINT('Origin',(-1.957200127303,-2.000000431075,-20.90859542365));
#6533=CARTESIAN_POINT('Ctrl Pts',(1.408099904115,-2.063192058616,-14.93397597981));
#6534=CARTESIAN_POINT('Ctrl Pts',(1.32695321713,-2.063800638404,-14.94205602616));
#6535=CARTESIAN_POINT('Ctrl Pts',(1.108485114754,-2.065094732648,-14.96191641674));
#6536=CARTESIAN_POINT('Ctrl Pts',(0.731017889476,-2.066355770482,-14.9873348232));
#6537=CARTESIAN_POINT('Ctrl Pts',(0.2714042868366,-2.067036834046,-15.00392398556));
#6538=CARTESIAN_POINT('Ctrl Pts',(-0.2042438122888,-2.067081795764,-15.00508950575));
#6539=CARTESIAN_POINT('Ctrl Pts',(-0.6686257523583,-2.066491844537,-14.99048110306));
#6540=CARTESIAN_POINT('Ctrl Pts',(-1.069924211468,-2.065276156733,-14.9651269888));
#6541=CARTESIAN_POINT('Ctrl Pts',(-1.309386918289,-2.063931450632,-14.94380656648));
#6542=CARTESIAN_POINT('Ctrl Pts',(-1.408164490329,-2.063190785002,-14.9339702982));
#6543=CARTESIAN_POINT('Ctrl Pts',(1.634740632111,-1.427653738539,-14.90639947365));
#6544=CARTESIAN_POINT('Ctrl Pts',(1.536349518017,-1.422168160003,-14.91296405979));
#6545=CARTESIAN_POINT('Ctrl Pts',(1.275182919493,-1.410509386239,-14.92881615077));
#6546=CARTESIAN_POINT('Ctrl Pts',(0.8356103719735,-1.399160922947,-14.94858025376));
#6547=CARTESIAN_POINT('Ctrl Pts',(0.3094589173234,-1.393037448575,-14.96135857792));
#6548=CARTESIAN_POINT('Ctrl Pts',(-0.2328837037946,-1.392633330767,-14.96225473237));
#6549=CARTESIAN_POINT('Ctrl Pts',(-0.7637965842147,-1.397937149813,-14.95100870386));
#6550=CARTESIAN_POINT('Ctrl Pts',(-1.229640460557,-1.408875796809,-14.93133627168));
#6551=CARTESIAN_POINT('Ctrl Pts',(-1.515058301955,-1.420989089231,-14.91438624404));
#6552=CARTESIAN_POINT('Ctrl Pts',(-1.634826350982,-1.427665246398,-14.90639509543));
#6553=CARTESIAN_POINT('Ctrl Pts',(1.869374587256,-0.8001787351117,-14.99158932937));
#6554=CARTESIAN_POINT('Ctrl Pts',(1.753324431,-0.7878848023779,-14.99671900614));
#6555=CARTESIAN_POINT('Ctrl Pts',(1.448299725845,-0.7615794835743,-15.00874159465));
#6556=CARTESIAN_POINT('Ctrl Pts',(0.9445068045091,-0.7355973731693,-15.02303617572));
#6557=CARTESIAN_POINT('Ctrl Pts',(0.3491409904638,-0.7214079839702,-15.03210530672));
#6558=CARTESIAN_POINT('Ctrl Pts',(-0.2627516031018,-0.7204674745412,-15.03273881392));
#6559=CARTESIAN_POINT('Ctrl Pts',(-0.8629132835951,-0.7327714510958,-15.024767054));
#6560=CARTESIAN_POINT('Ctrl Pts',(-1.395565803387,-0.757866548016,-15.01059731869));
#6561=CARTESIAN_POINT('Ctrl Pts',(-1.72821873528,-0.7852412483678,-14.99783021717));
#6562=CARTESIAN_POINT('Ctrl Pts',(-1.869481797789,-0.8002036866331,-14.99158612387));
#6563=CARTESIAN_POINT('Ctrl Pts',(2.105392737155,-0.1984413982506,-15.18714596878));
#6564=CARTESIAN_POINT('Ctrl Pts',(1.971766333281,-0.1788166891943,-15.19096170476));
#6565=CARTESIAN_POINT('Ctrl Pts',(1.62295928058,-0.1365837036582,-15.19944145511));
#6566=CARTESIAN_POINT('Ctrl Pts',(1.054639855886,-0.09435599218852,-15.2086053581));
#6567=CARTESIAN_POINT('Ctrl Pts',(0.3893327647664,-0.07106650725603,-15.21417141937));
#6568=CARTESIAN_POINT('Ctrl Pts',(-0.2930062086434,-0.0695174028771,-15.2145563959));
#6569=CARTESIAN_POINT('Ctrl Pts',(-0.9631839891221,-0.0897307478228,-15.20967857128));
#6570=CARTESIAN_POINT('Ctrl Pts',(-1.563026551679,-0.1305856591662,-15.20067755091));
#6571=CARTESIAN_POINT('Ctrl Pts',(-1.942864039505,-0.1745953024188,-15.19178808469));
#6572=CARTESIAN_POINT('Ctrl Pts',(-2.10552119299,-0.1984800769488,-15.18714377234));
#6573=CARTESIAN_POINT('Origin',(1.957243352772,-2.000038415291,-20.90858524581));
#6574=CARTESIAN_POINT('Ctrl Pts',(2.490077709219,-2.832798180408,-14.79228304741));
#6575=CARTESIAN_POINT('Ctrl Pts',(2.386780695128,-2.740422192913,-14.80966949928));
#6576=CARTESIAN_POINT('Ctrl Pts',(2.166671487095,-2.555832813208,-14.84439585265));
#6577=CARTESIAN_POINT('Ctrl Pts',(1.82509210149,-2.311186047294,-14.89037663965));
#6578=CARTESIAN_POINT('Ctrl Pts',(1.545960459835,-2.147079380634,-14.92119038535));
#6579=CARTESIAN_POINT('Ctrl Pts',(1.387817628378,-2.067669708014,-14.93609267848));
#6580=CARTESIAN_POINT('Ctrl Pts',(1.348699208004,-2.048853651792,-14.93962330324));
#6581=CARTESIAN_POINT('Ctrl Pts',(2.814384721995,-2.307167397503,-14.72998245855));
#6582=CARTESIAN_POINT('Ctrl Pts',(2.701887486362,-2.208647806032,-14.75130197458));
#6583=CARTESIAN_POINT('Ctrl Pts',(2.460981007067,-2.011079537569,-14.7941719689));
#6584=CARTESIAN_POINT('Ctrl Pts',(2.082861824937,-1.74716830567,-14.85175475889));
#6585=CARTESIAN_POINT('Ctrl Pts',(1.770185346617,-1.568685654732,-14.89090870747));
#6586=CARTESIAN_POINT('Ctrl Pts',(1.591711054274,-1.481904897693,-14.91000312458));
#6587=CARTESIAN_POINT('Ctrl Pts',(1.547486185507,-1.461318332818,-14.91453598891));
#6588=CARTESIAN_POINT('Ctrl Pts',(3.151460685555,-1.786913175244,-14.76253168665));
#6589=CARTESIAN_POINT('Ctrl Pts',(3.029192905229,-1.682312821359,-14.78785748559));
#6590=CARTESIAN_POINT('Ctrl Pts',(2.766285283925,-1.471898422311,-14.83901461115));
#6591=CARTESIAN_POINT('Ctrl Pts',(2.349798801346,-1.188919776375,-14.90838157464));
#6592=CARTESIAN_POINT('Ctrl Pts',(2.002119286771,-0.9962081899118,-14.95599240827));
#6593=CARTESIAN_POINT('Ctrl Pts',(1.802500056509,-0.9021317456397,-14.97933386498));
#6594=CARTESIAN_POINT('Ctrl Pts',(1.752968254248,-0.8797927822531,-14.98488189297));
#6595=CARTESIAN_POINT('Ctrl Pts',(3.493268092877,-1.284440868551,-14.88915460205));
#6596=CARTESIAN_POINT('Ctrl Pts',(3.360892421338,-1.173967588342,-14.91846437367));
#6597=CARTESIAN_POINT('Ctrl Pts',(3.075304399985,-0.9511461302243,-14.9778545158));
#6598=CARTESIAN_POINT('Ctrl Pts',(2.61953797342,-0.6497517807644,-15.05890683213));
#6599=CARTESIAN_POINT('Ctrl Pts',(2.236231863201,-0.4432975935709,-15.11488958029));
#6600=CARTESIAN_POINT('Ctrl Pts',(2.015158414682,-0.3421748234145,-15.14243172243));
#6601=CARTESIAN_POINT('Ctrl Pts',(1.960245736564,-0.3181433572379,-15.14898363178));
#6602=CARTESIAN_POINT('Origin',(-2.5,12.35615242271,-18.54365790478));
#6603=CARTESIAN_POINT('',(-2.5,12.35615242271,-17.54365790478));
#6604=CARTESIAN_POINT('Origin',(-2.5,12.35615242271,-17.54365790478));
#6605=CARTESIAN_POINT('',(-2.5,12.62410161514,-17.54365790478));
#6606=CARTESIAN_POINT('Origin',(-2.5,12.62410161514,-17.54365790478));
#6607=CARTESIAN_POINT('',(-2.5,12.62410161514,-16.54365790478));
#6608=CARTESIAN_POINT('Origin',(-2.5,12.62410161514,-16.54365790478));
#6609=CARTESIAN_POINT('',(-2.5,12.89205080757,-16.54365790478));
#6610=CARTESIAN_POINT('Origin',(-2.5,12.89205080757,-16.54365790478));
#6611=CARTESIAN_POINT('',(-2.5,12.89205080757,-15.54365790478));
#6612=CARTESIAN_POINT('Origin',(-2.5,12.89205080757,-15.54365790478));
#6613=CARTESIAN_POINT('',(-2.5,13.16,-15.54365790478));
#6614=CARTESIAN_POINT('Origin',(-2.5,13.16,-15.54365790478));
#6615=CARTESIAN_POINT('',(-2.5,13.16,-12.39203373139));
#6616=CARTESIAN_POINT('Origin',(-2.5,13.16,-12.39203373139));
#6617=CARTESIAN_POINT('',(-3.,3.,-12.39203373139));
#6618=CARTESIAN_POINT('',(2.5,3.,-12.39203373139));
#6619=CARTESIAN_POINT('Origin',(-3.,3.,-13.89203373139));
#6620=CARTESIAN_POINT('Origin',(-3.,3.,-13.89203373139));
#6621=CARTESIAN_POINT('Origin',(0.,-33.13992,-16.85865225457));
#6622=CARTESIAN_POINT('',(-1.,9.696774627159,-16.85865225457));
#6623=CARTESIAN_POINT('',(-1.,6.067625725072,-16.85865225457));
#6624=CARTESIAN_POINT('Origin',(0.,9.696774627159,-16.85865225457));
#6625=CARTESIAN_POINT('Origin',(0.,9.696774627159,-16.85865225457));
#6626=CARTESIAN_POINT('Origin',(0.,9.696774627159,-16.85865225457));
#6627=CARTESIAN_POINT('Origin',(0.,31.57811368727,64.80361685541));
#6628=CARTESIAN_POINT('',(-1.,9.696774627159,-16.85865225457));
#6629=CARTESIAN_POINT('Origin',(-1.,0.,0.));
#6630=CARTESIAN_POINT('Origin',(-1.,0.,0.));
#6631=CARTESIAN_POINT('Origin',(0.,3.,0.));
#6632=CARTESIAN_POINT('',(-7.,3.,7.));
#6633=CARTESIAN_POINT('',(-3.,3.,7.));
#6634=CARTESIAN_POINT('',(-7.,3.,7.));
#6635=CARTESIAN_POINT('Origin',(0.,3.,0.));
#6636=CARTESIAN_POINT('',(7.,3.,7.));
#6637=CARTESIAN_POINT('',(7.,3.,-7.));
#6638=CARTESIAN_POINT('',(7.,3.,7.));
#6639=CARTESIAN_POINT('Origin',(-7.,0.,7.));
#6640=CARTESIAN_POINT('',(-7.,0.,7.));
#6641=CARTESIAN_POINT('Origin',(-2.5,0.,7.));
#6642=CARTESIAN_POINT('',(7.,0.,7.));
#6643=CARTESIAN_POINT('Origin',(7.,0.,-7.));
#6644=CARTESIAN_POINT('',(0.,0.,0.));
#6645=CARTESIAN_POINT('Origin',(0.,0.,0.));
#6646=CARTESIAN_POINT('',(1.5,0.,1.83697019872103E-16));
#6647=CARTESIAN_POINT('Origin',(0.,0.,0.));
#6648=CARTESIAN_POINT('',(1.5,-5.,1.83697019872103E-16));
#6649=CARTESIAN_POINT('',(1.5,0.,1.83697019872103E-16));
#6650=CARTESIAN_POINT('Origin',(0.,-5.,0.));
#6651=CARTESIAN_POINT('Origin',(0.,-5.,0.));
#6652=CARTESIAN_POINT('',(3.,-5.,3.67394039744206E-16));
#6653=CARTESIAN_POINT('Origin',(0.,-5.,0.));
#6654=CARTESIAN_POINT('Origin',(0.,0.,0.));
#6655=CARTESIAN_POINT('',(3.,0.,3.67394039744206E-16));
#6656=CARTESIAN_POINT('',(3.,0.,3.67394039744206E-16));
#6657=CARTESIAN_POINT('Origin',(0.,0.,0.));
#6658=CARTESIAN_POINT('Origin',(-3.,12.,1.75));
#6659=CARTESIAN_POINT('',(-3.,12.,1.75));
#6660=CARTESIAN_POINT('',(3.,12.,1.75));
#6661=CARTESIAN_POINT('',(-3.,12.,1.75));
#6662=CARTESIAN_POINT('',(3.,13.5,1.75));
#6663=CARTESIAN_POINT('',(3.,12.,1.75));
#6664=CARTESIAN_POINT('',(-3.,13.5,1.75));
#6665=CARTESIAN_POINT('',(-3.,13.5,1.75));
#6666=CARTESIAN_POINT('',(-3.,12.,1.75));
#6667=CARTESIAN_POINT('Origin',(3.,12.,0.75));
#6668=CARTESIAN_POINT('',(3.,12.,0.75));
#6669=CARTESIAN_POINT('',(-3.,12.,0.75));
#6670=CARTESIAN_POINT('',(3.,12.,0.75));
#6671=CARTESIAN_POINT('',(-3.,13.5,0.75));
#6672=CARTESIAN_POINT('',(-3.,12.,0.75));
#6673=CARTESIAN_POINT('',(3.,13.5,0.75));
#6674=CARTESIAN_POINT('',(3.,13.5,0.75));
#6675=CARTESIAN_POINT('',(3.,12.,0.75));
#6676=CARTESIAN_POINT('Origin',(-5.5,12.,0.75));
#6677=CARTESIAN_POINT('',(-5.5,13.5,0.75));
#6678=CARTESIAN_POINT('',(-4.,13.5,0.75));
#6679=CARTESIAN_POINT('',(-5.5,13.5,0.75));
#6680=CARTESIAN_POINT('',(-4.,15.,0.75));
#6681=CARTESIAN_POINT('',(-4.,13.5,0.75));
#6682=CARTESIAN_POINT('',(-5.5,15.,0.75));
#6683=CARTESIAN_POINT('',(-5.5,15.,0.75));
#6684=CARTESIAN_POINT('',(-5.5,13.5,0.75));
#6685=CARTESIAN_POINT('Origin',(-5.5,13.9,1.15));
#6686=CARTESIAN_POINT('',(-5.5,13.9,1.15));
#6687=CARTESIAN_POINT('',(-4.,13.9,1.15));
#6688=CARTESIAN_POINT('',(-5.5,13.9,1.15));
#6689=CARTESIAN_POINT('',(-4.,13.9,1.15));
#6690=CARTESIAN_POINT('',(-5.5,13.9,1.15));
#6691=CARTESIAN_POINT('Origin',(-5.5,13.9,1.9));
#6692=CARTESIAN_POINT('',(-5.5,13.9,1.9));
#6693=CARTESIAN_POINT('',(-4.,13.9,1.9));
#6694=CARTESIAN_POINT('',(-5.5,13.9,1.9));
#6695=CARTESIAN_POINT('',(-4.,13.9,1.9));
#6696=CARTESIAN_POINT('',(-5.5,13.9,1.9));
#6697=CARTESIAN_POINT('Origin',(-4.,12.,5.75));
#6698=CARTESIAN_POINT('',(-4.,13.5,5.75));
#6699=CARTESIAN_POINT('',(-5.5,13.5,5.75));
#6700=CARTESIAN_POINT('',(-4.,13.5,5.75));
#6701=CARTESIAN_POINT('',(-5.5,15.,5.75));
#6702=CARTESIAN_POINT('',(-5.5,13.5,5.75));
#6703=CARTESIAN_POINT('',(-4.,15.,5.75));
#6704=CARTESIAN_POINT('',(-4.,15.,5.75));
#6705=CARTESIAN_POINT('',(-4.,13.5,5.75));
#6706=CARTESIAN_POINT('Origin',(-4.,12.,0.75));
#6707=CARTESIAN_POINT('',(-4.,15.,2.375));
#6708=CARTESIAN_POINT('',(-4.,15.,4.125));
#6709=CARTESIAN_POINT('Origin',(-4.,15.,3.25));
#6710=CARTESIAN_POINT('',(-4.,15.,2.375));
#6711=CARTESIAN_POINT('Origin',(-4.,12.,0.75));
#6712=CARTESIAN_POINT('',(-4.,15.,1.9));
#6713=CARTESIAN_POINT('',(-4.,15.,1.9));
#6714=CARTESIAN_POINT('',(-4.,15.,0.75));
#6715=CARTESIAN_POINT('Origin',(-4.,12.,0.75));
#6716=CARTESIAN_POINT('',(-4.,13.9,5.35));
#6717=CARTESIAN_POINT('',(-4.,13.5,5.75));
#6718=CARTESIAN_POINT('',(-4.,15.,4.6));
#6719=CARTESIAN_POINT('',(-4.,15.,4.6));
#6720=CARTESIAN_POINT('',(-4.,13.9,4.6));
#6721=CARTESIAN_POINT('',(-4.,15.,4.6));
#6722=CARTESIAN_POINT('',(-4.,13.9,5.35));
#6723=CARTESIAN_POINT('Origin',(-5.5,15.,3.25));
#6724=CARTESIAN_POINT('',(-5.5,15.,2.375));
#6725=CARTESIAN_POINT('',(-5.5,15.,2.375));
#6726=CARTESIAN_POINT('',(-5.5,15.,4.125));
#6727=CARTESIAN_POINT('Origin',(-5.5,15.,3.25));
#6728=CARTESIAN_POINT('',(-5.5,15.,4.125));
#6729=CARTESIAN_POINT('Origin',(-5.5,13.9,4.6));
#6730=CARTESIAN_POINT('',(-5.5,15.,4.6));
#6731=CARTESIAN_POINT('',(-2.75,15.,4.6));
#6732=CARTESIAN_POINT('',(-5.5,13.9,4.6));
#6733=CARTESIAN_POINT('',(-5.5,15.,4.6));
#6734=CARTESIAN_POINT('',(-5.5,13.9,4.6));
#6735=CARTESIAN_POINT('Origin',(-5.5,13.9,5.35));
#6736=CARTESIAN_POINT('',(-5.5,13.9,5.35));
#6737=CARTESIAN_POINT('',(-5.5,13.9,5.35));
#6738=CARTESIAN_POINT('',(-5.5,13.9,5.35));
#6739=CARTESIAN_POINT('Origin',(-5.5,13.5,5.75));
#6740=CARTESIAN_POINT('',(-5.5,13.5,5.75));
#6741=CARTESIAN_POINT('Origin',(-5.5,12.,5.75));
#6742=CARTESIAN_POINT('',(-5.5,15.,4.125));
#6743=CARTESIAN_POINT('Origin',(-5.5,12.,5.75));
#6744=CARTESIAN_POINT('',(-5.5,15.,1.9));
#6745=CARTESIAN_POINT('',(-5.5,15.,1.9));
#6746=CARTESIAN_POINT('',(-5.5,15.,1.9));
#6747=CARTESIAN_POINT('Origin',(-5.5,12.,5.75));
#6748=CARTESIAN_POINT('',(-5.5,15.,5.75));
#6749=CARTESIAN_POINT('Origin',(5.5,13.9,5.35));
#6750=CARTESIAN_POINT('',(5.5,13.9,5.35));
#6751=CARTESIAN_POINT('',(5.5,13.9,4.6));
#6752=CARTESIAN_POINT('',(5.5,13.9,5.35));
#6753=CARTESIAN_POINT('',(4.,13.9,4.6));
#6754=CARTESIAN_POINT('',(5.5,13.9,4.6));
#6755=CARTESIAN_POINT('',(4.,13.9,5.35));
#6756=CARTESIAN_POINT('',(4.,13.9,5.35));
#6757=CARTESIAN_POINT('',(5.5,13.9,5.35));
#6758=CARTESIAN_POINT('Origin',(4.,12.,0.75));
#6759=CARTESIAN_POINT('',(4.,13.5,0.75));
#6760=CARTESIAN_POINT('',(5.5,13.5,0.75));
#6761=CARTESIAN_POINT('',(4.,13.5,0.75));
#6762=CARTESIAN_POINT('',(5.5,15.,0.75));
#6763=CARTESIAN_POINT('',(5.5,13.5,0.75));
#6764=CARTESIAN_POINT('',(4.,15.,0.75));
#6765=CARTESIAN_POINT('',(4.,15.,0.75));
#6766=CARTESIAN_POINT('',(4.,13.5,0.75));
#6767=CARTESIAN_POINT('Origin',(5.5,13.9,1.15));
#6768=CARTESIAN_POINT('',(5.5,13.9,1.15));
#6769=CARTESIAN_POINT('',(5.5,13.9,1.15));
#6770=CARTESIAN_POINT('',(4.,13.9,1.15));
#6771=CARTESIAN_POINT('',(4.,13.9,1.15));
#6772=CARTESIAN_POINT('',(5.5,13.9,1.15));
#6773=CARTESIAN_POINT('Origin',(5.5,13.9,1.9));
#6774=CARTESIAN_POINT('',(5.5,13.9,1.9));
#6775=CARTESIAN_POINT('',(5.5,13.9,1.9));
#6776=CARTESIAN_POINT('',(4.,13.9,1.9));
#6777=CARTESIAN_POINT('',(4.,13.9,1.9));
#6778=CARTESIAN_POINT('',(5.5,13.9,1.9));
#6779=CARTESIAN_POINT('Origin',(5.5,21.9,1.9));
#6780=CARTESIAN_POINT('',(5.5,15.,1.9));
#6781=CARTESIAN_POINT('',(4.,15.,1.9));
#6782=CARTESIAN_POINT('',(2.75,15.,1.9));
#6783=CARTESIAN_POINT('',(5.5,15.,1.9));
#6784=CARTESIAN_POINT('',(4.,15.,1.9));
#6785=CARTESIAN_POINT('Origin',(5.5,15.,3.25));
#6786=CARTESIAN_POINT('',(5.5,15.,2.375));
#6787=CARTESIAN_POINT('',(5.5,15.,4.125));
#6788=CARTESIAN_POINT('Origin',(5.5,15.,3.25));
#6789=CARTESIAN_POINT('',(4.,15.,2.375));
#6790=CARTESIAN_POINT('',(5.5,15.,2.375));
#6791=CARTESIAN_POINT('',(4.,15.,4.125));
#6792=CARTESIAN_POINT('Origin',(4.,15.,3.25));
#6793=CARTESIAN_POINT('',(5.5,15.,4.125));
#6794=CARTESIAN_POINT('Origin',(4.,12.,5.75));
#6795=CARTESIAN_POINT('',(4.,15.,4.125));
#6796=CARTESIAN_POINT('Origin',(4.,12.,5.75));
#6797=CARTESIAN_POINT('',(4.,15.,1.9));
#6798=CARTESIAN_POINT('Origin',(4.,12.,5.75));
#6799=CARTESIAN_POINT('',(4.,13.5,5.75));
#6800=CARTESIAN_POINT('',(4.,13.5,5.75));
#6801=CARTESIAN_POINT('',(4.,15.,4.6));
#6802=CARTESIAN_POINT('',(4.,15.,4.6));
#6803=CARTESIAN_POINT('',(4.,15.,5.75));
#6804=CARTESIAN_POINT('',(4.,15.,5.75));
#6805=CARTESIAN_POINT('',(4.,13.5,5.75));
#6806=CARTESIAN_POINT('Origin',(5.5,12.,5.75));
#6807=CARTESIAN_POINT('',(5.5,13.5,5.75));
#6808=CARTESIAN_POINT('',(5.5,13.5,5.75));
#6809=CARTESIAN_POINT('',(5.5,15.,5.75));
#6810=CARTESIAN_POINT('',(5.5,15.,5.75));
#6811=CARTESIAN_POINT('',(5.5,13.5,5.75));
#6812=CARTESIAN_POINT('Origin',(5.5,13.5,5.75));
#6813=CARTESIAN_POINT('',(5.5,13.5,5.75));
#6814=CARTESIAN_POINT('Origin',(5.5,12.,0.75));
#6815=CARTESIAN_POINT('',(5.5,15.,2.375));
#6816=CARTESIAN_POINT('Origin',(5.5,12.,0.75));
#6817=CARTESIAN_POINT('',(5.5,15.,0.75));
#6818=CARTESIAN_POINT('Origin',(5.5,12.,0.75));
#6819=CARTESIAN_POINT('',(5.5,15.,4.6));
#6820=CARTESIAN_POINT('',(5.5,15.,4.6));
#6821=CARTESIAN_POINT('',(5.5,15.,4.6));
#6822=CARTESIAN_POINT('Origin',(3.,12.,6.5));
#6823=CARTESIAN_POINT('',(3.,12.,6.5));
#6824=CARTESIAN_POINT('',(6.5,12.,6.5));
#6825=CARTESIAN_POINT('',(3.,12.,6.5));
#6826=CARTESIAN_POINT('',(6.5,15.,6.5));
#6827=CARTESIAN_POINT('',(6.5,12.,6.5));
#6828=CARTESIAN_POINT('',(3.,15.,6.5));
#6829=CARTESIAN_POINT('',(3.,15.,6.5));
#6830=CARTESIAN_POINT('',(3.,12.,6.5));
#6831=CARTESIAN_POINT('Origin',(6.5,12.,6.5));
#6832=CARTESIAN_POINT('',(6.5,12.,0.));
#6833=CARTESIAN_POINT('',(6.5,12.,6.5));
#6834=CARTESIAN_POINT('',(6.5,15.,0.));
#6835=CARTESIAN_POINT('',(6.5,12.,0.));
#6836=CARTESIAN_POINT('',(6.5,15.,6.5));
#6837=CARTESIAN_POINT('Origin',(6.5,12.,0.));
#6838=CARTESIAN_POINT('',(3.,12.,0.));
#6839=CARTESIAN_POINT('',(6.5,12.,0.));
#6840=CARTESIAN_POINT('',(3.,15.,0.));
#6841=CARTESIAN_POINT('',(3.,12.,0.));
#6842=CARTESIAN_POINT('',(6.5,15.,0.));
#6843=CARTESIAN_POINT('Origin',(0.,15.,0.));
#6844=CARTESIAN_POINT('',(-6.5,15.,0.));
#6845=CARTESIAN_POINT('',(-6.5,15.,6.5));
#6846=CARTESIAN_POINT('',(-6.5,15.,0.));
#6847=CARTESIAN_POINT('',(-3.,15.,6.5));
#6848=CARTESIAN_POINT('',(-6.5,15.,6.5));
#6849=CARTESIAN_POINT('',(-3.,15.,0.));
#6850=CARTESIAN_POINT('',(-3.,15.,6.5));
#6851=CARTESIAN_POINT('',(-3.,15.,0.));
#6852=CARTESIAN_POINT('',(-2.75,15.,1.9));
#6853=CARTESIAN_POINT('Origin',(0.,15.,0.));
#6854=CARTESIAN_POINT('',(3.,15.,0.));
#6855=CARTESIAN_POINT('',(2.75,15.,4.6));
#6856=CARTESIAN_POINT('Origin',(-3.,12.,0.));
#6857=CARTESIAN_POINT('',(-3.,12.,0.));
#6858=CARTESIAN_POINT('',(-6.5,12.,0.));
#6859=CARTESIAN_POINT('',(-3.,12.,0.));
#6860=CARTESIAN_POINT('',(-6.5,12.,0.));
#6861=CARTESIAN_POINT('',(-3.,12.,0.));
#6862=CARTESIAN_POINT('Origin',(-6.5,12.,0.));
#6863=CARTESIAN_POINT('',(-6.5,12.,6.5));
#6864=CARTESIAN_POINT('',(-6.5,12.,0.));
#6865=CARTESIAN_POINT('',(-6.5,12.,6.5));
#6866=CARTESIAN_POINT('Origin',(-6.5,12.,6.5));
#6867=CARTESIAN_POINT('',(-3.,12.,6.5));
#6868=CARTESIAN_POINT('',(-6.5,12.,6.5));
#6869=CARTESIAN_POINT('',(-3.,12.,6.5));
#6870=CARTESIAN_POINT('Origin',(-3.,12.,6.5));
#6871=CARTESIAN_POINT('',(-3.,13.5,6.));
#6872=CARTESIAN_POINT('',(-3.,13.5,5.));
#6873=CARTESIAN_POINT('',(-3.,13.5,6.));
#6874=CARTESIAN_POINT('',(-3.,12.,5.));
#6875=CARTESIAN_POINT('',(-3.,12.,5.));
#6876=CARTESIAN_POINT('',(-3.,12.,5.));
#6877=CARTESIAN_POINT('',(-3.,13.5,1.75));
#6878=CARTESIAN_POINT('',(-3.,12.,0.75));
#6879=CARTESIAN_POINT('',(-3.,12.,6.));
#6880=CARTESIAN_POINT('',(-3.,12.,6.5));
#6881=CARTESIAN_POINT('',(-3.,12.,6.));
#6882=CARTESIAN_POINT('Origin',(-3.,12.,6.));
#6883=CARTESIAN_POINT('',(3.,12.,6.));
#6884=CARTESIAN_POINT('',(-3.,12.,6.));
#6885=CARTESIAN_POINT('',(3.,13.5,6.));
#6886=CARTESIAN_POINT('',(3.,12.,6.));
#6887=CARTESIAN_POINT('',(-3.,13.5,6.));
#6888=CARTESIAN_POINT('Origin',(0.,13.5,0.));
#6889=CARTESIAN_POINT('',(3.,13.5,1.75));
#6890=CARTESIAN_POINT('Origin',(0.,13.5,0.));
#6891=CARTESIAN_POINT('',(3.,13.5,5.));
#6892=CARTESIAN_POINT('',(3.,13.5,6.));
#6893=CARTESIAN_POINT('',(3.,13.5,5.));
#6894=CARTESIAN_POINT('Origin',(3.,12.,0.));
#6895=CARTESIAN_POINT('',(3.,12.,6.));
#6896=CARTESIAN_POINT('',(3.,12.,0.));
#6897=CARTESIAN_POINT('',(3.,12.,5.));
#6898=CARTESIAN_POINT('',(3.,12.,1.75));
#6899=CARTESIAN_POINT('',(3.,12.,5.));
#6900=CARTESIAN_POINT('Origin',(3.,12.,5.));
#6901=CARTESIAN_POINT('',(3.,12.,5.));
#6902=CARTESIAN_POINT('Origin',(0.,12.,0.));
#6903=CARTESIAN_POINT('Origin',(0.,12.,0.));
#6904=CARTESIAN_POINT('',(7.,12.,-7.));
#6905=CARTESIAN_POINT('',(-7.,12.,-7.));
#6906=CARTESIAN_POINT('',(7.,12.,-7.));
#6907=CARTESIAN_POINT('',(-7.,12.,7.));
#6908=CARTESIAN_POINT('',(-7.,12.,-7.));
#6909=CARTESIAN_POINT('',(7.,12.,7.));
#6910=CARTESIAN_POINT('',(-7.,12.,7.));
#6911=CARTESIAN_POINT('',(7.,12.,7.));
#6912=CARTESIAN_POINT('Origin',(-7.,0.,-7.));
#6913=CARTESIAN_POINT('',(-7.,0.,-7.));
#6914=CARTESIAN_POINT('',(-7.,0.,7.));
#6915=CARTESIAN_POINT('',(-7.,0.,-7.));
#6916=CARTESIAN_POINT('',(-7.,0.,7.));
#6917=CARTESIAN_POINT('',(-7.,0.,-7.));
#6918=CARTESIAN_POINT('Origin',(-7.,0.,7.));
#6919=CARTESIAN_POINT('',(7.,0.,7.));
#6920=CARTESIAN_POINT('',(-7.,0.,7.));
#6921=CARTESIAN_POINT('',(7.,0.,7.));
#6922=CARTESIAN_POINT('Origin',(7.,0.,7.));
#6923=CARTESIAN_POINT('',(7.,0.,-7.));
#6924=CARTESIAN_POINT('',(7.,0.,7.));
#6925=CARTESIAN_POINT('',(7.,0.,-7.));
#6926=CARTESIAN_POINT('Origin',(7.,0.,-7.));
#6927=CARTESIAN_POINT('',(7.,0.,-7.));
#6928=CARTESIAN_POINT('Origin',(0.,0.,0.));
#6929=CARTESIAN_POINT('Origin',(0.,0.,0.));
#6930=CARTESIAN_POINT('Origin',(-5.5,21.9,1.9));
#6931=CARTESIAN_POINT('Origin',(5.5,13.9,4.6));
#6932=CARTESIAN_POINT('Origin',(0.,15.,0.));
#6933=CARTESIAN_POINT('',(5.5,15.,2.375));
#6934=CARTESIAN_POINT('',(4.,15.,2.375));
#6935=CARTESIAN_POINT('',(5.5,15.,2.375));
#6936=CARTESIAN_POINT('',(4.,15.,1.9));
#6937=CARTESIAN_POINT('',(4.,15.,2.375));
#6938=CARTESIAN_POINT('',(5.5,15.,1.9));
#6939=CARTESIAN_POINT('',(2.75,15.,1.9));
#6940=CARTESIAN_POINT('',(5.5,15.,1.9));
#6941=CARTESIAN_POINT('Origin',(0.,15.,0.));
#6942=CARTESIAN_POINT('',(5.5,15.,4.125));
#6943=CARTESIAN_POINT('',(4.,15.,4.125));
#6944=CARTESIAN_POINT('',(5.5,15.,4.125));
#6945=CARTESIAN_POINT('',(5.5,15.,4.6));
#6946=CARTESIAN_POINT('',(5.5,15.,4.125));
#6947=CARTESIAN_POINT('',(4.,15.,4.6));
#6948=CARTESIAN_POINT('',(2.75,15.,4.6));
#6949=CARTESIAN_POINT('',(4.,15.,4.6));
#6950=CARTESIAN_POINT('Origin',(5.5,21.9,1.9));
#6951=CARTESIAN_POINT('',(4.,21.15,1.9));
#6952=CARTESIAN_POINT('',(4.,21.15,1.9));
#6953=CARTESIAN_POINT('',(5.5,21.15,1.9));
#6954=CARTESIAN_POINT('',(4.,21.15,1.9));
#6955=CARTESIAN_POINT('',(5.5,21.15,1.9));
#6956=CARTESIAN_POINT('Origin',(5.5,13.9,4.6));
#6957=CARTESIAN_POINT('',(5.5,21.15,4.6));
#6958=CARTESIAN_POINT('',(5.5,15.,4.6));
#6959=CARTESIAN_POINT('',(4.,21.15,4.6));
#6960=CARTESIAN_POINT('',(4.,21.15,4.6));
#6961=CARTESIAN_POINT('',(4.,15.,4.6));
#6962=CARTESIAN_POINT('Origin',(4.75,21.525,4.225));
#6963=CARTESIAN_POINT('',(5.5,21.9,3.85));
#6964=CARTESIAN_POINT('',(5.5,21.9,3.85));
#6965=CARTESIAN_POINT('',(4.,21.9,3.85));
#6966=CARTESIAN_POINT('',(4.,21.9,3.85));
#6967=CARTESIAN_POINT('',(4.,21.15,4.6));
#6968=CARTESIAN_POINT('Origin',(5.5,15.,0.));
#6969=CARTESIAN_POINT('',(5.5,18.,4.125));
#6970=CARTESIAN_POINT('',(5.5,18.,4.125));
#6971=CARTESIAN_POINT('',(5.5,18.,2.375));
#6972=CARTESIAN_POINT('Origin',(5.5,18.,3.25));
#6973=CARTESIAN_POINT('',(5.5,15.,2.375));
#6974=CARTESIAN_POINT('',(5.5,21.9,2.65));
#6975=CARTESIAN_POINT('',(5.5,21.15,1.9));
#6976=CARTESIAN_POINT('',(5.5,21.9,3.85));
#6977=CARTESIAN_POINT('',(5.5,20.4,2.375));
#6978=CARTESIAN_POINT('Origin',(5.5,20.4,3.25));
#6979=CARTESIAN_POINT('Origin',(5.5,20.4,3.25));
#6980=CARTESIAN_POINT('',(4.,20.4,2.375));
#6981=CARTESIAN_POINT('',(5.5,20.4,2.375));
#6982=CARTESIAN_POINT('Origin',(4.,20.4,3.25));
#6983=CARTESIAN_POINT('Origin',(4.,12.,5.75));
#6984=CARTESIAN_POINT('',(4.,21.9,2.65));
#6985=CARTESIAN_POINT('',(4.,21.9,3.85));
#6986=CARTESIAN_POINT('',(4.,21.9,2.65));
#6987=CARTESIAN_POINT('',(4.,18.,2.375));
#6988=CARTESIAN_POINT('',(4.,15.,2.375));
#6989=CARTESIAN_POINT('',(4.,18.,4.125));
#6990=CARTESIAN_POINT('Origin',(4.,18.,3.25));
#6991=CARTESIAN_POINT('',(4.,18.,4.125));
#6992=CARTESIAN_POINT('Origin',(5.5,18.,4.125));
#6993=CARTESIAN_POINT('',(5.5,18.,4.125));
#6994=CARTESIAN_POINT('Origin',(5.5,18.,3.25));
#6995=CARTESIAN_POINT('',(5.5,18.,2.375));
#6996=CARTESIAN_POINT('Origin',(5.5,15.,2.375));
#6997=CARTESIAN_POINT('Origin',(4.75,21.525,2.275));
#6998=CARTESIAN_POINT('',(4.,21.9,2.65));
#6999=CARTESIAN_POINT('Origin',(5.5,21.9,4.6));
#7000=CARTESIAN_POINT('Origin',(0.,15.,0.));
#7001=CARTESIAN_POINT('',(-4.,15.,2.375));
#7002=CARTESIAN_POINT('',(-4.,15.,1.9));
#7003=CARTESIAN_POINT('',(-4.,15.,2.375));
#7004=CARTESIAN_POINT('',(-5.5,15.,2.375));
#7005=CARTESIAN_POINT('',(-5.5,15.,2.375));
#7006=CARTESIAN_POINT('',(-5.5,15.,1.9));
#7007=CARTESIAN_POINT('',(-5.5,15.,1.9));
#7008=CARTESIAN_POINT('',(-2.75,15.,1.9));
#7009=CARTESIAN_POINT('Origin',(0.,15.,0.));
#7010=CARTESIAN_POINT('',(-5.5,15.,4.125));
#7011=CARTESIAN_POINT('',(-4.,15.,4.125));
#7012=CARTESIAN_POINT('',(-5.5,15.,4.125));
#7013=CARTESIAN_POINT('',(-4.,15.,4.6));
#7014=CARTESIAN_POINT('',(-4.,15.,4.6));
#7015=CARTESIAN_POINT('',(-5.5,15.,4.6));
#7016=CARTESIAN_POINT('',(-2.75,15.,4.6));
#7017=CARTESIAN_POINT('',(-5.5,15.,4.125));
#7018=CARTESIAN_POINT('Origin',(-5.5,13.9,4.6));
#7019=CARTESIAN_POINT('',(-4.,21.15,4.6));
#7020=CARTESIAN_POINT('',(-4.,15.,4.6));
#7021=CARTESIAN_POINT('',(-5.5,21.15,4.6));
#7022=CARTESIAN_POINT('',(-5.5,21.15,4.6));
#7023=CARTESIAN_POINT('',(-5.5,15.,4.6));
#7024=CARTESIAN_POINT('Origin',(-4.75,21.525,4.225));
#7025=CARTESIAN_POINT('',(-4.,21.9,3.85));
#7026=CARTESIAN_POINT('',(-4.,21.9,3.85));
#7027=CARTESIAN_POINT('',(-5.5,21.9,3.85));
#7028=CARTESIAN_POINT('',(-5.5,21.9,3.85));
#7029=CARTESIAN_POINT('',(-5.5,21.15,4.6));
#7030=CARTESIAN_POINT('Origin',(-4.,12.,5.75));
#7031=CARTESIAN_POINT('',(-4.,18.,4.125));
#7032=CARTESIAN_POINT('',(-4.,18.,4.125));
#7033=CARTESIAN_POINT('',(-4.,18.,2.375));
#7034=CARTESIAN_POINT('Origin',(-4.,18.,3.25));
#7035=CARTESIAN_POINT('',(-4.,15.,2.375));
#7036=CARTESIAN_POINT('',(-4.,21.15,1.9));
#7037=CARTESIAN_POINT('',(-4.,21.15,1.9));
#7038=CARTESIAN_POINT('',(-4.,21.9,2.65));
#7039=CARTESIAN_POINT('',(-4.,21.15,1.9));
#7040=CARTESIAN_POINT('',(-4.,21.9,3.85));
#7041=CARTESIAN_POINT('',(-4.,20.4,2.375));
#7042=CARTESIAN_POINT('Origin',(-4.,20.4,3.25));
#7043=CARTESIAN_POINT('Origin',(-5.5,20.4,3.25));
#7044=CARTESIAN_POINT('',(-5.5,20.4,2.375));
#7045=CARTESIAN_POINT('',(-5.5,20.4,2.375));
#7046=CARTESIAN_POINT('Origin',(-5.5,20.4,3.25));
#7047=CARTESIAN_POINT('Origin',(-5.5,15.,0.));
#7048=CARTESIAN_POINT('',(-5.5,21.9,2.65));
#7049=CARTESIAN_POINT('',(-5.5,21.9,3.85));
#7050=CARTESIAN_POINT('',(-5.5,21.15,1.9));
#7051=CARTESIAN_POINT('',(-5.5,21.9,2.65));
#7052=CARTESIAN_POINT('',(-5.5,21.15,1.9));
#7053=CARTESIAN_POINT('',(-5.5,18.,2.375));
#7054=CARTESIAN_POINT('',(-5.5,15.,2.375));
#7055=CARTESIAN_POINT('',(-5.5,18.,4.125));
#7056=CARTESIAN_POINT('Origin',(-5.5,18.,3.25));
#7057=CARTESIAN_POINT('',(-5.5,18.,4.125));
#7058=CARTESIAN_POINT('Origin',(-5.5,18.,4.125));
#7059=CARTESIAN_POINT('',(-5.5,18.,4.125));
#7060=CARTESIAN_POINT('Origin',(-5.5,15.,2.375));
#7061=CARTESIAN_POINT('',(-5.5,18.,2.375));
#7062=CARTESIAN_POINT('Origin',(-5.5,18.,3.25));
#7063=CARTESIAN_POINT('Origin',(-5.5,21.9,1.9));
#7064=CARTESIAN_POINT('',(-5.5,21.15,1.9));
#7065=CARTESIAN_POINT('Origin',(-4.75,21.525,2.275));
#7066=CARTESIAN_POINT('',(-5.5,21.9,2.65));
#7067=CARTESIAN_POINT('Origin',(-5.5,21.9,4.6));
#7068=CARTESIAN_POINT('',(0.,0.,0.));
#7069=CARTESIAN_POINT('Origin',(0.,4.184669438771,0.));
#7070=CARTESIAN_POINT('',(-12.19374839826,-2.,2.75));
#7071=CARTESIAN_POINT('',(-12.19374839826,-2.,-2.75));
#7072=CARTESIAN_POINT('Origin',(0.,-2.,0.));
#7073=CARTESIAN_POINT('',(-12.19374839826,-10.,2.75));
#7074=CARTESIAN_POINT('',(-12.19374839826,-2.,2.75));
#7075=CARTESIAN_POINT('',(-3.,-10.,12.13466109951));
#7076=CARTESIAN_POINT('Origin',(0.,-10.,0.));
#7077=CARTESIAN_POINT('',(-3.,-2.,12.13466109951));
#7078=CARTESIAN_POINT('',(-3.,-2.,12.13466109951));
#7079=CARTESIAN_POINT('',(-2.,-2.,12.33896267925));
#7080=CARTESIAN_POINT('Origin',(0.,-2.,0.));
#7081=CARTESIAN_POINT('',(-2.,-7.,12.33896267925));
#7082=CARTESIAN_POINT('',(-2.,-2.,12.33896267925));
#7083=CARTESIAN_POINT('',(2.,-7.,12.33896267925));
#7084=CARTESIAN_POINT('Origin',(0.,-7.,0.));
#7085=CARTESIAN_POINT('',(2.,-2.,12.33896267925));
#7086=CARTESIAN_POINT('',(2.,-2.,12.33896267925));
#7087=CARTESIAN_POINT('',(3.,-2.,12.13466109951));
#7088=CARTESIAN_POINT('Origin',(0.,-2.,0.));
#7089=CARTESIAN_POINT('',(3.,-10.,12.13466109951));
#7090=CARTESIAN_POINT('',(3.,-2.,12.13466109951));
#7091=CARTESIAN_POINT('',(12.19374839826,-10.,2.75));
#7092=CARTESIAN_POINT('Origin',(0.,-10.,0.));
#7093=CARTESIAN_POINT('',(12.19374839826,-2.,2.75));
#7094=CARTESIAN_POINT('',(12.19374839826,-2.,2.75));
#7095=CARTESIAN_POINT('',(12.5,-2.,1.53080849893419E-15));
#7096=CARTESIAN_POINT('Origin',(0.,-2.,0.));
#7097=CARTESIAN_POINT('',(12.5,1.657133582189,1.53080849893419E-15));
#7098=CARTESIAN_POINT('',(12.5,4.184669438771,1.53080849893419E-15));
#7099=CARTESIAN_POINT('',(-12.4997254956463,1.657133582189,-0.0828404097583771));
#7100=CARTESIAN_POINT('Origin',(0.,1.657133582189,0.));
#7101=CARTESIAN_POINT('Origin',(0.,1.657133582189,0.));
#7102=CARTESIAN_POINT('',(12.19374839826,-2.,-2.75));
#7103=CARTESIAN_POINT('Origin',(0.,-2.,0.));
#7104=CARTESIAN_POINT('',(12.19374839826,-10.,-2.75));
#7105=CARTESIAN_POINT('',(12.19374839826,-2.,-2.75));
#7106=CARTESIAN_POINT('',(3.,-10.,-12.13466109951));
#7107=CARTESIAN_POINT('Origin',(0.,-10.,0.));
#7108=CARTESIAN_POINT('',(3.,-2.,-12.13466109951));
#7109=CARTESIAN_POINT('',(3.,-2.,-12.13466109951));
#7110=CARTESIAN_POINT('',(2.,-2.,-12.33896267925));
#7111=CARTESIAN_POINT('Origin',(0.,-2.,0.));
#7112=CARTESIAN_POINT('',(2.,-7.,-12.33896267925));
#7113=CARTESIAN_POINT('',(2.,-2.,-12.33896267925));
#7114=CARTESIAN_POINT('',(-2.,-7.,-12.33896267925));
#7115=CARTESIAN_POINT('Origin',(0.,-7.,0.));
#7116=CARTESIAN_POINT('',(-2.,-2.,-12.33896267925));
#7117=CARTESIAN_POINT('',(-2.,-2.,-12.33896267925));
#7118=CARTESIAN_POINT('',(-3.,-2.,-12.13466109951));
#7119=CARTESIAN_POINT('Origin',(0.,-2.,0.));
#7120=CARTESIAN_POINT('',(-3.,-10.,-12.13466109951));
#7121=CARTESIAN_POINT('',(-3.,-2.,-12.13466109951));
#7122=CARTESIAN_POINT('',(-12.19374839826,-10.,-2.75));
#7123=CARTESIAN_POINT('Origin',(0.,-10.,0.));
#7124=CARTESIAN_POINT('',(-12.19374839826,-2.,-2.75));
#7125=CARTESIAN_POINT('Origin',(-5.,-2.,-2.75));
#7126=CARTESIAN_POINT('',(-11.16635571706,-2.,-2.75));
#7127=CARTESIAN_POINT('',(-11.16635571706,-2.,-2.75));
#7128=CARTESIAN_POINT('',(-11.16635571706,-2.,2.75));
#7129=CARTESIAN_POINT('Origin',(0.,-2.,0.));
#7130=CARTESIAN_POINT('',(-11.16635571706,-2.,2.75));
#7131=CARTESIAN_POINT('Origin',(-5.,-10.,-2.75));
#7132=CARTESIAN_POINT('',(-11.16635571706,-10.,-2.75));
#7133=CARTESIAN_POINT('',(-12.19374839826,-10.,-2.75));
#7134=CARTESIAN_POINT('',(-11.16635571706,-2.,-2.75));
#7135=CARTESIAN_POINT('Origin',(0.,4.184669438771,0.));
#7136=CARTESIAN_POINT('',(11.5,0.,1.40834381901946E-15));
#7137=CARTESIAN_POINT('Origin',(0.,0.,0.));
#7138=CARTESIAN_POINT('',(11.5,-2.,1.40834381901946E-15));
#7139=CARTESIAN_POINT('',(11.5,4.184669438771,1.40834381901946E-15));
#7140=CARTESIAN_POINT('',(11.16635571706,-2.,2.75));
#7141=CARTESIAN_POINT('Origin',(0.,-2.,0.));
#7142=CARTESIAN_POINT('',(11.16635571706,-10.,2.75));
#7143=CARTESIAN_POINT('',(11.16635571706,-2.,2.75));
#7144=CARTESIAN_POINT('',(3.,-10.,11.10180165559));
#7145=CARTESIAN_POINT('Origin',(0.,-10.,0.));
#7146=CARTESIAN_POINT('',(3.,-2.,11.10180165559));
#7147=CARTESIAN_POINT('',(3.,-2.,11.10180165559));
#7148=CARTESIAN_POINT('',(2.,-2.,11.32475165291));
#7149=CARTESIAN_POINT('Origin',(0.,-2.,0.));
#7150=CARTESIAN_POINT('',(2.,-10.,11.32475165291));
#7151=CARTESIAN_POINT('',(2.,-2.,11.32475165291));
#7152=CARTESIAN_POINT('',(-2.,-10.,11.32475165291));
#7153=CARTESIAN_POINT('Origin',(0.,-10.,0.));
#7154=CARTESIAN_POINT('',(-2.,-2.,11.32475165291));
#7155=CARTESIAN_POINT('',(-2.,-2.,11.32475165291));
#7156=CARTESIAN_POINT('',(-3.,-2.,11.10180165559));
#7157=CARTESIAN_POINT('Origin',(0.,-2.,0.));
#7158=CARTESIAN_POINT('',(-3.,-10.,11.10180165559));
#7159=CARTESIAN_POINT('',(-3.,-2.,11.10180165559));
#7160=CARTESIAN_POINT('',(-11.16635571706,-10.,2.75));
#7161=CARTESIAN_POINT('Origin',(0.,-10.,0.));
#7162=CARTESIAN_POINT('',(-11.16635571706,-2.,2.75));
#7163=CARTESIAN_POINT('',(-3.,-10.,-11.10180165559));
#7164=CARTESIAN_POINT('Origin',(0.,-10.,0.));
#7165=CARTESIAN_POINT('',(-3.,-2.,-11.10180165559));
#7166=CARTESIAN_POINT('',(-3.,-2.,-11.10180165559));
#7167=CARTESIAN_POINT('',(-2.,-2.,-11.32475165291));
#7168=CARTESIAN_POINT('Origin',(0.,-2.,0.));
#7169=CARTESIAN_POINT('',(-2.,-10.,-11.32475165291));
#7170=CARTESIAN_POINT('',(-2.,-2.,-11.32475165291));
#7171=CARTESIAN_POINT('',(2.,-10.,-11.32475165291));
#7172=CARTESIAN_POINT('Origin',(0.,-10.,0.));
#7173=CARTESIAN_POINT('',(2.,-2.,-11.32475165291));
#7174=CARTESIAN_POINT('',(2.,-2.,-11.32475165291));
#7175=CARTESIAN_POINT('',(3.,-2.,-11.10180165559));
#7176=CARTESIAN_POINT('Origin',(0.,-2.,0.));
#7177=CARTESIAN_POINT('',(3.,-10.,-11.10180165559));
#7178=CARTESIAN_POINT('',(3.,-2.,-11.10180165559));
#7179=CARTESIAN_POINT('',(11.16635571706,-10.,-2.75));
#7180=CARTESIAN_POINT('Origin',(0.,-10.,0.));
#7181=CARTESIAN_POINT('',(11.16635571706,-2.,-2.75));
#7182=CARTESIAN_POINT('',(11.16635571706,-2.,-2.75));
#7183=CARTESIAN_POINT('Origin',(0.,-2.,0.));
#7184=CARTESIAN_POINT('Origin',(-5.,-2.,2.75));
#7185=CARTESIAN_POINT('',(-12.19374839826,-10.,2.75));
#7186=CARTESIAN_POINT('Origin',(0.,-10.,0.));
#7187=CARTESIAN_POINT('',(12.19374839826,-10.,-2.75));
#7188=CARTESIAN_POINT('',(3.,-10.,-11.10180165559));
#7189=CARTESIAN_POINT('Origin',(0.,-10.,0.));
#7190=CARTESIAN_POINT('',(12.19374839826,-10.,2.75));
#7191=CARTESIAN_POINT('',(3.,-10.,12.13466109951));
#7192=CARTESIAN_POINT('Origin',(0.,-10.,0.));
#7193=CARTESIAN_POINT('',(-3.,-10.,-11.10180165559));
#7194=CARTESIAN_POINT('Origin',(0.,-10.,0.));
#7195=CARTESIAN_POINT('',(-3.,-10.,12.13466109951));
#7196=CARTESIAN_POINT('Origin',(0.,-10.,0.));
#7197=CARTESIAN_POINT('',(2.,-10.,12.33896267925));
#7198=CARTESIAN_POINT('',(-2.,-10.,12.33896267925));
#7199=CARTESIAN_POINT('',(2.,-10.,12.33896267925));
#7200=CARTESIAN_POINT('',(-2.,-10.,12.33896267925));
#7201=CARTESIAN_POINT('',(2.,-10.,11.32475165291));
#7202=CARTESIAN_POINT('Origin',(0.,-10.,0.));
#7203=CARTESIAN_POINT('',(-2.,-10.,-12.33896267925));
#7204=CARTESIAN_POINT('',(2.,-10.,-12.33896267925));
#7205=CARTESIAN_POINT('',(-2.,-10.,-12.33896267925));
#7206=CARTESIAN_POINT('',(2.,-10.,-12.33896267925));
#7207=CARTESIAN_POINT('',(-2.,-10.,-11.32475165291));
#7208=CARTESIAN_POINT('Origin',(5.,-10.,-2.75));
#7209=CARTESIAN_POINT('',(11.16635571706,-2.,-2.75));
#7210=CARTESIAN_POINT('Origin',(5.,-2.,-2.75));
#7211=CARTESIAN_POINT('',(11.16635571706,-2.,2.75));
#7212=CARTESIAN_POINT('Origin',(-3.,-2.,-18.));
#7213=CARTESIAN_POINT('',(-3.,-2.,11.10180165559));
#7214=CARTESIAN_POINT('Origin',(-3.,-2.,-18.));
#7215=CARTESIAN_POINT('',(-3.,-2.,-12.13466109951));
#7216=CARTESIAN_POINT('Origin',(-2.,-2.,-18.));
#7217=CARTESIAN_POINT('',(-2.,-2.,11.32475165291));
#7218=CARTESIAN_POINT('Origin',(-2.,-2.,-18.));
#7219=CARTESIAN_POINT('',(-2.,-2.,-12.33896267925));
#7220=CARTESIAN_POINT('Origin',(-2.,-10.,-18.));
#7221=CARTESIAN_POINT('',(-2.,-8.,14.33896267925));
#7222=CARTESIAN_POINT('',(-2.,-10.,12.33896267925));
#7223=CARTESIAN_POINT('',(-2.,-7.,14.33896267925));
#7224=CARTESIAN_POINT('',(-2.,-8.,14.33896267925));
#7225=CARTESIAN_POINT('',(-2.,-7.,14.33896267925));
#7226=CARTESIAN_POINT('Origin',(-2.,-10.,-18.));
#7227=CARTESIAN_POINT('',(-2.,-8.,-14.33896267925));
#7228=CARTESIAN_POINT('',(-2.,-8.,-14.33896267925));
#7229=CARTESIAN_POINT('',(-2.,-7.,-14.33896267925));
#7230=CARTESIAN_POINT('',(-2.,-7.,-12.33896267925));
#7231=CARTESIAN_POINT('',(-2.,-8.,-14.33896267925));
#7232=CARTESIAN_POINT('Origin',(0.,-9.,13.33896267925));
#7233=CARTESIAN_POINT('',(2.,-8.,14.33896267925));
#7234=CARTESIAN_POINT('',(2.,-8.,14.33896267925));
#7235=CARTESIAN_POINT('',(2.,-8.,14.33896267925));
#7236=CARTESIAN_POINT('Origin',(2.,-10.,14.33896267925));
#7237=CARTESIAN_POINT('',(2.,-7.,14.33896267925));
#7238=CARTESIAN_POINT('',(2.,-8.,14.33896267925));
#7239=CARTESIAN_POINT('',(2.,-7.,14.33896267925));
#7240=CARTESIAN_POINT('Origin',(0.,-7.,0.));
#7241=CARTESIAN_POINT('',(2.,-7.,12.33896267925));
#7242=CARTESIAN_POINT('Origin',(0.,-7.,0.));
#7243=CARTESIAN_POINT('',(2.,-7.,-14.33896267925));
#7244=CARTESIAN_POINT('',(2.,-7.,-14.33896267925));
#7245=CARTESIAN_POINT('',(-2.,-7.,-14.33896267925));
#7246=CARTESIAN_POINT('Origin',(2.,-2.,-18.));
#7247=CARTESIAN_POINT('',(2.,-2.,11.32475165291));
#7248=CARTESIAN_POINT('Origin',(2.,-2.,-18.));
#7249=CARTESIAN_POINT('',(2.,-8.,-14.33896267925));
#7250=CARTESIAN_POINT('',(2.,-10.,-12.33896267925));
#7251=CARTESIAN_POINT('',(2.,-8.,-14.33896267925));
#7252=CARTESIAN_POINT('',(2.,-2.,-12.33896267925));
#7253=CARTESIAN_POINT('Origin',(3.,-2.,-18.));
#7254=CARTESIAN_POINT('',(3.,-2.,11.10180165559));
#7255=CARTESIAN_POINT('Origin',(3.,-2.,-18.));
#7256=CARTESIAN_POINT('',(3.,-2.,-12.13466109951));
#7257=CARTESIAN_POINT('Origin',(3.,-10.,-18.));
#7258=CARTESIAN_POINT('Origin',(3.,-10.,-18.));
#7259=CARTESIAN_POINT('Origin',(0.,-9.,-13.33896267925));
#7260=CARTESIAN_POINT('',(-2.,-8.,-14.33896267925));
#7261=CARTESIAN_POINT('Origin',(-2.,-10.,-14.33896267925));
#7262=CARTESIAN_POINT('Origin',(0.,1.657133582189,0.));
#7263=CARTESIAN_POINT('',(-11.6626003765992,2.643783348514,-0.0772924648931042));
#7264=CARTESIAN_POINT('Origin',(-11.4997474559946,1.657133582189,-0.0762131769777069));
#7265=CARTESIAN_POINT('',(11.66285649699,2.643783348514,0.));
#7266=CARTESIAN_POINT('Origin',(0.,2.643783348514,0.));
#7267=CARTESIAN_POINT('',(-11.66285649699,2.643783348514,-1.563790763548E-12));
#7268=CARTESIAN_POINT('Origin',(0.,2.643783348514,0.));
#7269=CARTESIAN_POINT('Origin',(0.,2.643783348514,0.));
#7270=CARTESIAN_POINT('Ctrl Pts',(11.77826837104,2.624627044438,0.));
#7271=CARTESIAN_POINT('Ctrl Pts',(11.77826837104,2.624627044438,-11.77826837104));
#7272=CARTESIAN_POINT('Ctrl Pts',(0.,2.624627044438,-11.77826837104));
#7273=CARTESIAN_POINT('Ctrl Pts',(-11.77826837104,2.624627044438,-11.77826837104));
#7274=CARTESIAN_POINT('Ctrl Pts',(-11.77826837104,2.624627044438,0.));
#7275=CARTESIAN_POINT('Ctrl Pts',(-11.77826837104,2.624627044438,11.77826837104));
#7276=CARTESIAN_POINT('Ctrl Pts',(0.,2.624627044438,11.77826837104));
#7277=CARTESIAN_POINT('Ctrl Pts',(11.77826837104,2.624627044438,11.77826837104));
#7278=CARTESIAN_POINT('Ctrl Pts',(11.77826837104,2.624627044438,0.));
#7279=CARTESIAN_POINT('Ctrl Pts',(7.8844679355627,3.27451886045263,0.));
#7280=CARTESIAN_POINT('Ctrl Pts',(7.8844679355627,3.27451886045263,-7.8844679355627));
#7281=CARTESIAN_POINT('Ctrl Pts',(0.,3.27451886045263,-7.8844679355627));
#7282=CARTESIAN_POINT('Ctrl Pts',(-7.8844679355627,3.27451886045263,-7.8844679355627));
#7283=CARTESIAN_POINT('Ctrl Pts',(-7.8844679355627,3.27451886045263,0.));
#7284=CARTESIAN_POINT('Ctrl Pts',(-7.8844679355627,3.27451886045263,7.8844679355627));
#7285=CARTESIAN_POINT('Ctrl Pts',(0.,3.27451886045263,7.8844679355627));
#7286=CARTESIAN_POINT('Ctrl Pts',(7.8844679355627,3.27451886045263,7.8844679355627));
#7287=CARTESIAN_POINT('Ctrl Pts',(7.8844679355627,3.27451886045263,0.));
#7288=CARTESIAN_POINT('Ctrl Pts',(3.95837847853513,3.5663098456349,0.));
#7289=CARTESIAN_POINT('Ctrl Pts',(3.95837847853513,3.5663098456349,-3.95837847853513));
#7290=CARTESIAN_POINT('Ctrl Pts',(0.,3.5663098456349,-3.95837847853513));
#7291=CARTESIAN_POINT('Ctrl Pts',(-3.95837847853513,3.5663098456349,-3.95837847853513));
#7292=CARTESIAN_POINT('Ctrl Pts',(-3.95837847853513,3.5663098456349,0.));
#7293=CARTESIAN_POINT('Ctrl Pts',(-3.95837847853513,3.5663098456349,3.95837847853513));
#7294=CARTESIAN_POINT('Ctrl Pts',(0.,3.5663098456349,3.95837847853513));
#7295=CARTESIAN_POINT('Ctrl Pts',(3.95837847853513,3.5663098456349,3.95837847853513));
#7296=CARTESIAN_POINT('Ctrl Pts',(3.95837847853513,3.5663098456349,0.));
#7297=CARTESIAN_POINT('Ctrl Pts',(0.,3.5,0.));
#7298=CARTESIAN_POINT('Ctrl Pts',(0.,3.5,0.));
#7299=CARTESIAN_POINT('Ctrl Pts',(0.,3.5,0.));
#7300=CARTESIAN_POINT('Ctrl Pts',(0.,3.5,0.));
#7301=CARTESIAN_POINT('Ctrl Pts',(0.,3.5,0.));
#7302=CARTESIAN_POINT('Ctrl Pts',(0.,3.5,0.));
#7303=CARTESIAN_POINT('Ctrl Pts',(0.,3.5,0.));
#7304=CARTESIAN_POINT('Ctrl Pts',(0.,3.5,0.));
#7305=CARTESIAN_POINT('Ctrl Pts',(0.,3.5,0.));
#7306=CARTESIAN_POINT('',(0.,3.5,0.));
#7307=CARTESIAN_POINT('Ctrl Pts',(-11.66285649699,2.643783348514,-3.87773146926E-13));
#7308=CARTESIAN_POINT('Ctrl Pts',(-7.80689186075163,3.2802492096411,-3.89013319739469E-13));
#7309=CARTESIAN_POINT('Ctrl Pts',(-3.91927302848172,3.56565476013179,1.74397935223884E-12));
#7310=CARTESIAN_POINT('Ctrl Pts',(0.,3.5,0.));
#7311=CARTESIAN_POINT('Ctrl Pts',(11.66285649699,2.643783348514,3.929530312252E-13));
#7312=CARTESIAN_POINT('Ctrl Pts',(7.80689186075163,3.2802492096411,3.929530312252E-13));
#7313=CARTESIAN_POINT('Ctrl Pts',(3.91927302848172,3.56565476013179,-1.74907867421385E-12));
#7314=CARTESIAN_POINT('Ctrl Pts',(0.,3.5,0.));
#7315=CARTESIAN_POINT('Ctrl Pts',(11.77826837104,2.624627044438,0.));
#7316=CARTESIAN_POINT('Ctrl Pts',(11.77826837104,2.624627044438,-11.77826837104));
#7317=CARTESIAN_POINT('Ctrl Pts',(0.,2.624627044438,-11.77826837104));
#7318=CARTESIAN_POINT('Ctrl Pts',(-11.77826837104,2.624627044438,-11.77826837104));
#7319=CARTESIAN_POINT('Ctrl Pts',(-11.77826837104,2.624627044438,0.));
#7320=CARTESIAN_POINT('Ctrl Pts',(-11.77826837104,2.624627044438,11.77826837104));
#7321=CARTESIAN_POINT('Ctrl Pts',(0.,2.624627044438,11.77826837104));
#7322=CARTESIAN_POINT('Ctrl Pts',(11.77826837104,2.624627044438,11.77826837104));
#7323=CARTESIAN_POINT('Ctrl Pts',(11.77826837104,2.624627044438,0.));
#7324=CARTESIAN_POINT('Ctrl Pts',(7.8844679355627,3.27451886045263,0.));
#7325=CARTESIAN_POINT('Ctrl Pts',(7.8844679355627,3.27451886045263,-7.8844679355627));
#7326=CARTESIAN_POINT('Ctrl Pts',(0.,3.27451886045263,-7.8844679355627));
#7327=CARTESIAN_POINT('Ctrl Pts',(-7.8844679355627,3.27451886045263,-7.8844679355627));
#7328=CARTESIAN_POINT('Ctrl Pts',(-7.8844679355627,3.27451886045263,0.));
#7329=CARTESIAN_POINT('Ctrl Pts',(-7.8844679355627,3.27451886045263,7.8844679355627));
#7330=CARTESIAN_POINT('Ctrl Pts',(0.,3.27451886045263,7.8844679355627));
#7331=CARTESIAN_POINT('Ctrl Pts',(7.8844679355627,3.27451886045263,7.8844679355627));
#7332=CARTESIAN_POINT('Ctrl Pts',(7.8844679355627,3.27451886045263,0.));
#7333=CARTESIAN_POINT('Ctrl Pts',(3.95837847853513,3.5663098456349,0.));
#7334=CARTESIAN_POINT('Ctrl Pts',(3.95837847853513,3.5663098456349,-3.95837847853513));
#7335=CARTESIAN_POINT('Ctrl Pts',(0.,3.5663098456349,-3.95837847853513));
#7336=CARTESIAN_POINT('Ctrl Pts',(-3.95837847853513,3.5663098456349,-3.95837847853513));
#7337=CARTESIAN_POINT('Ctrl Pts',(-3.95837847853513,3.5663098456349,0.));
#7338=CARTESIAN_POINT('Ctrl Pts',(-3.95837847853513,3.5663098456349,3.95837847853513));
#7339=CARTESIAN_POINT('Ctrl Pts',(0.,3.5663098456349,3.95837847853513));
#7340=CARTESIAN_POINT('Ctrl Pts',(3.95837847853513,3.5663098456349,3.95837847853513));
#7341=CARTESIAN_POINT('Ctrl Pts',(3.95837847853513,3.5663098456349,0.));
#7342=CARTESIAN_POINT('Ctrl Pts',(0.,3.5,0.));
#7343=CARTESIAN_POINT('Ctrl Pts',(0.,3.5,0.));
#7344=CARTESIAN_POINT('Ctrl Pts',(0.,3.5,0.));
#7345=CARTESIAN_POINT('Ctrl Pts',(0.,3.5,0.));
#7346=CARTESIAN_POINT('Ctrl Pts',(0.,3.5,0.));
#7347=CARTESIAN_POINT('Ctrl Pts',(0.,3.5,0.));
#7348=CARTESIAN_POINT('Ctrl Pts',(0.,3.5,0.));
#7349=CARTESIAN_POINT('Ctrl Pts',(0.,3.5,0.));
#7350=CARTESIAN_POINT('Ctrl Pts',(0.,3.5,0.));
#7351=CARTESIAN_POINT('Origin',(5.,-2.,2.75));
#7352=CARTESIAN_POINT('Origin',(0.,0.,0.));
#7353=CARTESIAN_POINT('',(1.5,0.,1.83697019872103E-16));
#7354=CARTESIAN_POINT('Origin',(0.,0.,0.));
#7355=CARTESIAN_POINT('Origin',(0.,4.184669438771,0.));
#7356=CARTESIAN_POINT('',(1.5,-8.,1.83697019872103E-16));
#7357=CARTESIAN_POINT('Origin',(0.,-8.,0.));
#7358=CARTESIAN_POINT('',(1.5,4.184669438771,1.83697019872103E-16));
#7359=CARTESIAN_POINT('Origin',(0.,-8.,0.));
#7360=CARTESIAN_POINT('',(0.,0.,0.));
#7361=CARTESIAN_POINT('Origin',(0.,1.175460225905E-13,9.5));
#7362=CARTESIAN_POINT('',(0.,1.174851736133E-13,10.));
#7363=CARTESIAN_POINT('',(0.,1.17607173666E-13,9.));
#7364=CARTESIAN_POINT('',(0.,1.174851736133E-13,10.));
#7365=CARTESIAN_POINT('Ctrl Pts',(0.,1.174851736133E-13,10.));
#7366=CARTESIAN_POINT('Ctrl Pts',(0.1305985400215,-0.0009420288072442,10.));
#7367=CARTESIAN_POINT('Ctrl Pts',(0.3917956200645,-0.002826086421967,9.891805812446));
#7368=CARTESIAN_POINT('Ctrl Pts',(0.5540826795735,-0.003996689746433,9.5));
#7369=CARTESIAN_POINT('Ctrl Pts',(0.3917956200645,-0.002826086421967,9.108194187554));
#7370=CARTESIAN_POINT('Ctrl Pts',(0.1305985400215,-0.000942028807244,9.));
#7371=CARTESIAN_POINT('Ctrl Pts',(0.,1.17607173666E-13,9.));
#7372=CARTESIAN_POINT('Origin',(0.,0.,0.));
#7373=CARTESIAN_POINT('Ctrl Pts',(-8.72042122781687E-19,1.21846976952611E-13,
9.00000000000022));
#7374=CARTESIAN_POINT('Ctrl Pts',(-8.72042122781687E-19,0.997150989072659,
9.00000000000035));
#7375=CARTESIAN_POINT('Ctrl Pts',(3.60262379248714E-17,1.99025638041149,
8.8345137411826));
#7376=CARTESIAN_POINT('Ctrl Pts',(3.34063470857468E-17,3.85320879657206,
8.19171001801583));
#7377=CARTESIAN_POINT('Ctrl Pts',(1.02750168719494E-16,4.71426789445531,
7.73008732308933));
#7378=CARTESIAN_POINT('Ctrl Pts',(1.05627333955023E-16,6.38226612220137,
6.44922897944243));
#7379=CARTESIAN_POINT('Ctrl Pts',(-4.70188714568343E-16,7.20145776916086,
5.55360590843823));
#7380=CARTESIAN_POINT('Ctrl Pts',(-4.66668299833686E-16,8.42709683537154,
3.3995639735722));
#7381=CARTESIAN_POINT('Ctrl Pts',(5.74231307912403E-16,8.80538281094894,
2.25113523249841));
#7382=CARTESIAN_POINT('Ctrl Pts',(5.70683097157211E-16,9.0927052440092,
-0.130930820399917));
#7383=CARTESIAN_POINT('Ctrl Pts',(-1.85096324428372E-18,8.99689343138243,
-1.33800694237954));
#7384=CARTESIAN_POINT('Ctrl Pts',(1.69681091507176E-18,8.36834594791161,
-3.54636661915868));
#7385=CARTESIAN_POINT('Ctrl Pts',(-3.67887227959878E-17,7.84793446926485,
-4.64115462899315));
#7386=CARTESIAN_POINT('Ctrl Pts',(-3.27482711687956E-17,6.29385933270533,
-6.59010380635393));
#7387=CARTESIAN_POINT('Ctrl Pts',(1.73472347597681E-16,5.36797585973735,
-7.36939601580934));
#7388=CARTESIAN_POINT('Ctrl Pts',(1.73472347597681E-16,3.26422650801339,
-8.52345854416889));
#7389=CARTESIAN_POINT('Ctrl Pts',(4.85722573273506E-16,2.10810089052595,
-8.88596504377103));
#7390=CARTESIAN_POINT('Ctrl Pts',(4.85722573273506E-16,-0.283231903665555,
-9.14027666880009));
#7391=CARTESIAN_POINT('Ctrl Pts',(-1.45716771982052E-15,-1.49285020579049,
-9.02872766800525));
#7392=CARTESIAN_POINT('Ctrl Pts',(-1.45716771982052E-15,-3.80710302027583,
-8.3389111943084));
#7393=CARTESIAN_POINT('Ctrl Pts',(-1.01307850997046E-14,-4.88101588136873,
-7.76843493367184));
#7394=CARTESIAN_POINT('Ctrl Pts',(-1.01307850997046E-14,-6.69365705898614,
-6.28679897359862));
#7395=CARTESIAN_POINT('Ctrl Pts',(7.64650973338349E-14,-7.49226430474039,
-5.36085554143097));
#7396=CARTESIAN_POINT('Ctrl Pts',(7.64681366387992E-14,-8.70821189876566,
-3.08455096124717));
#7397=CARTESIAN_POINT('Ctrl Pts',(-1.76115352375727E-12,-9.03234439670993,
-1.89970749852112));
#7398=CARTESIAN_POINT('Ctrl Pts',(-1.76115034194738E-12,-9.25874904579226,
0.443138337326769));
#7399=CARTESIAN_POINT('Ctrl Pts',(-7.1636290649435E-11,-9.13481197926287,
1.66477367015891));
#7400=CARTESIAN_POINT('Ctrl Pts',(-7.1636290649435E-11,-8.42802541306949,
3.98638826427597));
#7401=CARTESIAN_POINT('Ctrl Pts',(-1.46665524347786E-17,-7.8565802946497,
5.06049200357892));
#7402=CARTESIAN_POINT('Ctrl Pts',(-2.09268235986474E-17,-6.08524220037769,
7.25975902715518));
#7403=CARTESIAN_POINT('Ctrl Pts',(8.78267812509442E-17,-4.98857902054556,
7.97126123016373));
#7404=CARTESIAN_POINT('Ctrl Pts',(8.64184871010611E-17,-4.21375368193135,
8.45353032707154));
#7405=CARTESIAN_POINT('Ctrl Pts',(3.45144257042375E-17,-4.08028919129192,
8.53417801700543));
#7406=CARTESIAN_POINT('Ctrl Pts',(3.47344071563934E-17,-4.00188976624806,
8.5938793121501));
#7407=CARTESIAN_POINT('Ctrl Pts',(-5.20417042793042E-17,-3.99018514981452,
8.60382026566914));
#7408=CARTESIAN_POINT('Ctrl Pts',(-5.20417042793042E-17,-3.98067586521185,
8.61467314870039));
#7409=CARTESIAN_POINT('Ctrl Pts',(6.93837979386721E-17,-3.97843053048434,
8.61761360830764));
#7410=CARTESIAN_POINT('Ctrl Pts',(6.93911355725788E-17,-3.97643252152845,
8.62160135320724));
#7411=CARTESIAN_POINT('Ctrl Pts',(-3.46930127868718E-17,-3.97590948491413,
8.62292737045565));
#7412=CARTESIAN_POINT('Ctrl Pts',(-3.4695330997508E-17,-3.9755567854438,
8.6250270585987));
#7413=CARTESIAN_POINT('Ctrl Pts',(-6.93891910688133E-17,-3.97552743538458,
8.62582553094058));
#7414=CARTESIAN_POINT('Ctrl Pts',(-6.93887197276811E-17,-3.97578155753853,
8.62728376422463));
#7415=CARTESIAN_POINT('Ctrl Pts',(-6.85859782748548E-17,-3.97601938702107,
8.6279166818084));
#7416=CARTESIAN_POINT('Ctrl Pts',(-6.85859782748548E-17,-3.97681560357816,
8.62918162079102));
#7417=CARTESIAN_POINT('Ctrl Pts',(-8.4046844191308E-18,-3.97738987772744,
8.62974488947415));
#7418=CARTESIAN_POINT('Ctrl Pts',(-8.4046844191308E-18,-3.9791052554259,
8.63096961749157));
#7419=CARTESIAN_POINT('Ctrl Pts',(3.84103262756041E-12,-3.98039006914985,
8.63148572157555));
#7420=CARTESIAN_POINT('Ctrl Pts',(3.84103262756041E-12,-3.98421770504231,
8.63259235542075));
#7421=CARTESIAN_POINT('Ctrl Pts',(-2.53432257818487E-17,-3.98732775304516,
8.63287554907726));
#7422=CARTESIAN_POINT('Ctrl Pts',(-2.53432257818487E-17,-4.00000550380228,
8.63311209785626));
#7423=CARTESIAN_POINT('Ctrl Pts',(4.96982631859146E-17,-4.0127853206252,
8.63108581913416));
#7424=CARTESIAN_POINT('Ctrl Pts',(4.95439206293702E-17,-4.07319234894255,
8.61905438448142));
#7425=CARTESIAN_POINT('Ctrl Pts',(2.43945488809238E-17,-4.15837824424924,
8.59160701989828));
#7426=CARTESIAN_POINT('Ctrl Pts',(2.43945488809238E-17,-4.60369388179976,
8.41892492652041));
#7427=CARTESIAN_POINT('Ctrl Pts',(3.81703349483509E-12,-5.70219581570804,
7.93849740476642));
#7428=CARTESIAN_POINT('Ctrl Pts',(3.81703349483509E-12,-7.73615188826751,
6.00230372394894));
#7429=CARTESIAN_POINT('Ctrl Pts',(8.67739801059474E-11,-8.44506597177709,
5.00028592199315));
#7430=CARTESIAN_POINT('Ctrl Pts',(8.67739841785096E-11,-9.4721884406181,
2.74593162941173));
#7431=CARTESIAN_POINT('Ctrl Pts',(-3.06868945360132E-12,-9.76559412719067,
1.49904559130877));
#7432=CARTESIAN_POINT('Ctrl Pts',(-3.06869283709696E-12,-9.85683630358137,
-1.05611076995566));
#7433=CARTESIAN_POINT('Ctrl Pts',(-1.22428824128545E-13,-9.64655940863873,
-2.33971398040439));
#7434=CARTESIAN_POINT('Ctrl Pts',(-1.2243166020043E-13,-8.76848017579024,
-4.68489984673707));
#7435=CARTESIAN_POINT('Ctrl Pts',(9.26342336171615E-15,-8.10201223147786,
-5.81430374178577));
#7436=CARTESIAN_POINT('Ctrl Pts',(9.26342336171615E-15,-6.26598566203819,
-7.77181299286566));
#7437=CARTESIAN_POINT('Ctrl Pts',(-3.83612049123353E-15,-5.19443249734694,
-8.53453896761813));
#7438=CARTESIAN_POINT('Ctrl Pts',(-3.83148512649664E-15,-2.88317812569553,
-9.5725679760139));
#7439=CARTESIAN_POINT('Ctrl Pts',(-3.46944695195361E-16,-1.60026956840872,
-9.89603424925005));
#7440=CARTESIAN_POINT('Ctrl Pts',(-3.46944695195361E-16,1.09961813670452,
-9.96727093474929));
#7441=CARTESIAN_POINT('Ctrl Pts',(1.73472347597681E-17,2.4069775574056,
-9.74011244906779));
#7442=CARTESIAN_POINT('Ctrl Pts',(1.73472347597681E-17,4.85756103292796,
-8.79132401973343));
#7443=CARTESIAN_POINT('Ctrl Pts',(-1.96406590572929E-18,5.97566749978648,
-8.07902390754474));
#7444=CARTESIAN_POINT('Ctrl Pts',(1.86477404977581E-18,7.82495164818553,
-6.30283100895826));
#7445=CARTESIAN_POINT('Ctrl Pts',(-1.56125112837913E-15,8.6168883743714,
-5.21754188568655));
#7446=CARTESIAN_POINT('Ctrl Pts',(-1.56125112837913E-15,9.70349689769876,
-2.6913742642059));
#7447=CARTESIAN_POINT('Ctrl Pts',(6.60995660486182E-16,9.97721427195368,
-1.37587219975478));
#7448=CARTESIAN_POINT('Ctrl Pts',(6.57399385685472E-16,9.99468282917395,
1.282745416286));
#7449=CARTESIAN_POINT('Ctrl Pts',(4.16333634234434E-16,9.73825528437227,
2.59770336906056));
#7450=CARTESIAN_POINT('Ctrl Pts',(4.16333634234434E-16,8.76849093350837,
4.94560014238711));
#7451=CARTESIAN_POINT('Ctrl Pts',(-2.06383986056954E-16,8.05873876085677,
6.08385837253028));
#7452=CARTESIAN_POINT('Ctrl Pts',(-2.09826229526789E-16,6.10077145803634,
8.03158506362331));
#7453=CARTESIAN_POINT('Ctrl Pts',(-1.37181826050284E-16,4.98290276812746,
8.76914974677683));
#7454=CARTESIAN_POINT('Ctrl Pts',(-1.40447402681859E-16,2.46544555627888,
9.79025236943213));
#7455=CARTESIAN_POINT('Ctrl Pts',(6.42985424377096E-18,1.17912952838638,
9.99999999999862));
#7456=CARTESIAN_POINT('Ctrl Pts',(6.42985424377096E-18,1.1740608485411E-13,
9.99999999999866));
#7457=CARTESIAN_POINT('Ctrl Pts',(0.02835265604422,-1.419112712443,8.887711735677));
#7458=CARTESIAN_POINT('Ctrl Pts',(0.03869561237309,-0.05588011344338,9.108773834301));
#7459=CARTESIAN_POINT('Ctrl Pts',(0.05637863660091,2.300736346587,8.926546011455));
#7460=CARTESIAN_POINT('Ctrl Pts',(0.08138405255828,5.183891888492,7.530766063616));
#7461=CARTESIAN_POINT('Ctrl Pts',(0.1039737302735,7.237471905911,5.594401870629));
#7462=CARTESIAN_POINT('Ctrl Pts',(0.1265653037363,8.569858019447,3.178648930791));
#7463=CARTESIAN_POINT('Ctrl Pts',(0.1497647223082,9.122322460758,0.4724243229216));
#7464=CARTESIAN_POINT('Ctrl Pts',(0.1729669279826,8.865112844174,-2.220525235083));
#7465=CARTESIAN_POINT('Ctrl Pts',(0.1974383885241,7.787420750947,-4.793748372033));
#7466=CARTESIAN_POINT('Ctrl Pts',(0.2213029113883,6.062253274691,-6.824542394952));
#7467=CARTESIAN_POINT('Ctrl Pts',(0.2451631403197,3.883378256673,-8.244855701492));
#7468=CARTESIAN_POINT('Ctrl Pts',(0.2683654063443,1.513461463901,-8.991706635599));
#7469=CARTESIAN_POINT('Ctrl Pts',(0.2928367204631,-1.056501771167,-9.062265014232));
#7470=CARTESIAN_POINT('Ctrl Pts',(0.317311569945,-3.49959269054,-8.420611840931));
#7471=CARTESIAN_POINT('Ctrl Pts',(0.3424443266824,-5.68613978158,-7.123899701012));
#7472=CARTESIAN_POINT('Ctrl Pts',(0.3675794085323,-7.411617781635,-5.313976297325));
#7473=CARTESIAN_POINT('Ctrl Pts',(0.3940907783998,-8.611905041488,-3.018560063156));
#7474=CARTESIAN_POINT('Ctrl Pts',(0.4193330422547,-9.082432929006,-0.639260141818));
#7475=CARTESIAN_POINT('Ctrl Pts',(0.4439094746342,-8.931039810666,1.669534810948));
#7476=CARTESIAN_POINT('Ctrl Pts',(0.4671118306,-8.290641494128,3.727388959611));
#7477=CARTESIAN_POINT('Ctrl Pts',(0.4915839096724,-7.131648913954,5.644149600681));
#7478=CARTESIAN_POINT('Ctrl Pts',(0.5160574832934,-5.558212957926,7.195227240669));
#7479=CARTESIAN_POINT('Ctrl Pts',(0.5411910528815,-3.634991952818,8.331191316548));
#7480=CARTESIAN_POINT('Ctrl Pts',(0.5663263307382,-1.523341890676,8.965593401995));
#7481=CARTESIAN_POINT('Ctrl Pts',(0.5928370057304,0.7668694547554,9.066952307074));
#7482=CARTESIAN_POINT('Ctrl Pts',(0.6186898874713,2.924203476125,8.606383518738));
#7483=CARTESIAN_POINT('Ctrl Pts',(0.644538820952,4.87741045734,7.659256072579));
#7484=CARTESIAN_POINT('Ctrl Pts',(0.6696743529699,6.499416221997,6.347267006237));
#7485=CARTESIAN_POINT('Ctrl Pts',(0.6961857387167,7.824266503319,4.626026577036));
#7486=CARTESIAN_POINT('Ctrl Pts',(0.7226986705453,8.688603193397,2.661644099287));
#7487=CARTESIAN_POINT('Ctrl Pts',(0.7499267727632,9.070104533889,0.5220148176344));
#7488=CARTESIAN_POINT('Ctrl Pts',(0.7771561659664,8.943595115937,-1.62291224482));
#7489=CARTESIAN_POINT('Ctrl Pts',(0.8058784712475,8.281077940565,-3.760113971895));
#7490=CARTESIAN_POINT('Ctrl Pts',(0.8405449596642,6.888143817658,-6.037068528724));
#7491=CARTESIAN_POINT('Ctrl Pts',(0.8824406544741,4.437565617788,-8.102572664528));
#7492=CARTESIAN_POINT('Ctrl Pts',(0.9307726522933,0.9725984331877,-9.195900870556));
#7493=CARTESIAN_POINT('Ctrl Pts',(0.9724485465227,-2.08125153727,-8.900867195304));
#7494=CARTESIAN_POINT('Ctrl Pts',(1.006892409333,-4.355285130347,-7.954419805919));
#7495=CARTESIAN_POINT('Ctrl Pts',(1.041340164897,-6.362515859641,-6.565964206857));
#7496=CARTESIAN_POINT('Ctrl Pts',(1.085108439765,-8.266038371422,-4.126827596907));
#7497=CARTESIAN_POINT('Ctrl Pts',(1.137468703976,-9.228165907649,-0.6143781053739));
#7498=CARTESIAN_POINT('Ctrl Pts',(1.182618207881,-8.811494363452,2.436145662488));
#7499=CARTESIAN_POINT('Ctrl Pts',(1.21993136148,-7.769015535503,4.679189244423));
#7500=CARTESIAN_POINT('Ctrl Pts',(1.255873292828,-6.345721308455,6.563914588279));
#7501=CARTESIAN_POINT('Ctrl Pts',(1.300416244946,-3.99666491723,8.293657685833));
#7502=CARTESIAN_POINT('Ctrl Pts',(1.352780301999,-0.7359373043339,9.186104849288));
#7503=CARTESIAN_POINT('Ctrl Pts',(1.408011163304,2.74900784023,8.807651943203));
#7504=CARTESIAN_POINT('Ctrl Pts',(1.463249857903,5.792451303756,7.171742814765));
#7505=CARTESIAN_POINT('Ctrl Pts',(1.519971674762,8.032763993634,4.509851474343));
#7506=CARTESIAN_POINT('Ctrl Pts',(1.576699529707,9.13596506351,1.259508883037));
#7507=CARTESIAN_POINT('Ctrl Pts',(1.62561039729,8.978158031128,-1.646548793118));
#7508=CARTESIAN_POINT('Ctrl Pts',(1.666032954357,8.199653259843,-3.859776542554));
#7509=CARTESIAN_POINT('Ctrl Pts',(1.702322100316,7.12588490067,-5.653339316337));
#7510=CARTESIAN_POINT('Ctrl Pts',(1.745053665632,5.388351268461,-7.378599344223));
#7511=CARTESIAN_POINT('Ctrl Pts',(1.793389303429,2.961488830146,-8.651060625987));
#7512=CARTESIAN_POINT('Ctrl Pts',(1.844373631124,0.151556820371,-9.151259716898));
#7513=CARTESIAN_POINT('Ctrl Pts',(1.89536063285,-2.643861612374,-8.758140635063));
#7514=CARTESIAN_POINT('Ctrl Pts',(1.947721093457,-5.215100354895,-7.51237728163));
#7515=CARTESIAN_POINT('Ctrl Pts',(2.000086648718,-7.265998626299,-5.566176130688));
#7516=CARTESIAN_POINT('Ctrl Pts',(2.055317808993,-8.665595392677,-2.975246154361));
#7517=CARTESIAN_POINT('Ctrl Pts',(2.109178550551,-9.144925924495,-0.1755046507354));
#7518=CARTESIAN_POINT('Ctrl Pts',(2.163029265057,-8.755995113766,2.592455799522));
#7519=CARTESIAN_POINT('Ctrl Pts',(2.215395681545,-7.626614972874,5.035752806215));
#7520=CARTESIAN_POINT('Ctrl Pts',(2.270626132508,-5.745644829873,7.118142215811));
#7521=CARTESIAN_POINT('Ctrl Pts',(2.325864654678,-3.341995354935,8.511506239816));
#7522=CARTESIAN_POINT('Ctrl Pts',(2.382586567946,-0.594371538356,9.12170598252));
#7523=CARTESIAN_POINT('Ctrl Pts',(2.439316942363,2.183252813304,8.884635964022));
#7524=CARTESIAN_POINT('Ctrl Pts',(2.499148873561,4.862950250457,7.760364677403));
#7525=CARTESIAN_POINT('Ctrl Pts',(2.556121641158,6.924270533834,5.956318684699));
#7526=CARTESIAN_POINT('Ctrl Pts',(2.611589033946,8.312021817565,3.728809330047));
#7527=CARTESIAN_POINT('Ctrl Pts',(2.66395511745,9.012540221609,1.373971114526));
#7528=CARTESIAN_POINT('Ctrl Pts',(2.719186489172,9.046074186386,-1.191179608909));
#7529=CARTESIAN_POINT('Ctrl Pts',(2.774424242111,8.363345288586,-3.640990486419));
#7530=CARTESIAN_POINT('Ctrl Pts',(2.831146326956,7.006701184497,-5.836743190219));
#7531=CARTESIAN_POINT('Ctrl Pts',(2.887876391994,5.113515249002,-7.559203269553));
#7532=CARTESIAN_POINT('Ctrl Pts',(2.947709557012,2.708563588934,-8.723610585203));
#7533=CARTESIAN_POINT('Ctrl Pts',(3.006058156658,0.1566602067249,-9.12083800466));
#7534=CARTESIAN_POINT('Ctrl Pts',(3.064397687877,-2.371172194635,-8.796224691249));
#7535=CARTESIAN_POINT('Ctrl Pts',(3.12112801162,-4.639449516004,-7.848097484687));
#7536=CARTESIAN_POINT('Ctrl Pts',(3.180961300457,-6.648832323256,-6.248914178016));
#7537=CARTESIAN_POINT('Ctrl Pts',(3.240801873914,-8.114927883707,-4.166256603263));
#7538=CARTESIAN_POINT('Ctrl Pts',(3.302251786163,-8.955938167549,-1.720887815618));
#7539=CARTESIAN_POINT('Ctrl Pts',(3.36370942835,-9.088077989012,0.8409924197468));
#7540=CARTESIAN_POINT('Ctrl Pts',(3.428526836598,-8.460523772533,3.445465767146));
#7541=CARTESIAN_POINT('Ctrl Pts',(3.487598369693,-7.228807416496,5.529445204085));
#7542=CARTESIAN_POINT('Ctrl Pts',(3.542166209173,-5.665868355334,7.08170018519));
#7543=CARTESIAN_POINT('Ctrl Pts',(3.59050504251,-4.033303991596,8.12815093506));
#7544=CARTESIAN_POINT('Ctrl Pts',(3.641487169409,-2.126848750009,8.826269299054));
#7545=CARTESIAN_POINT('Ctrl Pts',(3.692475410339,-0.1253100741788,9.076819576417));
#7546=CARTESIAN_POINT('Ctrl Pts',(3.744835367181,1.918321447088,8.871596706403));
#7547=CARTESIAN_POINT('Ctrl Pts',(3.797201377143,3.853583988325,8.223356332399));
#7548=CARTESIAN_POINT('Ctrl Pts',(3.85243213297,5.670896160398,7.100449423766));
#7549=CARTESIAN_POINT('Ctrl Pts',(3.906291152314,7.124814253162,5.628282901765));
#7550=CARTESIAN_POINT('Ctrl Pts',(3.960144489772,8.199145298533,3.883247382928));
#7551=CARTESIAN_POINT('Ctrl Pts',(4.012509202288,8.850807941587,2.013258580592));
#7552=CARTESIAN_POINT('Ctrl Pts',(4.067741637596,9.082088936011,-0.04732413313128));
#7553=CARTESIAN_POINT('Ctrl Pts',(4.122977753485,8.836486458394,-2.092809894656));
#7554=CARTESIAN_POINT('Ctrl Pts',(4.179701462132,8.119473179259,-4.064190812882));
#7555=CARTESIAN_POINT('Ctrl Pts',(4.236430636853,6.982886983758,-5.811639605086));
#7556=CARTESIAN_POINT('Ctrl Pts',(4.296264685674,5.399811918244,-7.313296520393));
#7557=CARTESIAN_POINT('Ctrl Pts',(4.35323427113,3.604703830249,-8.331114650826));
#7558=CARTESIAN_POINT('Ctrl Pts',(4.408703559946,1.700006964053,-8.903552874961));
#7559=CARTESIAN_POINT('Ctrl Pts',(4.461069156775,-0.1596459806726,-9.067210614844));
#7560=CARTESIAN_POINT('Ctrl Pts',(4.516301149241,-2.100617413,-8.82690804141));
#7561=CARTESIAN_POINT('Ctrl Pts',(4.571536942506,-3.932457087028,-8.175794576192));
#7562=CARTESIAN_POINT('Ctrl Pts',(4.628261394139,-5.612719180247,-7.126627342563));
#7563=CARTESIAN_POINT('Ctrl Pts',(4.684990157861,-7.021689548434,-5.750753427696));
#7564=CARTESIAN_POINT('Ctrl Pts',(4.744824660466,-8.143261403496,-4.019822732895));
#7565=CARTESIAN_POINT('Ctrl Pts',(4.803171337066,-8.818891530074,-2.138826659984));
#7566=CARTESIAN_POINT('Ctrl Pts',(4.861512313492,-9.066008272446,-0.1734935624137));
#7567=CARTESIAN_POINT('Ctrl Pts',(4.918240989406,-8.904686714653,1.734726118262));
#7568=CARTESIAN_POINT('Ctrl Pts',(4.978075353647,-8.310555684652,3.65089651664));
#7569=CARTESIAN_POINT('Ctrl Pts',(5.037914788405,-7.311801797176,5.376960885228));
#7570=CARTESIAN_POINT('Ctrl Pts',(5.099366169494,-5.93181795695,6.868045765513));
#7571=CARTESIAN_POINT('Ctrl Pts',(5.160821100025,-4.268643987562,8.013981389843));
#7572=CARTESIAN_POINT('Ctrl Pts',(5.225646247088,-2.300584444753,8.789285149086));
#7573=CARTESIAN_POINT('Ctrl Pts',(5.303885954298,0.211952827318,9.142461825384));
#7574=CARTESIAN_POINT('Ctrl Pts',(5.398440891648,3.235091720742,8.634008518587));
#7575=CARTESIAN_POINT('Ctrl Pts',(5.507524033149,6.229758110348,6.813765200441));
#7576=CARTESIAN_POINT('Ctrl Pts',(5.601583818876,7.999190958066,4.411039951196));
#7577=CARTESIAN_POINT('Ctrl Pts',(5.679322988695,8.809872789676,2.140342137749));
#7578=CARTESIAN_POINT('Ctrl Pts',(5.757068600657,9.135502284476,-0.2356046760715));
#7579=CARTESIAN_POINT('Ctrl Pts',(5.855853086079,8.643346085018,-3.251726161416));
#7580=CARTESIAN_POINT('Ctrl Pts',(5.974024537776,6.739041392811,-6.332869797209));
#7581=CARTESIAN_POINT('Ctrl Pts',(6.075925762853,4.220348048514,-8.111162644369));
#7582=CARTESIAN_POINT('Ctrl Pts',(6.160139644608,1.853369480156,-8.878950701402));
#7583=CARTESIAN_POINT('Ctrl Pts',(6.241258466638,-0.5182302495804,-9.11779519092));
#7584=CARTESIAN_POINT('Ctrl Pts',(6.341790690715,-3.421460960205,-8.554118702353));
#7585=CARTESIAN_POINT('Ctrl Pts',(6.459964278193,-6.331616961787,-6.709056783603));
#7586=CARTESIAN_POINT('Ctrl Pts',(6.561862676316,-8.042000437421,-4.323752027654));
#7587=CARTESIAN_POINT('Ctrl Pts',(6.646080174321,-8.821740196939,-2.08227945088));
#7588=CARTESIAN_POINT('Ctrl Pts',(6.730305428745,-9.130703397156,0.2582909368289));
#7589=CARTESIAN_POINT('Ctrl Pts',(6.837320379244,-8.645128416422,3.226901991333));
#7590=CARTESIAN_POINT('Ctrl Pts',(6.965339923479,-6.786998791676,6.270729337578));
#7591=CARTESIAN_POINT('Ctrl Pts',(7.075733976989,-4.326626081962,8.050299522713));
#7592=CARTESIAN_POINT('Ctrl Pts',(7.166962782991,-2.006367647508,8.843670618614));
#7593=CARTESIAN_POINT('Ctrl Pts',(7.246217945032,0.09717357041379,9.095335924526));
#7594=CARTESIAN_POINT('Ctrl Pts',(7.337137760554,2.497944266647,8.780291617326));
#7595=CARTESIAN_POINT('Ctrl Pts',(7.437839276135,4.928312339431,7.693360256552));
#7596=CARTESIAN_POINT('Ctrl Pts',(7.544052759335,7.021453943563,5.860147723012));
#7597=CARTESIAN_POINT('Ctrl Pts',(7.65027960655,8.448040674688,3.495771463972));
#7598=CARTESIAN_POINT('Ctrl Pts',(7.75936065849,9.107753203248,0.7705846732553));
#7599=CARTESIAN_POINT('Ctrl Pts',(7.868457862859,8.926023422268,-2.00657665454));
#7600=CARTESIAN_POINT('Ctrl Pts',(7.983519343605,7.855023893598,-4.709344810296));
#7601=CARTESIAN_POINT('Ctrl Pts',(8.095730878804,6.044478119833,-6.861598338663));
#7602=CARTESIAN_POINT('Ctrl Pts',(8.207918559943,3.700263245112,-8.346739095817));
#7603=CARTESIAN_POINT('Ctrl Pts',(8.317017047888,1.120763900658,-9.069181371561));
#7604=CARTESIAN_POINT('Ctrl Pts',(8.432079132595,-1.677292282021,-8.992198181065));
#7605=CARTESIAN_POINT('Ctrl Pts',(8.547158476851,-4.297947246391,-8.071382873186));
#7606=CARTESIAN_POINT('Ctrl Pts',(8.665330129489,-6.551411769224,-6.375932120938));
#7607=CARTESIAN_POINT('Ctrl Pts',(8.783518603654,-8.180397391326,-4.100093838142));
#7608=CARTESIAN_POINT('Ctrl Pts',(8.908167875362,-9.065497305666,-1.314163503516));
#7609=CARTESIAN_POINT('Ctrl Pts',(9.026861506092,-9.020728501616,1.446215379747));
#7610=CARTESIAN_POINT('Ctrl Pts',(9.142415912186,-8.203861932304,3.966079647579));
#7611=CARTESIAN_POINT('Ctrl Pts',(9.251514273937,-6.83433181825,6.037665452371));
#7612=CARTESIAN_POINT('Ctrl Pts',(9.366577302836,-4.861030108354,7.72511111715));
#7613=CARTESIAN_POINT('Ctrl Pts',(9.481655729063,-2.506648972452,8.773845717633));
#7614=CARTESIAN_POINT('Ctrl Pts',(9.599827824555,0.08883639458973,9.122406573659));
#7615=CARTESIAN_POINT('Ctrl Pts',(9.718015141562,2.659520322991,8.734425512211));
#7616=CARTESIAN_POINT('Ctrl Pts',(9.842666339604,5.115634222173,7.573071425777));
#7617=CARTESIAN_POINT('Ctrl Pts',(9.964227227102,7.051180292836,5.794395657575));
#7618=CARTESIAN_POINT('Ctrl Pts',(10.08576536299,8.386681101293,3.568498200673));
#7619=CARTESIAN_POINT('Ctrl Pts',(10.20395365237,9.048400551302,1.151499815648));
#7620=CARTESIAN_POINT('Ctrl Pts',(10.32860594245,9.010703293609,-1.467594430564));
#7621=CARTESIAN_POINT('Ctrl Pts',(10.45327355349,8.229410842983,-3.946886149483));
#7622=CARTESIAN_POINT('Ctrl Pts',(10.58129347127,6.753410267331,-6.136229384246));
#7623=CARTESIAN_POINT('Ctrl Pts',(10.70933008265,4.735751585988,-7.808472514913));
#7624=CARTESIAN_POINT('Ctrl Pts',(10.84436768849,2.211984099256,-8.869386367396));
#7625=CARTESIAN_POINT('Ctrl Pts',(10.97008060658,-0.3046213408207,-9.107083719024));
#7626=CARTESIAN_POINT('Ctrl Pts',(11.08928443978,-2.630805447565,-8.695312306557));
#7627=CARTESIAN_POINT('Ctrl Pts',(11.19838275375,-4.600866975107,-7.839650166757));
#7628=CARTESIAN_POINT('Ctrl Pts',(11.31344623163,-6.387418401064,-6.476120220099));
#7629=CARTESIAN_POINT('Ctrl Pts',(11.42852271598,-7.770896948288,-4.724705224454));
#7630=CARTESIAN_POINT('Ctrl Pts',(11.54669703276,-8.697758822479,-2.651973427583));
#7631=CARTESIAN_POINT('Ctrl Pts',(11.66488250384,-9.088645570272,-0.4312009927249));
#7632=CARTESIAN_POINT('Ctrl Pts',(11.78953553074,-8.900885866174,1.919618434215));
#7633=CARTESIAN_POINT('Ctrl Pts',(11.91109336389,-8.135019752169,4.069907370947));
#7634=CARTESIAN_POINT('Ctrl Pts',(12.03263404258,-6.874536464725,5.942794679904));
#7635=CARTESIAN_POINT('Ctrl Pts',(12.15082024231,-5.264978077179,7.413191875605));
#7636=CARTESIAN_POINT('Ctrl Pts',(12.27547374877,-3.25789076139,8.495589466809));
#7637=CARTESIAN_POINT('Ctrl Pts',(12.40013982521,-1.059407785249,9.035180495626));
#7638=CARTESIAN_POINT('Ctrl Pts',(12.52816126748,1.242306936696,9.010316784439));
#7639=CARTESIAN_POINT('Ctrl Pts',(12.65619609574,3.450442311446,8.422014499649));
#7640=CARTESIAN_POINT('Ctrl Pts',(12.7912358634,5.526404335806,7.240010769347));
#7641=CARTESIAN_POINT('Ctrl Pts',(12.91981496153,7.125329581522,5.647556992108));
#7642=CARTESIAN_POINT('Ctrl Pts',(13.04500363266,8.247380205456,3.789284299008));
#7643=CARTESIAN_POINT('Ctrl Pts',(13.16319038014,8.889007108415,1.857676880845));
#7644=CARTESIAN_POINT('Ctrl Pts',(13.28784413316,9.082712216904,-0.2629821829313));
#7645=CARTESIAN_POINT('Ctrl Pts',(13.41250896289,8.774610268695,-2.354536757844));
#7646=CARTESIAN_POINT('Ctrl Pts',(13.54053148084,7.974111933795,-4.350586679992));
#7647=CARTESIAN_POINT('Ctrl Pts',(13.66856482598,6.742571110516,-6.094718270567));
#7648=CARTESIAN_POINT('Ctrl Pts',(13.80360632868,5.057335178185,-7.559038707117));
#7649=CARTESIAN_POINT('Ctrl Pts',(13.93529259838,3.128318572309,-8.531006763286));
#7650=CARTESIAN_POINT('Ctrl Pts',(14.06696273845,1.048062611049,-9.017552509335));
#7651=CARTESIAN_POINT('Ctrl Pts',(14.19499665835,-1.014235919919,-9.02629715049));
#7652=CARTESIAN_POINT('Ctrl Pts',(14.33003856957,-3.114885913121,-8.538196475617));
#7653=CARTESIAN_POINT('Ctrl Pts',(14.46509235356,-5.024192268954,-7.571731839741));
#7654=CARTESIAN_POINT('Ctrl Pts',(14.60378252469,-6.679087480749,-6.159370068499));
#7655=CARTESIAN_POINT('Ctrl Pts',(14.74248700949,-7.947968714425,-4.412694424123));
#7656=CARTESIAN_POINT('Ctrl Pts',(14.92012772623,-8.977035964753,-1.873771206938));
#7657=CARTESIAN_POINT('Ctrl Pts',(15.05038049826,-9.088162344527,0.135940437252));
#7658=CARTESIAN_POINT('Ctrl Pts',(15.13303460599,-8.896278737835,1.360650896199));
#7659=CARTESIAN_POINT('Ctrl Pts',(0.01533971952982,-1.418851639605,8.886643936015));
#7660=CARTESIAN_POINT('Ctrl Pts',(0.02568268731659,-0.05577958297643,9.107714719234));
#7661=CARTESIAN_POINT('Ctrl Pts',(0.0433657231334,2.300559485855,8.925460506182));
#7662=CARTESIAN_POINT('Ctrl Pts',(0.0683711625731,5.183361406044,7.529820008929));
#7663=CARTESIAN_POINT('Ctrl Pts',(0.09096085646161,7.236678779221,5.593658910335));
#7664=CARTESIAN_POINT('Ctrl Pts',(0.1135524518552,8.568881210795,3.17817451026));
#7665=CARTESIAN_POINT('Ctrl Pts',(0.1367518862103,9.121249280887,0.4722614397657));
#7666=CARTESIAN_POINT('Ctrl Pts',(0.1599541142762,8.864037814437,-2.220369277245));
#7667=CARTESIAN_POINT('Ctrl Pts',(0.1844255922053,7.786441191466,-4.793277058171));
#7668=CARTESIAN_POINT('Ctrl Pts',(0.208290139358,6.061450580117,-6.82381160665));
#7669=CARTESIAN_POINT('Ctrl Pts',(0.2321503843291,3.882813677646,-8.243930317833));
#7670=CARTESIAN_POINT('Ctrl Pts',(0.255352672241,1.513165160139,-8.990663088091));
#7671=CARTESIAN_POINT('Ctrl Pts',(0.2798240041183,-1.056497048682,-9.061179362117));
#7672=CARTESIAN_POINT('Ctrl Pts',(0.3042988780814,-3.499293026294,-8.419568624176));
#7673=CARTESIAN_POINT('Ctrl Pts',(0.3294316527679,-5.685565455219,-7.122978966789));
#7674=CARTESIAN_POINT('Ctrl Pts',(0.3545667576213,-7.410815911012,-5.313243880229));
#7675=CARTESIAN_POINT('Ctrl Pts',(0.3810781481076,-8.610929730645,-3.018080245972));
#7676=CARTESIAN_POINT('Ctrl Pts',(0.4063204371607,-9.081368214905,-0.6390523801681));
#7677=CARTESIAN_POINT('Ctrl Pts',(0.4308968856279,-8.929959004452,1.669468868195));
#7678=CARTESIAN_POINT('Ctrl Pts',(0.45409926423,-8.289605286906,3.727072296042));
#7679=CARTESIAN_POINT('Ctrl Pts',(0.478571362567,-7.130719870827,5.64359034809));
#7680=CARTESIAN_POINT('Ctrl Pts',(0.5030449586557,-5.557444764066,7.194461996677));
#7681=CARTESIAN_POINT('Ctrl Pts',(0.5281785481073,-3.634431984074,8.330262867921));
#7682=CARTESIAN_POINT('Ctrl Pts',(0.5533138495384,-1.523019570032,8.964557283325));
#7683=CARTESIAN_POINT('Ctrl Pts',(0.5798245441857,0.7669243262049,9.065867767202));
#7684=CARTESIAN_POINT('Ctrl Pts',(0.6056774523007,2.923998091562,8.605318018372));
#7685=CARTESIAN_POINT('Ctrl Pts',(0.6315264039764,4.876959970429,7.65826982618));
#7686=CARTESIAN_POINT('Ctrl Pts',(0.6566619603915,6.49875379287,6.34640764469));
#7687=CARTESIAN_POINT('Ctrl Pts',(0.6831733673283,7.823419524049,4.625347028725));
#7688=CARTESIAN_POINT('Ctrl Pts',(0.7096863233926,8.687621384518,2.66118023871));
#7689=CARTESIAN_POINT('Ctrl Pts',(0.7369144477191,9.069040950331,0.5217955847093));
#7690=CARTESIAN_POINT('Ctrl Pts',(0.7641438659582,8.942508920601,-1.622877695073));
#7691=CARTESIAN_POINT('Ctrl Pts',(0.7928661975374,8.280031545736,-3.759816973626));
#7692=CARTESIAN_POINT('Ctrl Pts',(0.8275327088671,6.887220435691,-6.036478897037));
#7693=CARTESIAN_POINT('Ctrl Pts',(0.8694284505014,4.436891503845,-8.101696593069));
#7694=CARTESIAN_POINT('Ctrl Pts',(0.9177604844146,0.9723108748875,-9.194832001113));
#7695=CARTESIAN_POINT('Ctrl Pts',(0.9594364273934,-2.081176138695,-8.899774721621));
#7696=CARTESIAN_POINT('Ctrl Pts',(0.9938803087345,-4.354923778163,-7.953394870176));
#7697=CARTESIAN_POINT('Ctrl Pts',(1.028328092056,-6.361891900617,-6.56506340098));
#7698=CARTESIAN_POINT('Ctrl Pts',(1.072096413622,-8.265143391601,-4.126174910202));
#7699=CARTESIAN_POINT('Ctrl Pts',(1.124456719,-9.227087420553,-0.6141184201518));
#7700=CARTESIAN_POINT('Ctrl Pts',(1.169606277489,-8.810401945023,2.436039970541));
#7701=CARTESIAN_POINT('Ctrl Pts',(1.206919449676,-7.767999209607,4.678797717557));
#7702=CARTESIAN_POINT('Ctrl Pts',(1.242861413394,-6.344832579348,6.563272207469));
#7703=CARTESIAN_POINT('Ctrl Pts',(1.287404410539,-3.996014685589,8.292762749064));
#7704=CARTESIAN_POINT('Ctrl Pts',(1.339768516582,-0.7356501303652,9.185034766879));
#7705=CARTESIAN_POINT('Ctrl Pts',(1.394999422547,2.748877617445,8.806549837436));
#7706=CARTESIAN_POINT('Ctrl Pts',(1.450238177499,5.791928187053,7.17076425955));
#7707=CARTESIAN_POINT('Ctrl Pts',(1.506960036069,8.031917212452,4.509134742539));
#7708=CARTESIAN_POINT('Ctrl Pts',(1.563687946755,9.134914327572,1.259147727121));
#7709=CARTESIAN_POINT('Ctrl Pts',(1.612598872149,8.97705738665,-1.646566270511));
#7710=CARTESIAN_POINT('Ctrl Pts',(1.653021450914,8.198591739974,-3.859514987074));
#7711=CARTESIAN_POINT('Ctrl Pts',(1.689310634598,7.124906409489,-5.652842001503));
#7712=CARTESIAN_POINT('Ctrl Pts',(1.73204223949,5.387534864796,-7.37785772572));
#7713=CARTESIAN_POINT('Ctrl Pts',(1.78037792354,2.960925872453,-8.650110495001));
#7714=CARTESIAN_POINT('Ctrl Pts',(1.831362297925,0.1513110558242,-9.150181409838));
#7715=CARTESIAN_POINT('Ctrl Pts',(1.882349351585,-2.643769961039,-8.757038308914));
#7716=CARTESIAN_POINT('Ctrl Pts',(1.934709856669,-5.214675331081,-7.511355919295));
#7717=CARTESIAN_POINT('Ctrl Pts',(1.987075466838,-7.265283372113,-5.565330106143));
#7718=CARTESIAN_POINT('Ctrl Pts',(2.042306674755,-8.664648566857,-2.974667763652));
#7719=CARTESIAN_POINT('Ctrl Pts',(2.09616747786,-9.143849217454,-0.1752413272567));
#7720=CARTESIAN_POINT('Ctrl Pts',(2.15001823366,-8.754890304758,2.59238365467));
#7721=CARTESIAN_POINT('Ctrl Pts',(2.202384707941,-7.625576596679,5.035364143101));
#7722=CARTESIAN_POINT('Ctrl Pts',(2.257615205765,-5.744770457997,7.11745792116));
#7723=CARTESIAN_POINT('Ctrl Pts',(2.312853791369,-3.341363880039,8.510592572794));
#7724=CARTESIAN_POINT('Ctrl Pts',(2.369575750756,-0.594045604769,9.12064401046));
#7725=CARTESIAN_POINT('Ctrl Pts',(2.426306188618,2.183246858985,8.883523419099));
#7726=CARTESIAN_POINT('Ctrl Pts',(2.486138169798,4.862597727417,7.759307670716));
#7727=CARTESIAN_POINT('Ctrl Pts',(2.543111007858,6.923624854957,5.955413123367));
#7728=CARTESIAN_POINT('Ctrl Pts',(2.598578444273,8.31114812099,3.728124833858));
#7729=CARTESIAN_POINT('Ctrl Pts',(2.650944586776,9.011515177467,1.373541680464));
#7730=CARTESIAN_POINT('Ctrl Pts',(2.706176009107,9.044968884191,-1.191309179993));
#7731=CARTESIAN_POINT('Ctrl Pts',(2.761413825907,8.362246224907,-3.640812810764));
#7732=CARTESIAN_POINT('Ctrl Pts',(2.818135959201,7.005694655263,-5.83626661756));
#7733=CARTESIAN_POINT('Ctrl Pts',(2.874866089095,5.11267752824,-7.558467051798));
#7734=CARTESIAN_POINT('Ctrl Pts',(2.934699308656,2.707971892732,-8.722663317558));
#7735=CARTESIAN_POINT('Ctrl Pts',(2.993047977949,0.1563546356325,-9.119764391004));
#7736=CARTESIAN_POINT('Ctrl Pts',(3.051387560698,-2.371170911788,-8.795109261096));
#7737=CARTESIAN_POINT('Ctrl Pts',(3.108117951098,-4.639152566231,-7.847020667481));
#7738=CARTESIAN_POINT('Ctrl Pts',(3.16795129575,-6.648248220904,-6.247960185941));
#7739=CARTESIAN_POINT('Ctrl Pts',(3.227791939904,-8.11410451033,-4.165498628661));
#7740=CARTESIAN_POINT('Ctrl Pts',(3.28924190908,-8.954935860475,-1.720389020775));
#7741=CARTESIAN_POINT('Ctrl Pts',(3.350699624002,-9.086975299481,0.8411958243616));
#7742=CARTESIAN_POINT('Ctrl Pts',(3.4155170904,-8.459407585888,3.445342656577));
#7743=CARTESIAN_POINT('Ctrl Pts',(3.474588703616,-7.227764641328,5.529036995683));
#7744=CARTESIAN_POINT('Ctrl Pts',(3.529156586818,-5.664956167102,7.081056371812));
#7745=CARTESIAN_POINT('Ctrl Pts',(3.577495480231,-4.032546834014,8.127328725985));
#7746=CARTESIAN_POINT('Ctrl Pts',(3.628477656415,-2.126290970538,8.825299290892));
#7747=CARTESIAN_POINT('Ctrl Pts',(3.679465959309,-0.1249777074039,9.075750532952));
#7748=CARTESIAN_POINT('Ctrl Pts',(3.731825967216,1.918407013109,8.870479980091));
#7749=CARTESIAN_POINT('Ctrl Pts',(3.784192040682,3.853420242846,8.222247019476));
#7750=CARTESIAN_POINT('Ctrl Pts',(3.83942285143,5.670479383457,7.099406985287));
#7751=CARTESIAN_POINT('Ctrl Pts',(3.893281936756,7.124174566449,5.627360464865));
#7752=CARTESIAN_POINT('Ctrl Pts',(3.947135329075,8.19831656786,3.882490586271));
#7753=CARTESIAN_POINT('Ctrl Pts',(3.999500103568,8.849834854852,2.012696871506));
#7754=CARTESIAN_POINT('Ctrl Pts',(4.054732598169,9.081013153469,-0.04765296680793));
#7755=CARTESIAN_POINT('Ctrl Pts',(4.109968780968,8.835363781779,-2.092890357768));
#7756=CARTESIAN_POINT('Ctrl Pts',(4.16669254804,8.118361110025,-4.064013562647));
#7757=CARTESIAN_POINT('Ctrl Pts',(4.223421792447,6.981842312808,-5.811215329756));
#7758=CARTESIAN_POINT('Ctrl Pts',(4.283255904718,5.398895945494,-7.312636502488));
#7759=CARTESIAN_POINT('Ctrl Pts',(4.340225563033,3.603958947661,-8.33026725544));
#7760=CARTESIAN_POINT('Ctrl Pts',(4.395694908254,1.699463350323,-8.902565302728));
#7761=CARTESIAN_POINT('Ctrl Pts',(4.448060571094,-0.1599784536322,-9.066132122937));
#7762=CARTESIAN_POINT('Ctrl Pts',(4.503292624275,-2.100713239541,-8.82578223017));
#7763=CARTESIAN_POINT('Ctrl Pts',(4.558528486165,-3.932313188295,-8.174673217294));
#7764=CARTESIAN_POINT('Ctrl Pts',(4.615253000139,-5.612337158594,-7.125562633879));
#7765=CARTESIAN_POINT('Ctrl Pts',(4.671981835192,-7.021088177905,-5.749793709837));
#7766=CARTESIAN_POINT('Ctrl Pts',(4.731816404714,-8.142459551855,-4.019020872259));
#7767=CARTESIAN_POINT('Ctrl Pts',(4.790163156559,-8.817934994374,-2.138217497017));
#7768=CARTESIAN_POINT('Ctrl Pts',(4.848504197176,-9.064943145081,-0.1731045467997));
#7769=CARTESIAN_POINT('Ctrl Pts',(4.905232945664,-8.903562626453,1.734885453645));
#7770=CARTESIAN_POINT('Ctrl Pts',(4.965067377825,-8.309422470032,3.65080712809));
#7771=CARTESIAN_POINT('Ctrl Pts',(5.024906891079,-7.310713945756,5.376628463271));
#7772=CARTESIAN_POINT('Ctrl Pts',(5.086358342177,-5.930829562734,6.867481312861));
#7773=CARTESIAN_POINT('Ctrl Pts',(5.14781335103,-4.267802030078,8.013213268988));
#7774=CARTESIAN_POINT('Ctrl Pts',(5.212638581528,-2.299939811922,8.788343243201));
#7775=CARTESIAN_POINT('Ctrl Pts',(5.290878369326,0.2123180410929,9.141371745506));
#7776=CARTESIAN_POINT('Ctrl Pts',(5.385433445406,3.235082343405,8.632848069687));
#7777=CARTESIAN_POINT('Ctrl Pts',(5.494516712555,6.229319299184,6.812687649178));
#7778=CARTESIAN_POINT('Ctrl Pts',(5.588576643299,7.998440110374,4.410164721545));
#7779=CARTESIAN_POINT('Ctrl Pts',(5.666315887959,8.808926042826,2.1396971952));
#7780=CARTESIAN_POINT('Ctrl Pts',(5.744061594157,9.134411560292,-0.235986158797));
#7781=CARTESIAN_POINT('Ctrl Pts',(5.842846229145,8.642176895749,-3.251733689804));
#7782=CARTESIAN_POINT('Ctrl Pts',(5.961017819708,6.737954555069,-6.33243014867));
#7783=CARTESIAN_POINT('Ctrl Pts',(6.062919212877,4.219472452556,-8.110399491275));
#7784=CARTESIAN_POINT('Ctrl Pts',(6.14713317322,1.852735745562,-8.877987136681));
#7785=CARTESIAN_POINT('Ctrl Pts',(6.228252106538,-0.5185981091786,-9.116692737415));
#7786=CARTESIAN_POINT('Ctrl Pts',(6.328784479176,-3.421463423374,-8.552944678569));
#7787=CARTESIAN_POINT('Ctrl Pts',(6.446958216605,-6.331191086505,-6.707959322353));
#7788=CARTESIAN_POINT('Ctrl Pts',(6.548856783262,-8.041259838232,-4.32284958783));
#7789=CARTESIAN_POINT('Ctrl Pts',(6.633074371963,-8.820798751146,-2.081601510075));
#7790=CARTESIAN_POINT('Ctrl Pts',(6.717299739937,-9.129611073683,0.2587105339458));
#7791=CARTESIAN_POINT('Ctrl Pts',(6.824314861496,-8.643945595161,3.226951550518));
#7792=CARTESIAN_POINT('Ctrl Pts',(6.95233457289,-6.785880576981,6.270330203013));
#7793=CARTESIAN_POINT('Ctrl Pts',(7.062728822891,-4.325703744177,8.049568377695));
#7794=CARTESIAN_POINT('Ctrl Pts',(7.153957720742,-2.005676674799,8.842727637095));
#7795=CARTESIAN_POINT('Ctrl Pts',(7.233213014505,0.09763240675268,9.09425539652));
#7796=CARTESIAN_POINT('Ctrl Pts',(7.324132959505,2.498106471707,8.779123244157));
#7797=CARTESIAN_POINT('Ctrl Pts',(7.424834632177,4.928134245632,7.692191409594));
#7798=CARTESIAN_POINT('Ctrl Pts',(7.531048266103,7.020934661758,5.859082362679));
#7799=CARTESIAN_POINT('Ctrl Pts',(7.637275290605,8.447229144745,3.494905444917));
#7800=CARTESIAN_POINT('Ctrl Pts',(7.746356493774,9.1067179715,0.7700014226897));
#7801=CARTESIAN_POINT('Ctrl Pts',(7.855453882691,8.92485856255,-2.006826598558));
#7802=CARTESIAN_POINT('Ctrl Pts',(7.970515527677,7.85383591321,-4.70922053989));
#7803=CARTESIAN_POINT('Ctrl Pts',(8.08272726382,6.043381647496,-6.861123418314));
#7804=CARTESIAN_POINT('Ctrl Pts',(8.194915100916,3.699357553514,-8.345959723437));
#7805=CARTESIAN_POINT('Ctrl Pts',(8.304013783768,1.120117663506,-9.068172583175));
#7806=CARTESIAN_POINT('Ctrl Pts',(8.419076040897,-1.677607708685,-8.991039192611));
#7807=CARTESIAN_POINT('Ctrl Pts',(8.534155592887,-4.297904916649,-8.070180543027));
#7808=CARTESIAN_POINT('Ctrl Pts',(8.652327426169,-6.551008327453,-6.374796909395));
#7809=CARTESIAN_POINT('Ctrl Pts',(8.770516115912,-8.179671329434,-4.099128067016));
#7810=CARTESIAN_POINT('Ctrl Pts',(8.89516558218,-9.064503530799,-1.313470282064));
#7811=CARTESIAN_POINT('Ctrl Pts',(9.013859446385,-9.019575234895,1.446585284545));
#7812=CARTESIAN_POINT('Ctrl Pts',(9.129414025589,-8.202652237774,3.966106341723));
#7813=CARTESIAN_POINT('Ctrl Pts',(9.238512598581,-6.833155588141,6.03736831587));
#7814=CARTESIAN_POINT('Ctrl Pts',(9.353575818828,-4.859980431484,7.72449657509));
#7815=CARTESIAN_POINT('Ctrl Pts',(9.468654468658,-2.505808094413,8.772963900825));
#7816=CARTESIAN_POINT('Ctrl Pts',(9.586826764031,0.08939670512898,9.121322402266));
#7817=CARTESIAN_POINT('Ctrl Pts',(9.705014312991,2.659757588091,8.733224830045));
#7818=CARTESIAN_POINT('Ctrl Pts',(9.829665729024,5.115511929293,7.57185013076));
#7819=CARTESIAN_POINT('Ctrl Pts',(9.951226867906,7.050719462199,5.793256842079));
#7820=CARTESIAN_POINT('Ctrl Pts',(10.07276521406,8.385920927277,3.567532245656));
#7821=CARTESIAN_POINT('Ctrl Pts',(10.19095374847,9.047406113826,1.15077127276));
#7822=CARTESIAN_POINT('Ctrl Pts',(10.31560626937,9.009541033958,-1.468015911708));
#7823=CARTESIAN_POINT('Ctrl Pts',(10.44027414315,8.228174735967,-3.94696814666));
#7824=CARTESIAN_POINT('Ctrl Pts',(10.56829430159,6.752199169751,-6.135957999525));
#7825=CARTESIAN_POINT('Ctrl Pts',(10.69633118848,4.734661511797,-7.807870877043));
#7826=CARTESIAN_POINT('Ctrl Pts',(10.83136905509,2.211114953868,-8.86848935242));
#7827=CARTESIAN_POINT('Ctrl Pts',(10.95708226365,-0.3052154454965,-9.105985845369));
#7828=CARTESIAN_POINT('Ctrl Pts',(11.07628631942,-2.631100404754,-8.694100697541));
#7829=CARTESIAN_POINT('Ctrl Pts',(11.18538488511,-4.600873892047,-7.838399831137));
#7830=CARTESIAN_POINT('Ctrl Pts',(11.30044859871,-6.387121707801,-6.474902145435));
#7831=CARTESIAN_POINT('Ctrl Pts',(11.41552534696,-7.770315472852,-4.723591653632));
#7832=CARTESIAN_POINT('Ctrl Pts',(11.53369991428,-8.696921207118,-2.651033891717));
#7833=CARTESIAN_POINT('Ctrl Pts',(11.65188566031,-9.087602214854,-0.4304903753688));
#7834=CARTESIAN_POINT('Ctrl Pts',(11.77653895894,-8.89969298261,1.920042781127));
#7835=CARTESIAN_POINT('Ctrl Pts',(11.89809708712,-8.133757413056,4.070026667825));
#7836=CARTESIAN_POINT('Ctrl Pts',(12.01963803209,-6.873281459764,5.942603378519));
#7837=CARTESIAN_POINT('Ctrl Pts',(12.1378245223,-5.263799413231,7.41271028895));
#7838=CARTESIAN_POINT('Ctrl Pts',(12.26247831571,-3.256863048415,8.494831336258));
#7839=CARTESIAN_POINT('Ctrl Pts',(12.38714470614,-1.058593212786,9.034193005036));
#7840=CARTESIAN_POINT('Ctrl Pts',(12.51516644921,1.242853112384,9.009155837402));
#7841=CARTESIAN_POINT('Ctrl Pts',(12.64320160729,3.45068792875,8.420750942686));
#7842=CARTESIAN_POINT('Ctrl Pts',(12.7782417019,5.526317655328,7.238722186619));
#7843=CARTESIAN_POINT('Ctrl Pts',(12.90682114783,7.124933165069,5.646326407168));
#7844=CARTESIAN_POINT('Ctrl Pts',(13.03201012303,8.246706559432,3.78817972781));
#7845=CARTESIAN_POINT('Ctrl Pts',(13.150197194,8.888105096002,1.856743889841));
#7846=CARTESIAN_POINT('Ctrl Pts',(13.27485126832,9.081616969307,-0.2636857578385));
#7847=CARTESIAN_POINT('Ctrl Pts',(13.39951644442,8.773380667082,-2.354974106971));
#7848=CARTESIAN_POINT('Ctrl Pts',(13.52753930154,7.972811271701,-4.350727983994));
#7849=CARTESIAN_POINT('Ctrl Pts',(13.65557301066,6.741268368874,-6.09455686206));
#7850=CARTESIAN_POINT('Ctrl Pts',(13.79061488307,5.056104899184,-7.558568005772));
#7851=CARTESIAN_POINT('Ctrl Pts',(13.92230154278,3.127228687344,-8.530262071881));
#7852=CARTESIAN_POINT('Ctrl Pts',(14.05397204911,1.047171406006,-9.016575384076));
#7853=CARTESIAN_POINT('Ctrl Pts',(14.18200635599,-1.014890571168,-9.025142830208));
#7854=CARTESIAN_POINT('Ctrl Pts',(14.31704866027,-3.115256537241,-8.536917359863));
#7855=CARTESIAN_POINT('Ctrl Pts',(14.4521028647,-5.024259376443,-7.570397858943));
#7856=CARTESIAN_POINT('Ctrl Pts',(14.59079344959,-6.678840230576,-6.158053535138));
#7857=CARTESIAN_POINT('Ctrl Pts',(14.72949838089,-7.94742118766,-4.411466244689));
#7858=CARTESIAN_POINT('Ctrl Pts',(14.90713963516,-8.976143444932,-1.872743311688));
#7859=CARTESIAN_POINT('Ctrl Pts',(15.03739291146,-9.087075571145,0.1367491673658));
#7860=CARTESIAN_POINT('Ctrl Pts',(15.12004709962,-8.895102181602,1.361298278923));
#7861=CARTESIAN_POINT('Ctrl Pts',(-0.1283100469123,-1.416895655508,8.880589452547));
#7862=CARTESIAN_POINT('Ctrl Pts',(-0.1179669393322,-0.05469995240247,9.101899221024));
#7863=CARTESIAN_POINT('Ctrl Pts',(-0.1002837730737,2.300090513595,8.919235317776));
#7864=CARTESIAN_POINT('Ctrl Pts',(-0.07527808420904,5.180849425394,7.524234566143));
#7865=CARTESIAN_POINT('Ctrl Pts',(-0.05268820073922,7.232592603498,5.589065189659));
#7866=CARTESIAN_POINT('Ctrl Pts',(-0.03009637867355,8.563626129363,3.174988650077));
#7867=CARTESIAN_POINT('Ctrl Pts',(-0.006896752767255,9.115287006464,0.4707668346097));
#7868=CARTESIAN_POINT('Ctrl Pts',(0.01630570698913,8.857889410677,-2.220079623073));
#7869=CARTESIAN_POINT('Ctrl Pts',(0.04077739319547,7.780650136203,-4.791167312408));
#7870=CARTESIAN_POINT('Ctrl Pts',(0.06464218270908,6.05650146252,-6.820145671516));
#7871=CARTESIAN_POINT('Ctrl Pts',(0.08850262898633,3.879085319716,-8.239034030012));
#7872=CARTESIAN_POINT('Ctrl Pts',(0.1117051424108,1.510871168331,-8.984943479137));
#7873=CARTESIAN_POINT('Ctrl Pts',(0.1361766883221,-1.057127794059,-9.055040464253));
#7874=CARTESIAN_POINT('Ctrl Pts',(0.160651809371,-3.498241417954,-8.413484841514));
#7875=CARTESIAN_POINT('Ctrl Pts',(0.185784800049,-5.682894033544,-7.117409952091));
#7876=CARTESIAN_POINT('Ctrl Pts',(0.2109201495949,-7.406744957811,-5.308586770323));
#7877=CARTESIAN_POINT('Ctrl Pts',(0.2374317781179,-8.605718816841,-3.014729815862));
#7878=CARTESIAN_POINT('Ctrl Pts',(0.2626743223131,-9.075473309677,-0.637172801383));
#7879=CARTESIAN_POINT('Ctrl Pts',(0.28725097662,-8.923789050006,1.669819331457));
#7880=CARTESIAN_POINT('Ctrl Pts',(0.310453587936,-8.283514535845,3.725980657913));
#7881=CARTESIAN_POINT('Ctrl Pts',(0.3349259080248,-7.125064288685,5.641058121922));
#7882=CARTESIAN_POINT('Ctrl Pts',(0.3593997438135,-5.552550254341,7.190655767916));
#7883=CARTESIAN_POINT('Ctrl Pts',(0.384533560911,-3.630594738484,8.325387979885));
#7884=CARTESIAN_POINT('Ctrl Pts',(0.4096691110488,-1.520444634685,8.958903010477));
#7885=CARTESIAN_POINT('Ctrl Pts',(0.4361800411726,0.7680259761442,9.059744189063));
#7886=CARTESIAN_POINT('Ctrl Pts',(0.4620332165974,2.92361625896,8.599107972604));
#7887=CARTESIAN_POINT('Ctrl Pts',(0.4878823912838,4.875134239404,7.652322859163));
#7888=CARTESIAN_POINT('Ctrl Pts',(0.5130182025175,6.495633622871,6.34101572406));
#7889=CARTESIAN_POINT('Ctrl Pts',(0.5395298535932,7.819117309079,4.620829016353));
#7890=CARTESIAN_POINT('Ctrl Pts',(0.5660430694141,8.682387769748,2.657776603865));
#7891=CARTESIAN_POINT('Ctrl Pts',(0.5932714460544,9.063151013507,0.5197114680541));
#7892=CARTESIAN_POINT('Ctrl Pts',(0.6205011338764,8.936287479133,-1.623543277442));
#7893=CARTESIAN_POINT('Ctrl Pts',(0.6492237477638,8.273822653664,-3.758963562056));
#7894=CARTESIAN_POINT('Ctrl Pts',(0.6838905556645,6.88146853484,-6.033866667076));
#7895=CARTESIAN_POINT('Ctrl Pts',(0.7257867575313,4.43231364677,-8.097251559266));
#7896=CARTESIAN_POINT('Ctrl Pts',(0.7741192267827,0.9697626591883,-9.188964386306));
#7897=CARTESIAN_POINT('Ctrl Pts',(0.8157956392607,-2.081682523621,-8.893457707179));
#7898=CARTESIAN_POINT('Ctrl Pts',(0.8502397897388,-4.353745362695,-7.947211435074));
#7899=CARTESIAN_POINT('Ctrl Pts',(0.8846878986604,-6.359110101893,-6.559352975446));
#7900=CARTESIAN_POINT('Ctrl Pts',(0.9284566920286,-8.26059541712,-4.121632511591));
#7901=CARTESIAN_POINT('Ctrl Pts',(0.9808174847937,-9.221134483797,-0.6116465163791));
#7902=CARTESIAN_POINT('Ctrl Pts',(1.025967564252,-8.804028176326,2.436440677391));
#7903=CARTESIAN_POINT('Ctrl Pts',(1.063281023572,-7.761790865201,4.677495652023));
#7904=CARTESIAN_POINT('Ctrl Pts',(1.099223347857,-6.339113710836,6.560416356959));
#7905=CARTESIAN_POINT('Ctrl Pts',(1.143766816764,-3.9914147454,8.288233381873));
#7906=CARTESIAN_POINT('Ctrl Pts',(1.196131452368,-0.7329553615729,9.179147868826));
#7907=CARTESIAN_POINT('Ctrl Pts',(1.251362886435,2.749215014913,8.80006460127));
#7908=CARTESIAN_POINT('Ctrl Pts',(1.306602251479,5.789888456796,7.164589509605));
#7909=CARTESIAN_POINT('Ctrl Pts',(1.363324627154,8.027752519474,4.504130475362));
#7910=CARTESIAN_POINT('Ctrl Pts',(1.420053139451,9.12920782806,1.255972484621));
#7911=CARTESIAN_POINT('Ctrl Pts',(1.468964627353,8.97069996389,-1.647817445859));
#7912=CARTESIAN_POINT('Ctrl Pts',(1.509387534661,8.192162378379,-3.859119140894));
#7913=CARTESIAN_POINT('Ctrl Pts',(1.545677114878,7.118701061824,-5.650999193797));
#7914=CARTESIAN_POINT('Ctrl Pts',(1.58840915904,5.38199797122,-7.374431039283));
#7915=CARTESIAN_POINT('Ctrl Pts',(1.636745348084,2.956621467247,-8.645202658959));
#7916=CARTESIAN_POINT('Ctrl Pts',(1.687730246996,0.1486950087163,-9.144181116122));
#7917=CARTESIAN_POINT('Ctrl Pts',(1.73871785191,-2.644463258114,-8.750519503109));
#7918=CARTESIAN_POINT('Ctrl Pts',(1.791078878546,-5.213348697477,-7.504926376036));
#7919=CARTESIAN_POINT('Ctrl Pts',(1.843445066083,-7.262074562216,-5.559581632161));
#7920=CARTESIAN_POINT('Ctrl Pts',(1.898676831431,-8.659786817476,-2.970200759484));
#7921=CARTESIAN_POINT('Ctrl Pts',(1.952538257449,-9.137862604493,-0.1724494207622));
#7922=CARTESIAN_POINT('Ctrl Pts',(2.006389529379,-8.748342136409,2.593261159669));
#7923=CARTESIAN_POINT('Ctrl Pts',(2.058756602805,-7.619033895853,5.034321754616));
#7924=CARTESIAN_POINT('Ctrl Pts',(2.113987657674,-5.738823252635,7.114496676713));
#7925=CARTESIAN_POINT('Ctrl Pts',(2.169226889272,-3.336549966322,8.505996661335));
#7926=CARTESIAN_POINT('Ctrl Pts',(2.225949413158,-0.5908293235575,9.11480522203));
#7927=CARTESIAN_POINT('Ctrl Pts',(2.282680508237,2.184589048348,8.876973398977));
#7928=CARTESIAN_POINT('Ctrl Pts',(2.342513096508,4.861845086488,7.752644009737));
#7929=CARTESIAN_POINT('Ctrl Pts',(2.399486632427,6.920962708035,5.949260218962));
#7930=CARTESIAN_POINT('Ctrl Pts',(2.454954616824,8.306865997009,3.722972582933));
#7931=CARTESIAN_POINT('Ctrl Pts',(2.50732137558,9.006013373457,1.369687538065));
#7932=CARTESIAN_POINT('Ctrl Pts',(2.562553385549,9.038602564515,-1.193509191675));
#7933=CARTESIAN_POINT('Ctrl Pts',(2.617791861941,8.355508987198,-3.641199322443));
#7934=CARTESIAN_POINT('Ctrl Pts',(2.674514583409,6.999102341569,-5.8347721901));
#7935=CARTESIAN_POINT('Ctrl Pts',(2.731245389632,5.10672863008,-7.555216049747));
#7936=CARTESIAN_POINT('Ctrl Pts',(2.791079252176,2.703185686835,-8.717834226807));
#7937=CARTESIAN_POINT('Ctrl Pts',(2.849428635215,0.1530833370514,-9.113796348107));
#7938=CARTESIAN_POINT('Ctrl Pts',(2.907768837323,-2.372687800583,-8.788469832591));
#7939=CARTESIAN_POINT('Ctrl Pts',(2.964499920871,-4.638866914695,-7.840196444035));
#7940=CARTESIAN_POINT('Ctrl Pts',(3.024333921075,-6.646090207272,-6.241459065848));
#7941=CARTESIAN_POINT('Ctrl Pts',(3.084175300229,-8.110249669232,-4.159819476708));
#7942=CARTESIAN_POINT('Ctrl Pts',(3.145625944018,-8.949648858777,-1.715991564124));
#7943=CARTESIAN_POINT('Ctrl Pts',(3.20708441802,-9.080665277044,0.8439832065106));
#7944=CARTESIAN_POINT('Ctrl Pts',(3.27190259214,-8.452542607328,3.446208332153));
#7945=CARTESIAN_POINT('Ctrl Pts',(3.330974991497,-7.22091778881,5.528096135101));
#7946=CARTESIAN_POINT('Ctrl Pts',(3.385543441927,-5.658540090735,7.07851869142));
#7947=CARTESIAN_POINT('Ctrl Pts',(3.433882955453,-4.026790390305,8.123495480631));
#7948=CARTESIAN_POINT('Ctrl Pts',(3.484865710177,-2.121504274557,8.820285274645));
#7949=CARTESIAN_POINT('Ctrl Pts',(3.53585466037,-0.1213897242243,9.069804527161));
#7950=CARTESIAN_POINT('Ctrl Pts',(3.58821526816,1.920590355862,8.863874962337));
#7951=CARTESIAN_POINT('Ctrl Pts',(3.640582008306,3.854098407968,8.215305975665));
#7952=CARTESIAN_POINT('Ctrl Pts',(3.695813461265,5.669537830079,7.092478914749));
#7953=CARTESIAN_POINT('Ctrl Pts',(3.749673238259,7.121708987544,5.62080838283));
#7954=CARTESIAN_POINT('Ctrl Pts',(3.803527265622,8.194457748113,3.876640276718));
#7955=CARTESIAN_POINT('Ctrl Pts',(3.855892705026,8.844802393678,2.007794513468));
#7956=CARTESIAN_POINT('Ctrl Pts',(3.911125870513,9.074996142001,-0.05131448762129));
#7957=CARTESIAN_POINT('Ctrl Pts',(3.966362765408,8.82867074659,-2.095128549785));
#7958=CARTESIAN_POINT('Ctrl Pts',(4.023087211616,8.111322017532,-4.064679764931));
#7959=CARTESIAN_POINT('Ctrl Pts',(4.079817195808,6.974814533964,-5.810280787258));
#7960=CARTESIAN_POINT('Ctrl Pts',(4.139652038849,5.392266671588,-7.310068920619));
#7961=CARTESIAN_POINT('Ctrl Pts',(4.196622458229,3.59806179671,-8.326286885322));
#7962=CARTESIAN_POINT('Ctrl Pts',(4.252092470103,1.694557666804,-8.897407207676));
#7963=CARTESIAN_POINT('Ctrl Pts',(4.304458831998,-0.1637518473676,-9.06007558875));
#7964=CARTESIAN_POINT('Ctrl Pts',(4.359691576847,-2.103127148942,-8.819048137093));
#7965=CARTESIAN_POINT('Ctrl Pts',(4.41492817343,-3.933261587442,-8.167568414728));
#7966=CARTESIAN_POINT('Ctrl Pts',(4.471653401035,-5.611741533179,-7.118405760552));
#7967=CARTESIAN_POINT('Ctrl Pts',(4.528382998745,-7.018979279794,-5.742908828122));
#7968=CARTESIAN_POINT('Ctrl Pts',(4.588218331933,-8.138861389625,-4.012761136018));
#7969=CARTESIAN_POINT('Ctrl Pts',(4.646565881383,-8.813064587442,-2.132872683076));
#7970=CARTESIAN_POINT('Ctrl Pts',(4.70490766395,-9.059033460187,-0.1689209246184));
#7971=CARTESIAN_POINT('Ctrl Pts',(4.761637189772,-8.89689789772,1.737763704482));
#7972=CARTESIAN_POINT('Ctrl Pts',(4.821472398246,-8.302273275055,3.652176640714));
#7973=CARTESIAN_POINT('Ctrl Pts',(4.881312745495,-7.303421691768,5.376427459057));
#7974=CARTESIAN_POINT('Ctrl Pts',(4.942764998169,-5.923744267252,6.865681512515));
#7975=CARTESIAN_POINT('Ctrl Pts',(5.004220858981,-4.26126055358,8.009903776565));
#7976=CARTESIAN_POINT('Ctrl Pts',(5.069046985843,-2.294307924158,8.783615359659));
#7977=CARTESIAN_POINT('Ctrl Pts',(5.147287768039,0.2164899302312,9.135235899697));
#7978=CARTESIAN_POINT('Ctrl Pts',(5.241844261784,3.237065359169,8.625607364696));
#7979=CARTESIAN_POINT('Ctrl Pts',(5.350928991823,6.228495238206,6.805186311908));
#7980=CARTESIAN_POINT('Ctrl Pts',(5.44499037179,7.995310179065,4.403351191851));
#7981=CARTESIAN_POINT('Ctrl Pts',(5.52273057234,8.804158524192,2.13395699034));
#7982=CARTESIAN_POINT('Ctrl Pts',(5.600477373272,9.128263850869,-0.2403526529864));
#7983=CARTESIAN_POINT('Ctrl Pts',(5.699263536915,8.634846024158,-3.25391375772));
#7984=CARTESIAN_POINT('Ctrl Pts',(5.817436765094,6.730302084338,-6.33166355519));
#7985=CARTESIAN_POINT('Ctrl Pts',(5.919339813057,4.21253274593,-8.107205709788));
#7986=CARTESIAN_POINT('Ctrl Pts',(6.003554822659,1.846933567241,-8.873078606347));
#7987=CARTESIAN_POINT('Ctrl Pts',(6.084674991836,-0.5229955010567,-9.110403993071));
#7988=CARTESIAN_POINT('Ctrl Pts',(6.18520893118,-3.423697744648,-8.545502744844));
#7989=CARTESIAN_POINT('Ctrl Pts',(6.303384403493,-6.330575669651,-6.700170365363));
#7990=CARTESIAN_POINT('Ctrl Pts',(6.405284662513,-8.038270782922,-4.315679220003));
#7991=CARTESIAN_POINT('Ctrl Pts',(6.489503391854,-8.816097401404,-2.075459474857));
#7992=CARTESIAN_POINT('Ctrl Pts',(6.573730062161,-9.123442607459,0.2635121622853));
#7993=CARTESIAN_POINT('Ctrl Pts',(6.680746957383,-8.636465311864,3.229579962559));
#7994=CARTESIAN_POINT('Ctrl Pts',(6.808768621405,-6.777912527033,6.269970794851));
#7995=CARTESIAN_POINT('Ctrl Pts',(6.91916481018,-4.318316756292,8.046688699024));
#7996=CARTESIAN_POINT('Ctrl Pts',(7.010394952157,-1.999340610757,8.838023670808));
#7997=CARTESIAN_POINT('Ctrl Pts',(7.089651624063,0.1027607880431,9.088194365472));
#7998=CARTESIAN_POINT('Ctrl Pts',(7.18057302786,2.501509734483,8.771889129391));
#7999=CARTESIAN_POINT('Ctrl Pts',(7.281276394606,4.929347679462,7.684251129552));
#8000=CARTESIAN_POINT('Ctrl Pts',(7.387491754258,7.019732871494,5.85110045447));
#8001=CARTESIAN_POINT('Ctrl Pts',(7.493720642078,8.443720065859,3.487601005159));
#8002=CARTESIAN_POINT('Ctrl Pts',(7.602803613817,9.101165398869,0.7640578515814));
#8003=CARTESIAN_POINT('Ctrl Pts',(7.711902950976,8.917757654754,-2.010879928046));
#8004=CARTESIAN_POINT('Ctrl Pts',(7.82696651219,7.845787478968,-4.71088870862));
#8005=CARTESIAN_POINT('Ctrl Pts',(7.939180327143,6.035177701628,-6.86030624603));
#8006=CARTESIAN_POINT('Ctrl Pts',(8.051370024141,3.691744301587,-8.342741561973));
#8007=CARTESIAN_POINT('Ctrl Pts',(8.160470754356,1.113706995715,-9.062886751428));
#8008=CARTESIAN_POINT('Ctrl Pts',(8.275535010759,-1.68217390232,-8.984045315783));
#8009=CARTESIAN_POINT('Ctrl Pts',(8.390616750806,-4.300209773563,-8.062114808586));
#8010=CARTESIAN_POINT('Ctrl Pts',(8.508790679108,-6.550782362184,-6.366376707024));
#8011=CARTESIAN_POINT('Ctrl Pts',(8.62698165357,-8.176933241036,-4.09111194184));
#8012=CARTESIAN_POINT('Ctrl Pts',(8.751633386499,-9.059381405715,-1.306662807869));
#8013=CARTESIAN_POINT('Ctrl Pts',(8.870329654153,-9.012663631825,1.45160004886));
#8014=CARTESIAN_POINT('Ctrl Pts',(8.985886310578,-8.194589484942,3.968961787682));
#8015=CARTESIAN_POINT('Ctrl Pts',(9.094987112137,-6.824579690598,6.037982956798));
#8016=CARTESIAN_POINT('Ctrl Pts',(9.210052528996,-4.851526998083,7.722697007894));
#8017=CARTESIAN_POINT('Ctrl Pts',(9.325133552124,-2.498142750588,8.768889230923));
#8018=CARTESIAN_POINT('Ctrl Pts',(9.443308149093,0.09564137339451,9.115238834416));
#8019=CARTESIAN_POINT('Ctrl Pts',(9.561498176359,2.664092547338,8.725604774391));
#8020=CARTESIAN_POINT('Ctrl Pts',(9.686152094588,5.117463845796,7.56325201487));
#8021=CARTESIAN_POINT('Ctrl Pts',(9.807715874902,7.05018045922,5.784423773495));
#8022=CARTESIAN_POINT('Ctrl Pts',(9.929256673364,8.382940364248,3.559168852948));
#8023=CARTESIAN_POINT('Ctrl Pts',(10.04744781878,9.042265362087,1.143471412997));
#8024=CARTESIAN_POINT('Ctrl Pts',(10.17210297043,9.002523048504,-1.473617415107));
#8025=CARTESIAN_POINT('Ctrl Pts',(10.29677364886,8.219837908373,-3.950419343674));
#8026=CARTESIAN_POINT('Ctrl Pts',(10.42479656438,6.743184810716,-6.136922124073));
#8027=CARTESIAN_POINT('Ctrl Pts',(10.55283639866,4.725682915109,-7.806266566159));
#8028=CARTESIAN_POINT('Ctrl Pts',(10.68787726057,2.202944694011,-8.864309120814));
#8029=CARTESIAN_POINT('Ctrl Pts',(10.81359349821,-0.3119691623253,-9.099741242457));
#8030=CARTESIAN_POINT('Ctrl Pts',(10.93280018171,-2.636055988266,-8.686334175725));
#8031=CARTESIAN_POINT('Ctrl Pts',(11.04190142186,-4.603918422897,-7.82965424481));
#8032=CARTESIAN_POINT('Ctrl Pts',(11.15696781509,-6.387968294614,-6.465631987604));
#8033=CARTESIAN_POINT('Ctrl Pts',(11.27204740274,-7.768909578768,-4.714346288241));
#8034=CARTESIAN_POINT('Ctrl Pts',(11.39022480325,-8.693285998106,-2.642371266803));
#8035=CARTESIAN_POINT('Ctrl Pts',(11.50841352213,-9.081947471183,-0.4229233922674));
#8036=CARTESIAN_POINT('Ctrl Pts',(11.63306989326,-8.892265956508,1.925967488224));
#8037=CARTESIAN_POINT('Ctrl Pts',(11.75463117848,-8.125070080471,4.073969061476));
#8038=CARTESIAN_POINT('Ctrl Pts',(11.8761751627,-6.863860660583,5.94432675566));
#8039=CARTESIAN_POINT('Ctrl Pts',(11.99436478822,-5.254183817695,7.412176486054));
#8040=CARTESIAN_POINT('Ctrl Pts',(12.1190218159,-3.247617791124,8.49194330734));
#8041=CARTESIAN_POINT('Ctrl Pts',(12.24369159268,-1.050284047792,9.029120483828));
#8042=CARTESIAN_POINT('Ctrl Pts',(12.37171673697,1.249685765751,9.002152155428));
#8043=CARTESIAN_POINT('Ctrl Pts',(12.49975546077,3.455625686199,8.412235099441));
#8044=CARTESIAN_POINT('Ctrl Pts',(12.63479925397,5.528927543008,7.22916637656));
#8045=CARTESIAN_POINT('Ctrl Pts',(12.76338241326,7.125153461758,5.636385091166));
#8046=CARTESIAN_POINT('Ctrl Pts',(12.88857486639,8.244591318006,3.778428679868));
#8047=CARTESIAN_POINT('Ctrl Pts',(13.00676542945,8.883881943895,1.847642125011));
#8048=CARTESIAN_POINT('Ctrl Pts',(13.13142311335,9.075385471405,-0.2716241358631));
#8049=CARTESIAN_POINT('Ctrl Pts',(13.25609204651,8.76546713126,-2.361321595089));
#8050=CARTESIAN_POINT('Ctrl Pts',(13.38411871466,7.963596177225,-4.355096033001));
#8051=CARTESIAN_POINT('Ctrl Pts',(13.51215638248,6.731236198724,-6.096707310652));
#8052=CARTESIAN_POINT('Ctrl Pts',(13.64720240402,5.045784367099,-7.558249224652));
#8053=CARTESIAN_POINT('Ctrl Pts',(13.77889327444,3.117214962063,-8.527544706533));
#8054=CARTESIAN_POINT('Ctrl Pts',(13.9105679169,1.038007326957,-9.011606133987));
#8055=CARTESIAN_POINT('Ctrl Pts',(14.03860642905,-1.022772529593,-9.018222754543));
#8056=CARTESIAN_POINT('Ctrl Pts',(14.17365313468,-3.12135913645,-8.528304210763));
#8057=CARTESIAN_POINT('Ctrl Pts',(14.30871190416,-5.02824182414,-7.560555906641));
#8058=CARTESIAN_POINT('Ctrl Pts',(14.44740713765,-6.680420772112,-6.147491925985));
#8059=CARTESIAN_POINT('Ctrl Pts',(14.58611691231,-7.946504548179,-4.400754218043));
#8060=CARTESIAN_POINT('Ctrl Pts',(14.76376427811,-8.972082281148,-1.862601380079));
#8061=CARTESIAN_POINT('Ctrl Pts',(14.89402258783,-9.080941001681,0.1457592870972));
#8062=CARTESIAN_POINT('Ctrl Pts',(14.97667887263,-8.887852840689,1.369337546088));
#8063=CARTESIAN_POINT('Ctrl Pts',(-0.4025581586282,-1.433087817341,8.992397152842));
#8064=CARTESIAN_POINT('Ctrl Pts',(-0.3922153140389,-0.05328703027576,9.217242873076));
#8065=CARTESIAN_POINT('Ctrl Pts',(-0.3745314563912,2.331116091547,9.031249649672));
#8066=CARTESIAN_POINT('Ctrl Pts',(-0.349525618702,5.248013026556,7.618110850643));
#8067=CARTESIAN_POINT('Ctrl Pts',(-0.3269351076733,7.325266198933,5.657931164301));
#8068=CARTESIAN_POINT('Ctrl Pts',(-0.3043431926674,8.672547620114,3.213047282384));
#8069=CARTESIAN_POINT('Ctrl Pts',(-0.2811428262725,9.230533031027,0.4744435568059));
#8070=CARTESIAN_POINT('Ctrl Pts',(-0.2579402581022,8.969214225835,-2.250340855305));
#8071=CARTESIAN_POINT('Ctrl Pts',(-0.2334678225632,7.877668279922,-4.85369917828));
#8072=CARTESIAN_POINT('Ctrl Pts',(-0.2096031246947,6.131230870688,-6.907856393668));
#8073=CARTESIAN_POINT('Ctrl Pts',(-0.1857417723997,3.925851155394,-8.344145507345));
#8074=CARTESIAN_POINT('Ctrl Pts',(-0.1625391749444,1.527513466181,-9.098835604561));
#8075=CARTESIAN_POINT('Ctrl Pts',(-0.1380668330919,-1.073026709186,-9.169111293033));
#8076=CARTESIAN_POINT('Ctrl Pts',(-0.1135917387346,-3.544788551593,-8.51876653485));
#8077=CARTESIAN_POINT('Ctrl Pts',(-0.08845795158439,-5.756737221344,-7.205656324161));
#8078=CARTESIAN_POINT('Ctrl Pts',(-0.06332233376662,-7.501852277975,-5.373463160947));
#8079=CARTESIAN_POINT('Ctrl Pts',(-0.03681002643761,-8.715319267475,-3.050214859548));
#8080=CARTESIAN_POINT('Ctrl Pts',(-0.01156749049965,-9.190286645082,-0.6424910929028));
#8081=CARTESIAN_POINT('Ctrl Pts',(0.01301016461709,-9.035981158039,1.693694461509));
#8082=CARTESIAN_POINT('Ctrl Pts',(0.03621285075653,-8.386967882737,3.775628104434));
#8083=CARTESIAN_POINT('Ctrl Pts',(0.06068578983284,-7.213256310249,5.714581659948));
#8084=CARTESIAN_POINT('Ctrl Pts',(0.08515990416767,-5.620363489238,7.283264522006));
#8085=CARTESIAN_POINT('Ctrl Pts',(0.1102943360643,-3.673714396624,8.431728883951));
#8086=CARTESIAN_POINT('Ctrl Pts',(0.1354301128828,-1.536685207762,9.07256113528));
#8087=CARTESIAN_POINT('Ctrl Pts',(0.1619418907474,0.7808009094747,9.173909718933));
#8088=CARTESIAN_POINT('Ctrl Pts',(0.1877950636208,2.963459084418,8.706724969152));
#8089=CARTESIAN_POINT('Ctrl Pts',(0.2136451408601,4.939372632584,7.747276756595));
#8090=CARTESIAN_POINT('Ctrl Pts',(0.2387811265129,6.57989204431,6.418832187318));
#8091=CARTESIAN_POINT('Ctrl Pts',(0.2652934636612,7.919522032388,4.676405385308));
#8092=CARTESIAN_POINT('Ctrl Pts',(0.2918070079453,8.792999968225,2.688224729371));
#8093=CARTESIAN_POINT('Ctrl Pts',(0.31903604399,9.177812192132,0.5229628078701));
#8094=CARTESIAN_POINT('Ctrl Pts',(0.3462661003954,9.048553516383,-1.647343717735));
#8095=CARTESIAN_POINT('Ctrl Pts',(0.3749890811642,8.3769282239,-3.809520756482));
#8096=CARTESIAN_POINT('Ctrl Pts',(0.4096573942317,6.966059212012,-6.112732326438));
#8097=CARTESIAN_POINT('Ctrl Pts',(0.451553255474,4.485197058467,-8.201221072565));
#8098=CARTESIAN_POINT('Ctrl Pts',(0.4998873498149,0.9783715443071,-9.305404169055));
#8099=CARTESIAN_POINT('Ctrl Pts',(0.5415631814528,-2.111456785232,-9.004976060245));
#8100=CARTESIAN_POINT('Ctrl Pts',(0.5760092352816,-4.411975417303,-8.04581587869));
#8101=CARTESIAN_POINT('Ctrl Pts',(0.6104583787156,-6.442157445185,-6.639552463486));
#8102=CARTESIAN_POINT('Ctrl Pts',(0.6542271324518,-8.366644852699,-4.170256677212));
#8103=CARTESIAN_POINT('Ctrl Pts',(0.7065895648506,-9.337859984401,-0.615422083134));
#8104=CARTESIAN_POINT('Ctrl Pts',(0.751738883236,-8.914203765192,2.470935199483));
#8105=CARTESIAN_POINT('Ctrl Pts',(0.7890546540321,-7.857766493857,4.73999672501));
#8106=CARTESIAN_POINT('Ctrl Pts',(0.824997736278,-6.416246601129,6.646104847184));
#8107=CARTESIAN_POINT('Ctrl Pts',(0.8695415615006,-4.038107634551,8.394708522199));
#8108=CARTESIAN_POINT('Ctrl Pts',(0.9219069665621,-0.7380395036938,9.295424019652));
#8109=CARTESIAN_POINT('Ctrl Pts',(0.97714016377,2.78805354151,8.909929924146));
#8110=CARTESIAN_POINT('Ctrl Pts',(1.032379485383,5.866366234144,7.252379893223));
#8111=CARTESIAN_POINT('Ctrl Pts',(1.089104067757,8.131332053422,4.557147676822));
#8112=CARTESIAN_POINT('Ctrl Pts',(1.14583343343,9.245114668441,1.267374245892));
#8113=CARTESIAN_POINT('Ctrl Pts',(1.194744367016,9.083212575405,-1.672978291253));
#8114=CARTESIAN_POINT('Ctrl Pts',(1.235169817108,8.293695689346,-3.91197686538));
#8115=CARTESIAN_POINT('Ctrl Pts',(1.271459725818,7.205759390926,-5.725961327512));
#8116=CARTESIAN_POINT('Ctrl Pts',(1.314192660239,5.446213509481,-7.47031955823));
#8117=CARTESIAN_POINT('Ctrl Pts',(1.362529692991,2.989506523187,-8.755922227353));
#8118=CARTESIAN_POINT('Ctrl Pts',(1.413515789286,0.1457867760882,-9.259754370777));
#8119=CARTESIAN_POINT('Ctrl Pts',(1.464503972558,-2.682477285836,-8.859650707107));
#8120=CARTESIAN_POINT('Ctrl Pts',(1.51686665265,-5.28323127498,-7.59691614615));
#8121=CARTESIAN_POINT('Ctrl Pts',(1.569233323259,-7.356804739975,-5.625876602747));
#8122=CARTESIAN_POINT('Ctrl Pts',(1.624466831037,-8.770800973449,-3.002942506517));
#8123=CARTESIAN_POINT('Ctrl Pts',(1.678328230527,-9.253376292947,-0.169592218065));
#8124=CARTESIAN_POINT('Ctrl Pts',(1.732181785071,-8.857375229351,2.630957112682));
#8125=CARTESIAN_POINT('Ctrl Pts',(1.784549166443,-7.712414194182,5.10222626773));
#8126=CARTESIAN_POINT('Ctrl Pts',(1.839782140289,-5.807196155306,7.207672487062));
#8127=CARTESIAN_POINT('Ctrl Pts',(1.895021437644,-3.373774282284,8.61536211007));
#8128=CARTESIAN_POINT('Ctrl Pts',(1.951746231393,-0.592902685773,9.230281899542));
#8129=CARTESIAN_POINT('Ctrl Pts',(2.008477652613,2.217448293435,8.987800748906));
#8130=CARTESIAN_POINT('Ctrl Pts',(2.068312590676,4.927952855423,7.847616062989));
#8131=CARTESIAN_POINT('Ctrl Pts',(2.125285737739,7.011972731105,6.02022295238));
#8132=CARTESIAN_POINT('Ctrl Pts',(2.180756196891,8.414088016753,3.764865360487));
#8133=CARTESIAN_POINT('Ctrl Pts',(2.233123378303,9.120612822418,1.381403270178));
#8134=CARTESIAN_POINT('Ctrl Pts',(2.288357133475,9.152013163578,-1.214271904916));
#8135=CARTESIAN_POINT('Ctrl Pts',(2.343595892889,8.458747779273,-3.692460763979));
#8136=CARTESIAN_POINT('Ctrl Pts',(2.400320884932,7.083755172593,-5.912968944621));
#8137=CARTESIAN_POINT('Ctrl Pts',(2.457052129794,5.166355527065,-7.653937573575));
#8138=CARTESIAN_POINT('Ctrl Pts',(2.516888099885,2.731609848817,-8.829718463351));
#8139=CARTESIAN_POINT('Ctrl Pts',(2.575237660052,0.1490307111262,-9.229010272876));
#8140=CARTESIAN_POINT('Ctrl Pts',(2.633580131697,-2.408530212385,-8.89788789913));
#8141=CARTESIAN_POINT('Ctrl Pts',(2.6903116202,-4.702714073021,-7.93611276034));
#8142=CARTESIAN_POINT('Ctrl Pts',(2.750147720147,-6.734283773771,-6.315768358429));
#8143=CARTESIAN_POINT('Ctrl Pts',(2.8099895249,-8.215527970111,-4.206822561029));
#8144=CARTESIAN_POINT('Ctrl Pts',(2.871442450731,-9.063879584166,-1.73145494457));
#8145=CARTESIAN_POINT('Ctrl Pts',(2.93290143059,-9.194774178589,0.8609679341483));
#8146=CARTESIAN_POINT('Ctrl Pts',(2.997722371696,-8.556856188237,3.495733877446));
#8147=CARTESIAN_POINT('Ctrl Pts',(3.056794156332,-7.308217381437,5.603022160947));
#8148=CARTESIAN_POINT('Ctrl Pts',(3.111365509843,-5.724911428035,7.172001573851));
#8149=CARTESIAN_POINT('Ctrl Pts',(3.159705280462,-4.071788602723,8.229003150828));
#8150=CARTESIAN_POINT('Ctrl Pts',(3.210689881992,-2.141860151246,8.933239007986));
#8151=CARTESIAN_POINT('Ctrl Pts',(3.261679277692,-0.1162830332306,9.18444910408));
#8152=CARTESIAN_POINT('Ctrl Pts',(3.314041809041,1.951415801676,8.974407101967));
#8153=CARTESIAN_POINT('Ctrl Pts',(3.366409083064,3.908883641692,8.316204670488));
#8154=CARTESIAN_POINT('Ctrl Pts',(3.421642535612,5.746483052153,7.177795751881));
#8155=CARTESIAN_POINT('Ctrl Pts',(3.47550284304,7.215900788684,5.686427914835));
#8156=CARTESIAN_POINT('Ctrl Pts',(3.529358716482,8.300915444745,3.919353663474));
#8157=CARTESIAN_POINT('Ctrl Pts',(3.581725010736,8.958055303843,2.026374125731));
#8158=CARTESIAN_POINT('Ctrl Pts',(3.636959808905,9.189578042466,-0.05898329397374));
#8159=CARTESIAN_POINT('Ctrl Pts',(3.692197492582,8.93855428773,-2.128451182788));
#8160=CARTESIAN_POINT('Ctrl Pts',(3.748923971052,8.210578379967,-4.122392741761));
#8161=CARTESIAN_POINT('Ctrl Pts',(3.805654733201,7.058325720497,-5.889171476718));
#8162=CARTESIAN_POINT('Ctrl Pts',(3.86549162455,5.454542215708,-7.406700601117));
#8163=CARTESIAN_POINT('Ctrl Pts',(3.922462566656,3.636847636676,-8.434330638203));
#8164=CARTESIAN_POINT('Ctrl Pts',(3.977934797952,1.708760879903,-9.011157747563));
#8165=CARTESIAN_POINT('Ctrl Pts',(4.030301856571,-0.1731771137193,-9.174375151049));
#8166=CARTESIAN_POINT('Ctrl Pts',(4.08553638303,-2.136916959599,-8.928714393403));
#8167=CARTESIAN_POINT('Ctrl Pts',(4.140773890624,-3.989663338108,-8.26749204931));
#8168=CARTESIAN_POINT('Ctrl Pts',(4.197501028326,-5.688535156798,-7.203652416213));
#8169=CARTESIAN_POINT('Ctrl Pts',(4.254231548808,-7.112425521365,-5.809587492581));
#8170=CARTESIAN_POINT('Ctrl Pts',(4.31406887747,-8.245040749269,-4.056587267155));
#8171=CARTESIAN_POINT('Ctrl Pts',(4.372417239009,-8.926182463188,-2.152358944333));
#8172=CARTESIAN_POINT('Ctrl Pts',(4.430761155661,-9.173598707128,-0.1633163391352));
#8173=CARTESIAN_POINT('Ctrl Pts',(4.487491653221,-9.007779919948,1.7673457993));
#8174=CARTESIAN_POINT('Ctrl Pts',(4.54732891503,-8.403973170015,3.705495531659));
#8175=CARTESIAN_POINT('Ctrl Pts',(4.607170154699,-7.390994126811,5.450684031466));
#8176=CARTESIAN_POINT('Ctrl Pts',(4.668624556105,-5.992539608014,6.95759958215));
#8177=CARTESIAN_POINT('Ctrl Pts',(4.73008177141,-4.308010942181,8.114833460301));
#8178=CARTESIAN_POINT('Ctrl Pts',(4.794909078655,-2.315494363722,8.896597011271));
#8179=CARTESIAN_POINT('Ctrl Pts',(4.873154014126,0.2274736794794,9.25043003184));
#8180=CARTESIAN_POINT('Ctrl Pts',(4.967710766219,3.285751013657,8.73163277297));
#8181=CARTESIAN_POINT('Ctrl Pts',(5.076799921547,6.313427227196,6.885413575772));
#8182=CARTESIAN_POINT('Ctrl Pts',(5.170860805879,8.100343440357,4.451631606863));
#8183=CARTESIAN_POINT('Ctrl Pts',(5.248605622619,8.917361559449,2.152679349146));
#8184=CARTESIAN_POINT('Ctrl Pts',(5.326355685488,9.243333094914,-0.2520309764447));
#8185=CARTESIAN_POINT('Ctrl Pts',(5.425142133672,8.740835253652,-3.30320005357));
#8186=CARTESIAN_POINT('Ctrl Pts',(5.543320740857,6.809194564235,-6.418140808205));
#8187=CARTESIAN_POINT('Ctrl Pts',(5.645222627361,4.257944101986,-8.213666195097));
#8188=CARTESIAN_POINT('Ctrl Pts',(5.729443550773,1.861541599986,-8.986973046783));
#8189=CARTESIAN_POINT('Ctrl Pts',(5.810566237768,-0.5386338229835,-9.224955330766));
#8190=CARTESIAN_POINT('Ctrl Pts',(5.911101591656,-3.475458313745,-8.650038432941));
#8191=CARTESIAN_POINT('Ctrl Pts',(6.029282088328,-6.417322899023,-6.77838882298));
#8192=CARTESIAN_POINT('Ctrl Pts',(6.131181961509,-8.144169990816,-4.362063313269));
#8193=CARTESIAN_POINT('Ctrl Pts',(6.215405869208,-8.929591393855,-2.092606373529));
#8194=CARTESIAN_POINT('Ctrl Pts',(6.299636077249,-9.238405466976,0.2763308667178));
#8195=CARTESIAN_POINT('Ctrl Pts',(6.406653890957,-8.742192356854,3.279385794062));
#8196=CARTESIAN_POINT('Ctrl Pts',(6.53468159311,-6.856865104073,6.356363630852));
#8197=CARTESIAN_POINT('Ctrl Pts',(6.645076527775,-4.364352567072,8.152904577037));
#8198=CARTESIAN_POINT('Ctrl Pts',(6.73631399868,-2.015037485773,8.951821169254));
#8199=CARTESIAN_POINT('Ctrl Pts',(6.815571667604,0.1139135186643,9.202872243574));
#8200=CARTESIAN_POINT('Ctrl Pts',(6.906496491149,2.542710129011,8.879951316465));
#8201=CARTESIAN_POINT('Ctrl Pts',(7.007202230303,5.000081584793,7.775881821113));
#8202=CARTESIAN_POINT('Ctrl Pts',(7.113422215997,7.11493094292,5.917172987089));
#8203=CARTESIAN_POINT('Ctrl Pts',(7.219652643536,8.554285517976,3.522192431809));
#8204=CARTESIAN_POINT('Ctrl Pts',(7.328741125529,9.21699547153,0.7633610253866));
#8205=CARTESIAN_POINT('Ctrl Pts',(7.43784226727,9.028106006918,-2.046467998176));
#8206=CARTESIAN_POINT('Ctrl Pts',(7.552911707192,7.939429414223,-4.779490581481));
#8207=CARTESIAN_POINT('Ctrl Pts',(7.665126490842,6.103438885368,-6.953977236689));
#8208=CARTESIAN_POINT('Ctrl Pts',(7.777322714597,3.728524952366,-8.452483708993));
#8209=CARTESIAN_POINT('Ctrl Pts',(7.886425111125,1.117029275011,-9.178684500152));
#8210=CARTESIAN_POINT('Ctrl Pts',(8.001495248202,-1.714222176722,-9.095506491186));
#8211=CARTESIAN_POINT('Ctrl Pts',(8.116578903358,-4.364263254848,-8.158760173849));
#8212=CARTESIAN_POINT('Ctrl Pts',(8.234759002578,-6.641324661005,-6.438773798661));
#8213=CARTESIAN_POINT('Ctrl Pts',(8.352952293543,-8.285258817372,-4.132725763332));
#8214=CARTESIAN_POINT('Ctrl Pts',(8.477610912628,-9.175448064295,-1.311849665225));
#8215=CARTESIAN_POINT('Ctrl Pts',(8.596308027246,-9.124693139084,1.481216344308));
#8216=CARTESIAN_POINT('Ctrl Pts',(8.711872227208,-8.293054084434,4.029518082828));
#8217=CARTESIAN_POINT('Ctrl Pts',(8.82097506023,-6.903072975497,6.122966526896));
#8218=CARTESIAN_POINT('Ctrl Pts',(8.936046485129,-4.902827083842,7.826519107132));
#8219=CARTESIAN_POINT('Ctrl Pts',(9.051129993828,-2.518306753028,8.882900419198));
#8220=CARTESIAN_POINT('Ctrl Pts',(9.169311031375,0.1088416296775,9.230254194365));
#8221=CARTESIAN_POINT('Ctrl Pts',(9.287504020727,2.709290474052,8.832300028717));
#8222=CARTESIAN_POINT('Ctrl Pts',(9.412164777368,5.192243607996,7.65192978285));
#8223=CARTESIAN_POINT('Ctrl Pts',(9.533730726089,7.147021438346,5.84800434075));
#8224=CARTESIAN_POINT('Ctrl Pts',(9.65527903035,8.493688462592,3.592690572369));
#8225=CARTESIAN_POINT('Ctrl Pts',(9.773473139168,9.158053035966,1.145513146139));
#8226=CARTESIAN_POINT('Ctrl Pts',(9.898135093012,9.114196468437,-1.504728051016));
#8227=CARTESIAN_POINT('Ctrl Pts',(10.02280906513,8.318155679452,-4.0117958501));
#8228=CARTESIAN_POINT('Ctrl Pts',(10.15083940649,6.819688466559,-6.223976150146));
#8229=CARTESIAN_POINT('Ctrl Pts',(10.27888284534,4.77427571926,-7.911597785107));
#8230=CARTESIAN_POINT('Ctrl Pts',(10.41393193737,2.217994333856,-8.979457481701));
#8231=CARTESIAN_POINT('Ctrl Pts',(10.53965013981,-0.3290677284748,-9.214238798241));
#8232=CARTESIAN_POINT('Ctrl Pts',(10.65886551324,-2.682089344104,-8.792193656473));
#8233=CARTESIAN_POINT('Ctrl Pts',(10.76796961773,-4.673602606717,-7.921775570896));
#8234=CARTESIAN_POINT('Ctrl Pts',(10.88304279609,-6.478280603851,-6.537800170766));
#8235=CARTESIAN_POINT('Ctrl Pts',(10.99812621271,-7.874099789635,-4.762270778255));
#8236=CARTESIAN_POINT('Ctrl Pts',(11.11631047744,-8.807092974854,-2.662606794037));
#8237=CARTESIAN_POINT('Ctrl Pts',(11.2345035302,-9.197313630196,-0.4144488100435));
#8238=CARTESIAN_POINT('Ctrl Pts',(11.35916733269,-9.001630976499,1.963969388024));
#8239=CARTESIAN_POINT('Ctrl Pts',(11.48073249889,-8.221407564285,4.137992908044));
#8240=CARTESIAN_POINT('Ctrl Pts',(11.60228443408,-6.941272283648,6.030145031532));
#8241=CARTESIAN_POINT('Ctrl Pts',(11.72047851052,-5.308897204257,7.514069813726));
#8242=CARTESIAN_POINT('Ctrl Pts',(11.84514314756,-3.275149575941,8.604373876895));
#8243=CARTESIAN_POINT('Ctrl Pts',(11.96981767248,-1.049115805922,9.144856453794));
#8244=CARTESIAN_POINT('Ctrl Pts',(12.0978510476,1.280019024806,9.113848870619));
#8245=CARTESIAN_POINT('Ctrl Pts',(12.22589495992,3.512961933766,8.512879532271));
#8246=CARTESIAN_POINT('Ctrl Pts',(12.36094773784,5.610662651989,7.311391248164));
#8247=CARTESIAN_POINT('Ctrl Pts',(12.48953527415,7.224481946944,5.695801151821));
#8248=CARTESIAN_POINT('Ctrl Pts',(12.61473697728,8.355057745173,3.812368207495));
#8249=CARTESIAN_POINT('Ctrl Pts',(12.73293251122,8.999211887562,1.856034771089));
#8250=CARTESIAN_POINT('Ctrl Pts',(12.85759843386,9.189566240356,-0.2904726693191));
#8251=CARTESIAN_POINT('Ctrl Pts',(12.98227310923,8.872156447029,-2.406139778521));
#8252=CARTESIAN_POINT('Ctrl Pts',(13.11030849387,8.056672746829,-4.423864417812));
#8253=CARTESIAN_POINT('Ctrl Pts',(13.2383524444,6.80566430606,-6.185430066925));
#8254=CARTESIAN_POINT('Ctrl Pts',(13.37340784656,5.096243477316,-7.662594315067));
#8255=CARTESIAN_POINT('Ctrl Pts',(13.50510472249,3.141511819854,-8.640781159655));
#8256=CARTESIAN_POINT('Ctrl Pts',(13.6367892639,1.035013963207,-9.127299291181));
#8257=CARTESIAN_POINT('Ctrl Pts',(13.76483436907,-1.051920912153,-9.130304035594));
#8258=CARTESIAN_POINT('Ctrl Pts',(13.89989081759,-3.176290358956,-8.63036489925));
#8259=CARTESIAN_POINT('Ctrl Pts',(14.03495666436,-5.105601467919,-7.646861192994));
#8260=CARTESIAN_POINT('Ctrl Pts',(14.1736625205,-6.776183138309,-6.21279251033));
#8261=CARTESIAN_POINT('Ctrl Pts',(14.31237969941,-8.055092626963,-4.441542647463));
#8262=CARTESIAN_POINT('Ctrl Pts',(14.49004255832,-9.088952354787,-1.869169174699));
#8263=CARTESIAN_POINT('Ctrl Pts',(14.62029900286,-9.195379589317,0.1647373290508));
#8264=CARTESIAN_POINT('Ctrl Pts',(14.70298530069,-8.997502168403,1.403897971754));
#8265=CARTESIAN_POINT('Ctrl Pts',(-0.5648576078263,-1.494431220164,9.37902211272));
#8266=CARTESIAN_POINT('Ctrl Pts',(-0.5544956370808,-0.05413490768938,9.613960189217));
#8267=CARTESIAN_POINT('Ctrl Pts',(-0.5368200488597,2.432394738998,9.419380213559));
#8268=CARTESIAN_POINT('Ctrl Pts',(-0.5118120236424,5.474681986064,7.945219313802));
#8269=CARTESIAN_POINT('Ctrl Pts',(-0.4892211586871,7.641103522955,5.90035360738));
#8270=CARTESIAN_POINT('Ctrl Pts',(-0.46662987026,9.046002853428,3.350230923684));
#8271=CARTESIAN_POINT('Ctrl Pts',(-0.4434281441613,9.627666879128,0.4935822495686));
#8272=CARTESIAN_POINT('Ctrl Pts',(-0.4202263645812,9.354764850822,-2.348292395019));
#8273=CARTESIAN_POINT('Ctrl Pts',(-0.3957525761352,8.215817067607,-5.063600905963));
#8274=CARTESIAN_POINT('Ctrl Pts',(-0.3718893713458,6.394116640694,-7.205781055109));
#8275=CARTESIAN_POINT('Ctrl Pts',(-0.3480261280098,4.093495918487,-8.703669739435));
#8276=CARTESIAN_POINT('Ctrl Pts',(-0.3248243808521,1.59196890219,-9.490447885136));
#8277=CARTESIAN_POINT('Ctrl Pts',(-0.300350561903,-1.120606606508,-9.563372901394));
#8278=CARTESIAN_POINT('Ctrl Pts',(-0.2758767780387,-3.698461031065,-8.88472277506));
#8279=CARTESIAN_POINT('Ctrl Pts',(-0.250741521787,-6.00550074691,-7.514727293761));
#8280=CARTESIAN_POINT('Ctrl Pts',(-0.2256062618427,-7.825376220776,-5.603475604476));
#8281=CARTESIAN_POINT('Ctrl Pts',(-0.1990929700232,-9.090720933512,-3.180006455434));
#8282=CARTESIAN_POINT('Ctrl Pts',(-0.1738517257432,-9.585706373056,-0.6687745936394));
#8283=CARTESIAN_POINT('Ctrl Pts',(-0.1492718994643,-9.42440479969,1.768103667487));
#8284=CARTESIAN_POINT('Ctrl Pts',(-0.1260701287762,-8.747127359768,3.939387229446));
#8285=CARTESIAN_POINT('Ctrl Pts',(-0.1015963152343,-7.522583246913,5.961635385923));
#8286=CARTESIAN_POINT('Ctrl Pts',(-0.07712250124443,-5.860920025768,7.597506704189));
#8287=CARTESIAN_POINT('Ctrl Pts',(-0.05198723747028,-3.830270059077,8.795068117587));
#8288=CARTESIAN_POINT('Ctrl Pts',(-0.02685197108388,-1.601252662497,9.463103074966));
#8289=CARTESIAN_POINT('Ctrl Pts',(-0.000338657232757,0.816081842192,9.568397391763));
#8290=CARTESIAN_POINT('Ctrl Pts',(0.02551318183903,3.092427261216,9.080755591207));
#8291=CARTESIAN_POINT('Ctrl Pts',(0.0513650317045,5.153308643013,8.079615055097));
#8292=CARTESIAN_POINT('Ctrl Pts',(0.07650030993104,6.864099347302,6.693759784613));
#8293=CARTESIAN_POINT('Ctrl Pts',(0.1030136244833,8.261088385674,4.876066549968));
#8294=CARTESIAN_POINT('Ctrl Pts',(0.1295269281607,9.171741079621,2.80221545419));
#8295=CARTESIAN_POINT('Ctrl Pts',(0.1567568160119,9.572721992107,0.5436683414139));
#8296=CARTESIAN_POINT('Ctrl Pts',(0.1839867110387,9.437468286277,-1.719951943942));
#8297=CARTESIAN_POINT('Ctrl Pts',(0.2127094618913,8.736564397935,-3.974999995431));
#8298=CARTESIAN_POINT('Ctrl Pts',(0.2473811047537,7.264377705733,-6.377220955964));
#8299=CARTESIAN_POINT('Ctrl Pts',(0.2892735971863,4.676566101899,-8.554865232824));
#8300=CARTESIAN_POINT('Ctrl Pts',(0.3376107156169,1.018466011218,-9.70587594132));
#8301=CARTESIAN_POINT('Ctrl Pts',(0.3792823663461,-2.20390740024,-9.391980142279));
#8302=CARTESIAN_POINT('Ctrl Pts',(0.413733155989,-4.60353823434,-8.390969927716));
#8303=CARTESIAN_POINT('Ctrl Pts',(0.4481839841507,-6.720824061398,-6.92366002692));
#8304=CARTESIAN_POINT('Ctrl Pts',(0.4919502716845,-8.727433221294,-4.347865448325));
#8305=CARTESIAN_POINT('Ctrl Pts',(0.5443155164339,-9.73966615975,-0.6397227298347));
#8306=CARTESIAN_POINT('Ctrl Pts',(0.5894598238185,-9.297206700368,2.57896468332));
#8307=CARTESIAN_POINT('Ctrl Pts',(0.6267815428557,-8.194659742366,4.945794727931));
#8308=CARTESIAN_POINT('Ctrl Pts',(0.6627252543878,-6.690615440074,6.933562371421));
#8309=CARTESIAN_POINT('Ctrl Pts',(0.7072678764449,-4.209842164492,8.756762353153));
#8310=CARTESIAN_POINT('Ctrl Pts',(0.7596331093625,-0.7676189663488,9.695469535917));
#8311=CARTESIAN_POINT('Ctrl Pts',(0.8148693109269,2.91025174645,9.292496096732));
#8312=CARTESIAN_POINT('Ctrl Pts',(0.8701054684026,6.120399774049,7.563000546851));
#8313=CARTESIAN_POINT('Ctrl Pts',(0.9268345243418,8.482342125752,4.75105811679));
#8314=CARTESIAN_POINT('Ctrl Pts',(0.9835636282085,9.643087660084,1.319485904491));
#8315=CARTESIAN_POINT('Ctrl Pts',(1.032470004225,9.47358813793,-1.747021267758));
#8316=CARTESIAN_POINT('Ctrl Pts',(1.072901934922,8.649410675984,-4.082524210639));
#8317=CARTESIAN_POINT('Ctrl Pts',(1.109190924811,7.51419697529,-5.974184284705));
#8318=CARTESIAN_POINT('Ctrl Pts',(1.151924520158,5.678481328254,-7.793139952982));
#8319=CARTESIAN_POINT('Ctrl Pts',(1.200261739423,3.115736759244,-9.133390155371));
#8320=CARTESIAN_POINT('Ctrl Pts',(1.251249053372,0.1494849850266,-9.658120433646));
#8321=CARTESIAN_POINT('Ctrl Pts',(1.302236347426,-2.800280830563,-9.240041964948));
#8322=CARTESIAN_POINT('Ctrl Pts',(1.354601714518,-5.512693661298,-7.922193899553));
#8323=CARTESIAN_POINT('Ctrl Pts',(1.406967062508,-7.67485021438,-5.865825842246));
#8324=CARTESIAN_POINT('Ctrl Pts',(1.462203363126,-9.148979901265,-3.129522047787));
#8325=CARTESIAN_POINT('Ctrl Pts',(1.516061588806,-9.651484528871,-0.1743253179737));
#8326=CARTESIAN_POINT('Ctrl Pts',(1.569919863884,-9.23759918929,2.746832652054));
#8327=CARTESIAN_POINT('Ctrl Pts',(1.622285256094,-8.042688073461,5.323970171038));
#8328=CARTESIAN_POINT('Ctrl Pts',(1.677521587767,-6.054758308732,7.51953272087));
#8329=CARTESIAN_POINT('Ctrl Pts',(1.732757891184,-3.516370934721,8.986964291837));
#8330=CARTESIAN_POINT('Ctrl Pts',(1.789487124914,-0.6154659052192,9.627538989365));
#8331=CARTESIAN_POINT('Ctrl Pts',(1.846216326998,2.315593153495,9.37375648895));
#8332=CARTESIAN_POINT('Ctrl Pts',(1.906055748747,5.142529289588,8.183566555079));
#8333=CARTESIAN_POINT('Ctrl Pts',(1.963024194718,7.315442101936,6.277065222049));
#8334=CARTESIAN_POINT('Ctrl Pts',(2.018499829242,8.777297793369,3.924029496827));
#8335=CARTESIAN_POINT('Ctrl Pts',(2.070865302501,9.513400881942,1.4378831623));
#8336=CARTESIAN_POINT('Ctrl Pts',(2.126101709556,9.545296886605,-1.269581947907));
#8337=CARTESIAN_POINT('Ctrl Pts',(2.181338100538,8.821429065574,-3.854036996989));
#8338=CARTESIAN_POINT('Ctrl Pts',(2.238067417421,7.386439743895,-6.169780673651));
#8339=CARTESIAN_POINT('Ctrl Pts',(2.294796707174,5.386031597126,-7.984922275278));
#8340=CARTESIAN_POINT('Ctrl Pts',(2.354636210324,2.846001911571,-9.210510459587));
#8341=CARTESIAN_POINT('Ctrl Pts',(2.412982795758,0.152328573139,-9.626070349424));
#8342=CARTESIAN_POINT('Ctrl Pts',(2.471329434283,-2.515323189655,-9.279792277295));
#8343=CARTESIAN_POINT('Ctrl Pts',(2.528058776831,-4.907764591908,-8.275871156103));
#8344=CARTESIAN_POINT('Ctrl Pts',(2.587898322622,-7.026270209193,-6.585011031407));
#8345=CARTESIAN_POINT('Ctrl Pts',(2.647737839711,-8.570419440595,-4.384898541807));
#8346=CARTESIAN_POINT('Ctrl Pts',(2.70919469828,-9.454426372842,-1.802582021131));
#8347=CARTESIAN_POINT('Ctrl Pts',(2.770651527022,-9.590005871107,0.9013155479233));
#8348=CARTESIAN_POINT('Ctrl Pts',(2.835477783358,-8.923598905007,3.649397340453));
#8349=CARTESIAN_POINT('Ctrl Pts',(2.894543708704,-7.62060585429,5.846656945674));
#8350=CARTESIAN_POINT('Ctrl Pts',(2.949121508249,-5.968415059764,7.482740608627));
#8351=CARTESIAN_POINT('Ctrl Pts',(2.997459023528,-4.243853564037,8.584519071586));
#8352=CARTESIAN_POINT('Ctrl Pts',(3.0484466461,-2.230521684974,9.318359151075));
#8353=CARTESIAN_POINT('Ctrl Pts',(3.099434252566,-0.1177895922218,9.579584016459));
#8354=CARTESIAN_POINT('Ctrl Pts',(3.151799943923,2.038902552911,9.359694048141));
#8355=CARTESIAN_POINT('Ctrl Pts',(3.204165614436,4.080252252897,8.672433191144));
#8356=CARTESIAN_POINT('Ctrl Pts',(3.259402259559,5.996561289684,7.484263214701));
#8357=CARTESIAN_POINT('Ctrl Pts',(3.313260828577,7.528543274571,5.92820823198));
#8358=CARTESIAN_POINT('Ctrl Pts',(3.367119440531,8.659588206954,4.0845969174));
#8359=CARTESIAN_POINT('Ctrl Pts',(3.419485163757,9.344221113985,2.10994404898));
#8360=CARTESIAN_POINT('Ctrl Pts',(3.474721842085,9.584865191964,-0.06528364243584));
#8361=CARTESIAN_POINT('Ctrl Pts',(3.52995851002,9.32220909954,-2.223630440703));
#8362=CARTESIAN_POINT('Ctrl Pts',(3.586688102143,8.562055102799,-4.303158413169));
#8363=CARTESIAN_POINT('Ctrl Pts',(3.643417676705,7.359528729536,-6.145419811857));
#8364=CARTESIAN_POINT('Ctrl Pts',(3.703257476824,5.686040046422,-7.727630690739));
#8365=CARTESIAN_POINT('Ctrl Pts',(3.760226311774,3.789796686994,-8.79866476496));
#8366=CARTESIAN_POINT('Ctrl Pts',(3.815702315572,1.778389223722,-9.399533749941));
#8367=CARTESIAN_POINT('Ctrl Pts',(3.868068129507,-0.1845246998823,-9.568957816549));
#8368=CARTESIAN_POINT('Ctrl Pts',(3.923304908049,-2.232714800138,-9.311879815424));
#8369=CARTESIAN_POINT('Ctrl Pts',(3.978541677665,-4.164847495764,-8.621422842258));
#8370=CARTESIAN_POINT('Ctrl Pts',(4.035271368326,-5.93641433245,-7.511030740072));
#8371=CARTESIAN_POINT('Ctrl Pts',(4.092001049671,-7.420921241655,-6.056396250354));
#8372=CARTESIAN_POINT('Ctrl Pts',(4.151840955451,-8.601533110368,-4.227409966338));
#8373=CARTESIAN_POINT('Ctrl Pts',(4.210187951513,-9.311113922362,-2.241014794161));
#8374=CARTESIAN_POINT('Ctrl Pts',(4.268534995068,-9.568300479195,-0.1661888570652));
#8375=CARTESIAN_POINT('Ctrl Pts',(4.325264736873,-9.394478903976,1.847420766264));
#8376=CARTESIAN_POINT('Ctrl Pts',(4.385104697624,-8.763789315781,3.868758807343));
#8377=CARTESIAN_POINT('Ctrl Pts',(4.444944647555,-7.706461673768,5.688514507463));
#8378=CARTESIAN_POINT('Ctrl Pts',(4.506401926879,-6.247093193807,7.259688453484));
#8379=CARTESIAN_POINT('Ctrl Pts',(4.567859237094,-4.489557486774,8.46590851467));
#8380=CARTESIAN_POINT('Ctrl Pts',(4.632685863721,-2.410996436051,9.280387184005));
#8381=CARTESIAN_POINT('Ctrl Pts',(4.710939114142,0.2418156341812,9.648259163825));
#8382=CARTESIAN_POINT('Ctrl Pts',(4.805489659604,3.431194526901,9.105698518991));
#8383=CARTESIAN_POINT('Ctrl Pts',(4.914585674046,6.588395751856,7.178491363702));
#8384=CARTESIAN_POINT('Ctrl Pts',(5.008637790494,8.450858350395,4.639407200605));
#8385=CARTESIAN_POINT('Ctrl Pts',(5.08639258957,9.30205437397,2.240859666385));
#8386=CARTESIAN_POINT('Ctrl Pts',(5.164147626955,9.640822744263,-0.26762310225));
#8387=CARTESIAN_POINT('Ctrl Pts',(5.262927401618,9.115232772808,-3.449582012973));
#8388=CARTESIAN_POINT('Ctrl Pts',(5.381115043188,7.098764710539,-6.697752794748));
#8389=CARTESIAN_POINT('Ctrl Pts',(5.483005018748,4.437194876619,-8.569049739215));
#8390=CARTESIAN_POINT('Ctrl Pts',(5.567239600075,1.936907044659,-9.374570343227));
#8391=CARTESIAN_POINT('Ctrl Pts',(5.648364188413,-0.5667027230133,-9.621492603456));
#8392=CARTESIAN_POINT('Ctrl Pts',(5.748896284109,-3.629462653455,-9.020350820941));
#8393=CARTESIAN_POINT('Ctrl Pts',(5.867084201674,-6.697046219646,-7.066486118949));
#8394=CARTESIAN_POINT('Ctrl Pts',(5.968974451353,-8.496748103951,-4.545560446338));
#8395=CARTESIAN_POINT('Ctrl Pts',(6.053209218132,-9.314884035982,-2.177754714071));
#8396=CARTESIAN_POINT('Ctrl Pts',(6.137444250777,-9.635658752732,0.2934021664452));
#8397=CARTESIAN_POINT('Ctrl Pts',(6.244456197804,-9.116494640497,3.425201293605));
#8398=CARTESIAN_POINT('Ctrl Pts',(6.372493474319,-7.148191970327,6.633687031256));
#8399=CARTESIAN_POINT('Ctrl Pts',(6.482874794203,-4.547813169212,8.50595024709));
#8400=CARTESIAN_POINT('Ctrl Pts',(6.574129469995,-2.096523369852,9.33809478847));
#8401=CARTESIAN_POINT('Ctrl Pts',(6.653383484199,0.1240509075976,9.598683809317));
#8402=CARTESIAN_POINT('Ctrl Pts',(6.744311980088,2.657236776142,9.260480474527));
#8403=CARTESIAN_POINT('Ctrl Pts',(6.845016884398,5.219662282176,8.107506500472));
#8404=CARTESIAN_POINT('Ctrl Pts',(6.951243066014,7.424515339277,6.167489013973));
#8405=CARTESIAN_POINT('Ctrl Pts',(7.057469163609,8.924325076879,3.668742977783));
#8406=CARTESIAN_POINT('Ctrl Pts',(7.166566449147,9.613960253673,0.7906144158568));
#8407=CARTESIAN_POINT('Ctrl Pts',(7.275663684538,9.41526604059,-2.139870854311));
#8408=CARTESIAN_POINT('Ctrl Pts',(7.390742370869,8.278005114016,-4.990016223719));
#8409=CARTESIAN_POINT('Ctrl Pts',(7.502949934681,6.361836535477,-7.256783738212));
#8410=CARTESIAN_POINT('Ctrl Pts',(7.61515775107,3.883589288381,-8.818454680106));
#8411=CARTESIAN_POINT('Ctrl Pts',(7.724255308677,1.159417649964,-9.574223345175));
#8412=CARTESIAN_POINT('Ctrl Pts',(7.839334286587,-1.793791783409,-9.485684962456));
#8413=CARTESIAN_POINT('Ctrl Pts',(7.954413198597,-4.557124757426,-8.507000798853));
#8414=CARTESIAN_POINT('Ctrl Pts',(8.072602589527,-6.931220561948,-6.71143497522));
#8415=CARTESIAN_POINT('Ctrl Pts',(8.190791938172,-8.644330965418,-4.305202958333));
#8416=CARTESIAN_POINT('Ctrl Pts',(8.31546127893,-9.57103270192,-1.362152793466));
#8417=CARTESIAN_POINT('Ctrl Pts',(8.434149175467,-9.516276227121,1.550804817731));
#8418=CARTESIAN_POINT('Ctrl Pts',(8.54972713323,-8.647082181771,4.208495146418));
#8419=CARTESIAN_POINT('Ctrl Pts',(8.658825393299,-7.195949464726,6.390964635651));
#8420=CARTESIAN_POINT('Ctrl Pts',(8.773905086601,-5.108366349357,8.166573490532));
#8421=CARTESIAN_POINT('Ctrl Pts',(8.888984752917,-2.620632350247,9.266734721715));
#8422=CARTESIAN_POINT('Ctrl Pts',(9.007174917753,0.119973407506,9.627253889823));
#8423=CARTESIAN_POINT('Ctrl Pts',(9.125365063759,2.831946290095,9.210383486202));
#8424=CARTESIAN_POINT('Ctrl Pts',(9.250035221713,5.421065802577,7.977398812085));
#8425=CARTESIAN_POINT('Ctrl Pts',(9.371594986732,7.458558769418,6.094593646801));
#8426=CARTESIAN_POINT('Ctrl Pts',(9.493155068265,8.86168949352,3.741081044363));
#8427=CARTESIAN_POINT('Ctrl Pts',(9.61134567985,9.552840255648,1.188227105651));
#8428=CARTESIAN_POINT('Ctrl Pts',(9.736016281957,9.505171433109,-1.57617276383));
#8429=CARTESIAN_POINT('Ctrl Pts',(9.860686849885,8.673074696826,-4.190434395038));
#8430=CARTESIAN_POINT('Ctrl Pts',(9.98872720211,7.108393694384,-6.496844575753));
#8431=CARTESIAN_POINT('Ctrl Pts',(10.11676752033,4.973784823604,-8.255497018242));
#8432=CARTESIAN_POINT('Ctrl Pts',(10.25182800695,2.306512222795,-9.367442188636));
#8433=CARTESIAN_POINT('Ctrl Pts',(10.37753745394,-0.3501082460882,-9.610385629283));
#8434=CARTESIAN_POINT('Ctrl Pts',(10.49676751133,-2.804331823961,-9.168337867775));
#8435=CARTESIAN_POINT('Ctrl Pts',(10.60586748791,-4.880754399633,-8.258958819197));
#8436=CARTESIAN_POINT('Ctrl Pts',(10.72094901769,-6.762123888596,-6.81394643631));
#8437=CARTESIAN_POINT('Ctrl Pts',(10.83603056506,-8.216565287248,-4.960971345185));
#8438=CARTESIAN_POINT('Ctrl Pts',(10.95422267186,-9.188096555384,-2.770106310357));
#8439=CARTESIAN_POINT('Ctrl Pts',(11.0724148039,-9.593305502864,-0.4249468119102));
#8440=CARTESIAN_POINT('Ctrl Pts',(11.19708707058,-9.387272086807,2.055790214301));
#8441=CARTESIAN_POINT('Ctrl Pts',(11.31864895808,-8.571748913832,4.322638887249));
#8442=CARTESIAN_POINT('Ctrl Pts',(11.44021117957,-7.234889030108,6.295306812241));
#8443=CARTESIAN_POINT('Ctrl Pts',(11.55840390283,-5.531086328612,7.841695298023));
#8444=CARTESIAN_POINT('Ctrl Pts',(11.6830767695,-3.408809187678,8.97728207257));
#8445=CARTESIAN_POINT('Ctrl Pts',(11.80774964426,-1.086597312207,9.539140394761));
#8446=CARTESIAN_POINT('Ctrl Pts',(11.93579240311,1.342878754823,9.504827198109));
#8447=CARTESIAN_POINT('Ctrl Pts',(12.06383518034,3.671342219478,8.876106985191));
#8448=CARTESIAN_POINT('Ctrl Pts',(12.19889827174,5.858405139425,7.621028908864));
#8449=CARTESIAN_POINT('Ctrl Pts',(12.32748135249,7.540187339512,5.934604307317));
#8450=CARTESIAN_POINT('Ctrl Pts',(12.45269530948,8.717869041199,3.968973009111));
#8451=CARTESIAN_POINT('Ctrl Pts',(12.5708893793,9.387988588817,1.927940464424));
#8452=CARTESIAN_POINT('Ctrl Pts',(12.6955636776,9.584637721198,-0.3112194572584));
#8453=CARTESIAN_POINT('Ctrl Pts',(12.82023803483,9.251676415028,-2.517603744469));
#8454=CARTESIAN_POINT('Ctrl Pts',(12.9482823199,8.399231068618,-4.621531664919));
#8455=CARTESIAN_POINT('Ctrl Pts',(13.07632667611,7.092797399465,-6.457737418992));
#8456=CARTESIAN_POINT('Ctrl Pts',(13.21139142008,5.308360007472,-7.996973088829));
#8457=CARTESIAN_POINT('Ctrl Pts',(13.34308656784,3.268665016698,-9.015413268643));
#8458=CARTESIAN_POINT('Ctrl Pts',(13.47478216873,1.070914192377,-9.520934534642));
#8459=CARTESIAN_POINT('Ctrl Pts',(13.60282744653,-1.10579780172,-9.522094268761));
#8460=CARTESIAN_POINT('Ctrl Pts',(13.73789314147,-3.321223287765,-8.998591919935));
#8461=CARTESIAN_POINT('Ctrl Pts',(13.87295892116,-5.332581950486,-7.9709319736));
#8462=CARTESIAN_POINT('Ctrl Pts',(14.01167560339,-7.073768926243,-6.47343995275));
#8463=CARTESIAN_POINT('Ctrl Pts',(14.15039237778,-8.405968920467,-4.624757075725));
#8464=CARTESIAN_POINT('Ctrl Pts',(14.32807434153,-9.481837795144,-1.9404131739));
#8465=CARTESIAN_POINT('Ctrl Pts',(14.45829987518,-9.590792660664,0.1805821015308));
#8466=CARTESIAN_POINT('Ctrl Pts',(14.54107149861,-9.383168857755,1.474255873325));
#8467=CARTESIAN_POINT('Ctrl Pts',(-0.4025680219092,-1.558051639644,9.766061990302));
#8468=CARTESIAN_POINT('Ctrl Pts',(-0.3922100766805,-0.05735243050123,10.01022129302));
#8469=CARTESIAN_POINT('Ctrl Pts',(-0.3745322094926,2.531300680525,9.808254139324));
#8470=CARTESIAN_POINT('Ctrl Pts',(-0.3495257940361,5.699289244657,8.273707280433));
#8471=CARTESIAN_POINT('Ctrl Pts',(-0.3269342481301,7.955369872069,6.144807610352));
#8472=CARTESIAN_POINT('Ctrl Pts',(-0.3043442847902,9.41854121363,3.489866679663));
#8473=CARTESIAN_POINT('Ctrl Pts',(-0.2811416144128,10.02465652025,0.5153958205119));
#8474=CARTESIAN_POINT('Ctrl Pts',(-0.2579411272571,9.740975247396,-2.443585079357));
#8475=CARTESIAN_POINT('Ctrl Pts',(-0.23346648977,8.555429897335,-5.271112687794));
#8476=CARTESIAN_POINT('Ctrl Pts',(-0.2096052673378,6.659133557173,-7.501805120893));
#8477=CARTESIAN_POINT('Ctrl Pts',(-0.1857406436001,4.263770947047,-9.06194973836));
#8478=CARTESIAN_POINT('Ctrl Pts',(-0.1625402191069,1.65934718391,-9.88156305406));
#8479=CARTESIAN_POINT('Ctrl Pts',(-0.1380654482913,-1.165181281757,-9.957979486948));
#8480=CARTESIAN_POINT('Ctrl Pts',(-0.1135934796207,-3.849288708092,-9.25185583362));
#8481=CARTESIAN_POINT('Ctrl Pts',(-0.08845728359723,-6.251811863278,-7.825749381121));
#8482=CARTESIAN_POINT('Ctrl Pts',(-0.06332291302083,-8.147036231596,-5.836078805425));
#8483=CARTESIAN_POINT('Ctrl Pts',(-0.03680919867526,-9.465041991176,-3.312864953056));
#8484=CARTESIAN_POINT('Ctrl Pts',(-0.01156976927893,-9.980890029466,-0.6983472750355));
#8485=CARTESIAN_POINT('Ctrl Pts',(0.01301169771295,-9.813439225992,1.839225758466));
#8486=CARTESIAN_POINT('Ctrl Pts',(0.03621206686329,-9.108674564081,4.100050417626));
#8487=CARTESIAN_POINT('Ctrl Pts',(0.06068623279036,-7.834044972425,6.205985137628));
#8488=CARTESIAN_POINT('Ctrl Pts',(0.08515922409235,-6.104239200313,7.909609817293));
#8489=CARTESIAN_POINT('Ctrl Pts',(0.1102947860064,-3.990071722429,9.156986963474));
#8490=CARTESIAN_POINT('Ctrl Pts',(0.135429006693,-1.669363273467,9.853038850557));
#8491=CARTESIAN_POINT('Ctrl Pts',(0.1619432816603,0.8477261284779,9.963188389166));
#8492=CARTESIAN_POINT('Ctrl Pts',(0.1877932380966,3.217895667163,9.455971296152));
#8493=CARTESIAN_POINT('Ctrl Pts',(0.2136463054316,5.36408778825,8.413959629621));
#8494=CARTESIAN_POINT('Ctrl Pts',(0.2387803340283,7.145656154304,6.971396197099));
#8495=CARTESIAN_POINT('Ctrl Pts',(0.2652940507035,8.600696257774,5.079032730002));
#8496=CARTESIAN_POINT('Ctrl Pts',(0.2918065448635,9.549339426006,2.919923972719));
#8497=CARTESIAN_POINT('Ctrl Pts',(0.3190366953147,9.967401875191,0.5683054683506));
#8498=CARTESIAN_POINT('Ctrl Pts',(0.3462658355529,9.82709165626,-1.788633767966));
#8499=CARTESIAN_POINT('Ctrl Pts',(0.3749877371222,9.097868379706,-4.136796110723));
#8500=CARTESIAN_POINT('Ctrl Pts',(0.4096619387185,7.565416083847,-6.638595539236));
#8501=CARTESIAN_POINT('Ctrl Pts',(0.4515501535567,4.871652656218,-8.906460983678));
#8502=CARTESIAN_POINT('Ctrl Pts',(0.4998892270655,1.062869350249,-10.10588069692));
#8503=CARTESIAN_POINT('Ctrl Pts',(0.5415557948952,-2.292116296771,-9.779969545934));
#8504=CARTESIAN_POINT('Ctrl Pts',(0.576010562831,-4.791260520828,-8.73822347801));
#8505=CARTESIAN_POINT('Ctrl Pts',(0.6104622956356,-6.996275320873,-7.210874442246));
#8506=CARTESIAN_POINT('Ctrl Pts',(0.6542251520517,-9.086160996088,-4.529576870368));
#8507=CARTESIAN_POINT('Ctrl Pts',(0.7065920316567,-10.14114986489,-0.6686951950261));
#8508=CARTESIAN_POINT('Ctrl Pts',(0.7517303396984,-9.681455923669,2.682461982949));
#8509=CARTESIAN_POINT('Ctrl Pts',(0.7890571686044,-8.533986326343,5.147546957788));
#8510=CARTESIAN_POINT('Ctrl Pts',(0.8250006872453,-6.968438212899,7.217672664772));
#8511=CARTESIAN_POINT('Ctrl Pts',(0.8695410987308,-4.386005209448,9.116671592931));
#8512=CARTESIAN_POINT('Ctrl Pts',(0.9219049889405,-0.8021873516088,10.09510524185));
#8513=CARTESIAN_POINT('Ctrl Pts',(0.9771429204528,3.02758072483,9.676570895728));
#8514=CARTESIAN_POINT('Ctrl Pts',(1.032374665209,6.370399996682,7.876865651246));
#8515=CARTESIAN_POINT('Ctrl Pts',(1.089106895197,8.830769844873,4.949547614223));
#8516=CARTESIAN_POINT('Ctrl Pts',(1.145834409666,10.04031997678,1.376894168565));
#8517=CARTESIAN_POINT('Ctrl Pts',(1.19473513221,9.864925120471,-1.815788637222));
#8518=CARTESIAN_POINT('Ctrl Pts',(1.235172595205,9.007415417719,-4.248201134199));
#8519=CARTESIAN_POINT('Ctrl Pts',(1.271459816392,7.826020579071,-6.218132376761));
#8520=CARTESIAN_POINT('Ctrl Pts',(1.314193074589,5.9152182164,-8.112688962725));
#8521=CARTESIAN_POINT('Ctrl Pts',(1.362529352289,3.247273120256,-9.509034558066));
#8522=CARTESIAN_POINT('Ctrl Pts',(1.413516677659,0.1588697929107,-10.05638520325));
#8523=CARTESIAN_POINT('Ctrl Pts',(1.464501887916,-2.912572713998,-9.622089744744));
#8524=CARTESIAN_POINT('Ctrl Pts',(1.516868692848,-5.737367040072,-8.25078795819));
#8525=CARTESIAN_POINT('Ctrl Pts',(1.569231480247,-7.989301292954,-6.110455187338));
#8526=CARTESIAN_POINT('Ctrl Pts',(1.624469241272,-9.525208956684,-3.261757134512));
#8527=CARTESIAN_POINT('Ctrl Pts',(1.678323016405,-10.04946977339,-0.1851007804753));
#8528=CARTESIAN_POINT('Ctrl Pts',(1.732184706343,-9.619550537247,2.856852331114));
#8529=CARTESIAN_POINT('Ctrl Pts',(1.784546845516,-8.37636118879,5.540553862921));
#8530=CARTESIAN_POINT('Ctrl Pts',(1.839785184391,-6.307185370795,7.827457144051));
#8531=CARTESIAN_POINT('Ctrl Pts',(1.895017159797,-3.664853762999,9.35624779503));
#8532=CARTESIAN_POINT('Ctrl Pts',(1.951749429846,-0.6444130756095,10.02437340599));
#8533=CARTESIAN_POINT('Ctrl Pts',(2.008475027668,2.407447668689,9.76125049199));
#8534=CARTESIAN_POINT('Ctrl Pts',(2.06831743335,5.351543508728,8.522993605051));
#8535=CARTESIAN_POINT('Ctrl Pts',(2.125279786502,7.614594133475,6.538916474064));
#8536=CARTESIAN_POINT('Ctrl Pts',(2.180759204629,9.137774782524,4.08927284182));
#8537=CARTESIAN_POINT('Ctrl Pts',(2.233121658383,9.905168358953,1.501020497375));
#8538=CARTESIAN_POINT('Ctrl Pts',(2.288359322538,9.939463748871,-1.318140195207));
#8539=CARTESIAN_POINT('Ctrl Pts',(2.343591959721,9.186849163423,-4.009307328936));
#8540=CARTESIAN_POINT('Ctrl Pts',(2.400324149071,7.693563894088,-6.421254088967));
#8541=CARTESIAN_POINT('Ctrl Pts',(2.457050047233,5.611516474521,-8.311970079634));
#8542=CARTESIAN_POINT('Ctrl Pts',(2.516891536008,2.967169476401,-9.589191939888));
#8543=CARTESIAN_POINT('Ctrl Pts',(2.575233661487,0.1627821047195,-10.02300152025));
#8544=CARTESIAN_POINT('Ctrl Pts',(2.633582950567,-2.615146186738,-9.663570115662));
#8545=CARTESIAN_POINT('Ctrl Pts',(2.690308679754,-5.106536679273,-8.619334404819));
#8546=CARTESIAN_POINT('Ctrl Pts',(2.750150098976,-7.313206555549,-6.859618150564));
#8547=CARTESIAN_POINT('Ctrl Pts',(2.809985772801,-8.921909398266,-4.569586602442));
#8548=CARTESIAN_POINT('Ctrl Pts',(2.871444932937,-9.843550978994,-1.881079648878));
#8549=CARTESIAN_POINT('Ctrl Pts',(2.932897996864,-9.985929971431,0.9341110194556));
#8550=CARTESIAN_POINT('Ctrl Pts',(2.997727817107,-9.29322727128,3.795957256672));
#8551=CARTESIAN_POINT('Ctrl Pts',(3.056786334366,-7.937672184976,6.08416796632));
#8552=CARTESIAN_POINT('Ctrl Pts',(3.111369102588,-6.217961975766,7.788640728526));
#8553=CARTESIAN_POINT('Ctrl Pts',(3.159703061047,-4.422904953556,8.936564454392));
#8554=CARTESIAN_POINT('Ctrl Pts',(3.210692317642,-2.326827276425,9.701633654022));
#8555=CARTESIAN_POINT('Ctrl Pts',(3.261676757288,-0.1272156940773,9.974605974039));
#8556=CARTESIAN_POINT('Ctrl Pts',(3.314044169542,2.118589746324,9.746663976279));
#8557=CARTESIAN_POINT('Ctrl Pts',(3.366406809643,4.244336949378,9.03207080308));
#8558=CARTESIAN_POINT('Ctrl Pts',(3.421645113102,6.240300070565,7.795788570954));
#8559=CARTESIAN_POINT('Ctrl Pts',(3.47550046585,7.836122507512,6.176392054968));
#8560=CARTESIAN_POINT('Ctrl Pts',(3.529360313306,9.014740813813,4.257265096654));
#8561=CARTESIAN_POINT('Ctrl Pts',(3.581724007723,9.728547004357,2.201586617438));
#8562=CARTESIAN_POINT('Ctrl Pts',(3.63696101252,9.980191985992,-0.06323789335776));
#8563=CARTESIAN_POINT('Ctrl Pts',(3.69219511711,9.707797439971,-2.310628957259));
#8564=CARTESIAN_POINT('Ctrl Pts',(3.748926209282,8.917318921817,-4.47634993599));
#8565=CARTESIAN_POINT('Ctrl Pts',(3.805652992938,7.666188607041,-6.395105100627));
#8566=CARTESIAN_POINT('Ctrl Pts',(3.865493980432,5.924459515673,-8.04344471209));
#8567=CARTESIAN_POINT('Ctrl Pts',(3.922459088638,3.950689196978,-9.159557883385));
#8568=CARTESIAN_POINT('Ctrl Pts',(3.977937256854,1.856567619825,-9.786274401856));
#8569=CARTESIAN_POINT('Ctrl Pts',(4.030300315189,-0.1871075141538,-9.963691672864));
#8570=CARTESIAN_POINT('Ctrl Pts',(4.08553773342,-2.319920706682,-9.697086470984));
#8571=CARTESIAN_POINT('Ctrl Pts',(4.140772157894,-4.332018806162,-8.979203964169));
#8572=CARTESIAN_POINT('Ctrl Pts',(4.197502730185,-6.177259746329,-7.823944510804));
#8573=CARTESIAN_POINT('Ctrl Pts',(4.254229906523,-7.72370118154,-6.310178267623));
#8574=CARTESIAN_POINT('Ctrl Pts',(4.314070606132,-8.953999801368,-4.406378987175));
#8575=CARTESIAN_POINT('Ctrl Pts',(4.372414510953,-9.693887089322,-2.338554694776));
#8576=CARTESIAN_POINT('Ctrl Pts',(4.430762927828,-9.962823216026,-0.1782580171226));
#8577=CARTESIAN_POINT('Ctrl Pts',(4.48749021259,-9.78294590696,1.918402386242));
#8578=CARTESIAN_POINT('Ctrl Pts',(4.547331056792,-9.127355987646,4.023475670665));
#8579=CARTESIAN_POINT('Ctrl Pts',(4.607167907832,-8.027492685491,5.918773388562));
#8580=CARTESIAN_POINT('Ctrl Pts',(4.66862618743,-6.508804132094,7.555590913131));
#8581=CARTESIAN_POINT('Ctrl Pts',(4.730081696817,-4.679514671234,8.812499285298));
#8582=CARTESIAN_POINT('Ctrl Pts',(4.794905674592,-2.515789453702,9.661740940322));
#8583=CARTESIAN_POINT('Ctrl Pts',(4.873164750686,0.2464066498512,10.04630621936));
#8584=CARTESIAN_POINT('Ctrl Pts',(4.967706149567,3.567329560986,9.483237666832));
#8585=CARTESIAN_POINT('Ctrl Pts',(5.076805542219,6.855924683171,7.478351911152));
#8586=CARTESIAN_POINT('Ctrl Pts',(5.170845967078,8.796508984652,4.83598776907));
#8587=CARTESIAN_POINT('Ctrl Pts',(5.248608288541,9.6843683861,2.33881838641));
#8588=CARTESIAN_POINT('Ctrl Pts',(5.326365700894,10.03856811611,-0.2729898463075));
#8589=CARTESIAN_POINT('Ctrl Pts',(5.425135631274,9.493292804334,-3.586186123869));
#8590=CARTESIAN_POINT('Ctrl Pts',(5.543328364853,7.395571598732,-6.969640982339));
#8591=CARTESIAN_POINT('Ctrl Pts',(5.645203155076,4.625818316756,-8.919546705288));
#8592=CARTESIAN_POINT('Ctrl Pts',(5.729448603041,2.022620594363,-9.760004159874));
#8593=CARTESIAN_POINT('Ctrl Pts',(5.810572283288,-0.5840569691605,-10.01863100115));
#8594=CARTESIAN_POINT('Ctrl Pts',(5.911097750363,-3.773311649073,-9.394710158571));
#8595=CARTESIAN_POINT('Ctrl Pts',(6.029288984771,-6.968706164583,-7.362173001926));
#8596=CARTESIAN_POINT('Ctrl Pts',(6.131166175979,-8.844079441954,-4.738799475225));
#8597=CARTESIAN_POINT('Ctrl Pts',(6.215408901927,-9.697630666047,-2.2736763007));
#8598=CARTESIAN_POINT('Ctrl Pts',(6.299645703522,-10.03322183873,0.2992316106492));
#8599=CARTESIAN_POINT('Ctrl Pts',(6.406648041645,-9.494794549917,3.560262091805));
#8600=CARTESIAN_POINT('Ctrl Pts',(6.534690232177,-7.447397379896,6.902459268873));
#8601=CARTESIAN_POINT('Ctrl Pts',(6.645054089495,-4.741498097853,8.853490410104));
#8602=CARTESIAN_POINT('Ctrl Pts',(6.73632262644,-2.189336989363,9.721795135805));
#8603=CARTESIAN_POINT('Ctrl Pts',(6.815570047734,0.1224543596671,9.994615124623));
#8604=CARTESIAN_POINT('Ctrl Pts',(6.906498851591,2.760342328683,9.644250490464));
#8605=CARTESIAN_POINT('Ctrl Pts',(7.007199185991,5.42914462101,8.445589453611));
#8606=CARTESIAN_POINT('Ctrl Pts',(7.113427521121,7.726332205664,6.427096989049));
#8607=CARTESIAN_POINT('Ctrl Pts',(7.219645295582,9.289684352361,3.826578846422));
#8608=CARTESIAN_POINT('Ctrl Pts',(7.32874715917,10.00987641849,0.830152028046));
#8609=CARTESIAN_POINT('Ctrl Pts',(7.437836292092,9.805147476375,-2.221120717327));
#8610=CARTESIAN_POINT('Ctrl Pts',(7.552919656397,8.623044997543,-5.189738638646));
#8611=CARTESIAN_POINT('Ctrl Pts',(7.665115625918,6.629746907471,-7.551196827386));
#8612=CARTESIAN_POINT('Ctrl Pts',(7.777330512532,4.0503379115,-9.179236291234));
#8613=CARTESIAN_POINT('Ctrl Pts',(7.886418846349,1.214617599945,-9.968169108905));
#8614=CARTESIAN_POINT('Ctrl Pts',(8.001501925855,-1.860535489888,-9.8782453154));
#8615=CARTESIAN_POINT('Ctrl Pts',(8.116571394085,-4.738364216122,-8.861418199445));
#8616=CARTESIAN_POINT('Ctrl Pts',(8.234765109598,-7.211845007109,-6.993608391328));
#8617=CARTESIAN_POINT('Ctrl Pts',(8.352945573566,-8.997379904398,-4.489672332822));
#8618=CARTESIAN_POINT('Ctrl Pts',(8.477620239377,-9.964659056968,-1.425882126926));
#8619=CARTESIAN_POINT('Ctrl Pts',(8.596293889593,-9.910011079584,1.60690743672));
#8620=CARTESIAN_POINT('Ctrl Pts',(8.711880527,-9.007085315236,4.375095182849));
#8621=CARTESIAN_POINT('Ctrl Pts',(8.820969417754,-7.498002524696,6.648562220607));
#8622=CARTESIAN_POINT('Ctrl Pts',(8.936052221154,-5.32575459032,8.499160992878));
#8623=CARTESIAN_POINT('Ctrl Pts',(9.051122902591,-2.736535960422,9.646680073366));
#8624=CARTESIAN_POINT('Ctrl Pts',(9.169316774247,0.1168580078167,10.02438334197));
#8625=CARTESIAN_POINT('Ctrl Pts',(9.287498667466,2.940837281022,9.592647582611));
#8626=CARTESIAN_POINT('Ctrl Pts',(9.412172351412,5.637837612081,8.310994958236));
#8627=CARTESIAN_POINT('Ctrl Pts',(9.533720273532,7.760790416656,6.352491306881));
#8628=CARTESIAN_POINT('Ctrl Pts',(9.655286287731,9.223904923581,3.903047163293));
#8629=CARTESIAN_POINT('Ctrl Pts',(9.773467719913,9.94573745372,1.245716911768));
#8630=CARTESIAN_POINT('Ctrl Pts',(9.898140834784,9.898554981676,-1.632765661516));
#8631=CARTESIAN_POINT('Ctrl Pts',(10.02280188304,9.03454754306,-4.355383926001));
#8632=CARTESIAN_POINT('Ctrl Pts',(10.15084578407,7.407390117847,-6.758371940198));
#8633=CARTESIAN_POINT('Ctrl Pts',(10.27887653954,5.186512797454,-8.591366005119));
#8634=CARTESIAN_POINT('Ctrl Pts',(10.41394138284,2.410195250134,-9.751632514348));
#8635=CARTESIAN_POINT('Ctrl Pts',(10.53963564077,-0.3554367287426,-10.00704869286));
#8636=CARTESIAN_POINT('Ctrl Pts',(10.65887404985,-2.91144476098,-9.549053456294));
#8637=CARTESIAN_POINT('Ctrl Pts',(10.76796409665,-5.074159263227,-8.604201847085));
#8638=CARTESIAN_POINT('Ctrl Pts',(10.88304774376,-7.034517208877,-7.101375535074));
#8639=CARTESIAN_POINT('Ctrl Pts',(10.9981211775,-8.55060811245,-5.173510639413));
#8640=CARTESIAN_POINT('Ctrl Pts',(11.11631456832,-9.564330401672,-2.893224765556));
#8641=CARTESIAN_POINT('Ctrl Pts',(11.2344992068,-9.988508520839,-0.4519001609774));
#8642=CARTESIAN_POINT('Ctrl Pts',(11.35917282709,-9.776410245653,2.131354311072));
#8643=CARTESIAN_POINT('Ctrl Pts',(11.48072453337,-8.929577032243,4.492302178029));
#8644=CARTESIAN_POINT('Ctrl Pts',(11.602289943,-7.539534252405,6.54770074873));
#8645=CARTESIAN_POINT('Ctrl Pts',(11.72047439392,-5.767144726117,8.159461158592));
#8646=CARTESIAN_POINT('Ctrl Pts',(11.84514802816,-3.558500046805,9.344033674552));
#8647=CARTESIAN_POINT('Ctrl Pts',(11.96981178598,-1.141273136961,9.931399714337));
#8648=CARTESIAN_POINT('Ctrl Pts',(12.09785605674,1.388441227215,9.898182222417));
#8649=CARTESIAN_POINT('Ctrl Pts',(12.22588981629,3.813414228088,9.246005825067));
#8650=CARTESIAN_POINT('Ctrl Pts',(12.36095465741,6.091997756857,7.94145483655));
#8651=CARTESIAN_POINT('Ctrl Pts',(12.48952518398,7.844759822336,6.187440172714));
#8652=CARTESIAN_POINT('Ctrl Pts',(12.61474325584,9.073147478019,4.141959056482));
#8653=CARTESIAN_POINT('Ctrl Pts',(12.73292815359,9.773039551387,2.017640594072));
#8654=CARTESIAN_POINT('Ctrl Pts',(12.85760252687,9.980232576996,-0.3136325103357));
#8655=CARTESIAN_POINT('Ctrl Pts',(12.98226823075,9.635980528008,-2.611209576924));
#8656=CARTESIAN_POINT('Ctrl Pts',(13.11031265039,8.750710921181,-4.802831681252));
#8657=CARTESIAN_POINT('Ctrl Pts',(13.23834860475,7.392535653045,-6.716087329252));
#8658=CARTESIAN_POINT('Ctrl Pts',(13.37341315872,5.536251337271,-8.320786912953));
#8659=CARTESIAN_POINT('Ctrl Pts',(13.50509728291,3.413775887468,-9.383451553231));
#8660=CARTESIAN_POINT('Ctrl Pts',(13.63679438243,1.125961153779,-9.912337620464));
#8661=CARTESIAN_POINT('Ctrl Pts',(13.76483048548,-1.14034935405,-9.916048103755));
#8662=CARTESIAN_POINT('Ctrl Pts',(13.89989533796,-3.447713721613,-9.373537929409));
#8663=CARTESIAN_POINT('Ctrl Pts',(14.03495091208,-5.543063523131,-8.305940065222));
#8664=CARTESIAN_POINT('Ctrl Pts',(14.17366772899,-7.357811036751,-6.748761574244));
#8665=CARTESIAN_POINT('Ctrl Pts',(14.31237335348,-8.747052155334,-4.825590360282));
#8666=CARTESIAN_POINT('Ctrl Pts',(14.49006020185,-9.870499136376,-2.031784540594));
#8667=CARTESIAN_POINT('Ctrl Pts',(14.62024468549,-9.986502274225,0.1758776398189));
#8668=CARTESIAN_POINT('Ctrl Pts',(14.70309410042,-9.771937023979,1.524383359429));
#8669=CARTESIAN_POINT('Ctrl Pts',(-0.1283227699554,-1.578091518364,9.878570858181));
#8670=CARTESIAN_POINT('Ctrl Pts',(-0.1179601834528,-0.0599440757425,10.12479399387));
#8671=CARTESIAN_POINT('Ctrl Pts',(-0.1002847445295,2.558316670221,9.921524675156));
#8672=CARTESIAN_POINT('Ctrl Pts',(-0.07527831037955,5.762968778198,8.369914781722));
#8673=CARTESIAN_POINT('Ctrl Pts',(-0.05268709197991,8.045388686457,6.217106709026));
#8674=CARTESIAN_POINT('Ctrl Pts',(-0.0300977874466,9.525913283959,3.532069129667));
#8675=CARTESIAN_POINT('Ctrl Pts',(-0.006895189540623,10.13965885024,0.5235928074576));
#8676=CARTESIAN_POINT('Ctrl Pts',(0.0163045858312,9.853415007574,-2.469353123705));
#8677=CARTESIAN_POINT('Ctrl Pts',(0.04077911241903,8.654922119211,-5.32960579479));
#8678=CARTESIAN_POINT('Ctrl Pts',(0.06463941882746,6.737464380293,-7.586304034892));
#8679=CARTESIAN_POINT('Ctrl Pts',(0.08850408507036,4.314981656651,-9.164958591595));
#8680=CARTESIAN_POINT('Ctrl Pts',(0.1117037955036,1.680928785736,-9.994615112713));
#8681=CARTESIAN_POINT('Ctrl Pts',(0.1361784746321,-1.17600168546,-10.07263329115));
#8682=CARTESIAN_POINT('Ctrl Pts',(0.1606495637321,-3.891028422721,-9.359126227057));
#8683=CARTESIAN_POINT('Ctrl Pts',(0.1857856617125,-6.321510735671,-7.917292938424));
#8684=CARTESIAN_POINT('Ctrl Pts',(0.2109194023916,-8.238993701389,-5.905333305502));
#8685=CARTESIAN_POINT('Ctrl Pts',(0.2374328458818,-9.572816326522,-3.353532740354));
#8686=CARTESIAN_POINT('Ctrl Pts',(0.262671382824,-10.09530442858,-0.709223938334));
#8687=CARTESIAN_POINT('Ctrl Pts',(0.2872529542221,-9.92666349629,1.85754600749));
#8688=CARTESIAN_POINT('Ctrl Pts',(0.3104525767605,-9.214473025139,4.144466054253));
#8689=CARTESIAN_POINT('Ctrl Pts',(0.3349264794136,-7.925844564176,6.274939241553));
#8690=CARTESIAN_POINT('Ctrl Pts',(0.359398866557,-6.176721004914,7.998603768052));
#8691=CARTESIAN_POINT('Ctrl Pts',(0.3845341413094,-4.038676783062,9.260927560598));
#8692=CARTESIAN_POINT('Ctrl Pts',(0.40966768413,-1.691591410521,9.965672621351));
#8693=CARTESIAN_POINT('Ctrl Pts',(0.4361818353673,0.8543555091659,10.07786650588));
#8694=CARTESIAN_POINT('Ctrl Pts',(0.4620308617803,3.251824245413,9.565590959008));
#8695=CARTESIAN_POINT('Ctrl Pts',(0.4878838935115,5.422991408971,8.512303923984));
#8696=CARTESIAN_POINT('Ctrl Pts',(0.5130171802598,7.225435514349,7.05379027511));
#8697=CARTESIAN_POINT('Ctrl Pts',(0.5395306108427,8.697791352432,5.140194229749));
#8698=CARTESIAN_POINT('Ctrl Pts',(0.5660424720663,9.658020470971,2.956654781294));
#8699=CARTESIAN_POINT('Ctrl Pts',(0.5932722862243,10.08167451828,0.5782007903685));
#8700=CARTESIAN_POINT('Ctrl Pts',(0.6205007922453,9.940555153652,-1.80579899866));
#8701=CARTESIAN_POINT('Ctrl Pts',(0.6492220140299,9.203792370823,-4.181129210848));
#8702=CARTESIAN_POINT('Ctrl Pts',(0.6838964177809,7.654603081568,-6.712198785672));
#8703=CARTESIAN_POINT('Ctrl Pts',(0.7257827562433,4.930818273043,-9.006968899027));
#8704=CARTESIAN_POINT('Ctrl Pts',(0.7741216483237,1.078759779211,-10.22153127027));
#8705=CARTESIAN_POINT('Ctrl Pts',(0.8157861110429,-2.314722497182,-9.893152989627));
#8706=CARTESIAN_POINT('Ctrl Pts',(0.8502415021981,-4.843000479929,-8.840375859488));
#8707=CARTESIAN_POINT('Ctrl Pts',(0.8846929512532,-7.073889047103,-7.29632418549));
#8708=CARTESIAN_POINT('Ctrl Pts',(0.9284541374308,-9.188728243361,-4.585134087563));
#8709=CARTESIAN_POINT('Ctrl Pts',(0.9808206668262,-10.25733042453,-0.6803656470857));
#8710=CARTESIAN_POINT('Ctrl Pts',(1.025956543599,-9.793737609297,2.709297587091));
#8711=CARTESIAN_POINT('Ctrl Pts',(1.06328426722,-8.634074037791,5.203211096852));
#8712=CARTESIAN_POINT('Ctrl Pts',(1.099227154429,-7.051407890706,7.297704684401));
#8713=CARTESIAN_POINT('Ctrl Pts',(1.143766219819,-4.440181826442,9.219522598157));
#8714=CARTESIAN_POINT('Ctrl Pts',(1.196128901355,-0.815702251868,10.21068885601));
#8715=CARTESIAN_POINT('Ctrl Pts',(1.251366442391,3.058190767103,9.788985639671));
#8716=CARTESIAN_POINT('Ctrl Pts',(1.306596033742,6.440061889099,7.970138817798));
#8717=CARTESIAN_POINT('Ctrl Pts',(1.363328274383,8.92998547161,5.010302944545));
#8718=CARTESIAN_POINT('Ctrl Pts',(1.420054398737,10.15497515385,1.39724663989));
#8719=CARTESIAN_POINT('Ctrl Pts',(1.468952715005,9.979062431398,-1.832034257725));
#8720=CARTESIAN_POINT('Ctrl Pts',(1.509391118241,9.112818175646,-4.2928283547));
#8721=CARTESIAN_POINT('Ctrl Pts',(1.545677231712,7.918800927337,-6.285870434881));
#8722=CARTESIAN_POINT('Ctrl Pts',(1.588409693527,5.986986015133,-8.203049182687));
#8723=CARTESIAN_POINT('Ctrl Pts',(1.636744908599,3.289124973175,-9.616672559119));
#8724=CARTESIAN_POINT('Ctrl Pts',(1.687731392945,0.1655713185682,-10.17178728285));
#8725=CARTESIAN_POINT('Ctrl Pts',(1.738715162846,-2.941272609798,-9.73402029783));
#8726=CARTESIAN_POINT('Ctrl Pts',(1.791081510281,-5.79915669501,-8.348381937782));
#8727=CARTESIAN_POINT('Ctrl Pts',(1.843442688709,-8.077957317173,-6.184659047567));
#8728=CARTESIAN_POINT('Ctrl Pts',(1.898679940491,-9.63292803196,-3.304056162675));
#8729=CARTESIAN_POINT('Ctrl Pts',(1.952531531544,-10.16477561923,-0.1924545394701));
#8730=CARTESIAN_POINT('Ctrl Pts',(2.006393297645,-9.731502735526,2.884652491809));
#8731=CARTESIAN_POINT('Ctrl Pts',(2.058753608947,-8.475485841013,5.599738157682));
#8732=CARTESIAN_POINT('Ctrl Pts',(2.113991584384,-6.38377946095,7.913981845513));
#8733=CARTESIAN_POINT('Ctrl Pts',(2.169221371104,-3.712025101356,9.461694919147));
#8734=CARTESIAN_POINT('Ctrl Pts',(2.225953538971,-0.6572746481536,10.13913580995));
#8735=CARTESIAN_POINT('Ctrl Pts',(2.282677122216,2.429676887945,9.874677345719));
#8736=CARTESIAN_POINT('Ctrl Pts',(2.342519343268,5.408251715211,8.623840678017));
#8737=CARTESIAN_POINT('Ctrl Pts',(2.399478955687,7.698308304064,6.618343864488));
#8738=CARTESIAN_POINT('Ctrl Pts',(2.454958496626,9.240378676885,4.14143884706));
#8739=CARTESIAN_POINT('Ctrl Pts',(2.507319156987,10.01804313006,1.523986612749));
#8740=CARTESIAN_POINT('Ctrl Pts',(2.562556209309,10.05436676101,-1.327493078916));
#8741=CARTESIAN_POINT('Ctrl Pts',(2.617786788389,9.294716260961,-4.04991245629));
#8742=CARTESIAN_POINT('Ctrl Pts',(2.674518793954,7.78571914975,-6.49042965087));
#8743=CARTESIAN_POINT('Ctrl Pts',(2.731242703252,5.680959649204,-8.404038658132));
#8744=CARTESIAN_POINT('Ctrl Pts',(2.79108368457,3.007043529229,-9.697509624934));
#8745=CARTESIAN_POINT('Ctrl Pts',(2.849423477305,0.170821812995,-10.13799760781));
#8746=CARTESIAN_POINT('Ctrl Pts',(2.907772473497,-2.63921006,-9.776154134272));
#8747=CARTESIAN_POINT('Ctrl Pts',(2.964496127872,-5.159773944071,-8.721511535664));
#8748=CARTESIAN_POINT('Ctrl Pts',(3.024336989622,-7.392865998981,-6.942992796901));
#8749=CARTESIAN_POINT('Ctrl Pts',(3.084170460245,-9.02143949776,-4.627763411126));
#8750=CARTESIAN_POINT('Ctrl Pts',(3.145629145916,-9.955378364459,-1.908998491016));
#8751=CARTESIAN_POINT('Ctrl Pts',(3.207079988719,-10.10120896985,0.9383334154808));
#8752=CARTESIAN_POINT('Ctrl Pts',(3.271909616394,-9.402417298462,3.833478549819));
#8753=CARTESIAN_POINT('Ctrl Pts',(3.330964901628,-8.032876868766,6.148745470461));
#8754=CARTESIAN_POINT('Ctrl Pts',(3.385548076353,-6.294545832302,7.873946350212));
#8755=CARTESIAN_POINT('Ctrl Pts',(3.43388009254,-4.479709499948,9.036207277926));
#8756=CARTESIAN_POINT('Ctrl Pts',(3.484868852021,-2.360100812288,9.81146844829));
#8757=CARTESIAN_POINT('Ctrl Pts',(3.5358514092,-0.1354922033739,10.08905966914));
#8758=CARTESIAN_POINT('Ctrl Pts',(3.588218313065,2.136234754038,9.860040179649));
#8759=CARTESIAN_POINT('Ctrl Pts',(3.640579075729,4.286813127985,9.138730506104));
#8760=CARTESIAN_POINT('Ctrl Pts',(3.695816786072,6.30653227302,7.88965271972));
#8761=CARTESIAN_POINT('Ctrl Pts',(3.749670171826,7.921757939999,6.252832843041));
#8762=CARTESIAN_POINT('Ctrl Pts',(3.803529325429,9.115249815564,4.312525831724));
#8763=CARTESIAN_POINT('Ctrl Pts',(3.8558914112,9.838690642279,2.233808156963));
#8764=CARTESIAN_POINT('Ctrl Pts',(3.911127423105,10.09484088157,-0.05680266656918));
#8765=CARTESIAN_POINT('Ctrl Pts',(3.966359701191,9.820948442533,-2.330126991797));
#8766=CARTESIAN_POINT('Ctrl Pts',(4.023090098799,9.022975081266,-4.521263392784));
#8767=CARTESIAN_POINT('Ctrl Pts',(4.079814950972,7.758921331343,-6.462904927194));
#8768=CARTESIAN_POINT('Ctrl Pts',(4.139655077796,5.998431905994,-8.131430771551));
#8769=CARTESIAN_POINT('Ctrl Pts',(4.196617971795,4.002898654132,-9.261786691577));
#8770=CARTESIAN_POINT('Ctrl Pts',(4.252095641939,1.885219528281,-9.897261370263));
#8771=CARTESIAN_POINT('Ctrl Pts',(4.304456843707,-0.1817212314387,-10.07824673185));
#8772=CARTESIAN_POINT('Ctrl Pts',(4.35969331877,-2.339191046263,-9.81020219878));
#8773=CARTESIAN_POINT('Ctrl Pts',(4.414925938312,-4.374879681856,-9.085634252551));
#8774=CARTESIAN_POINT('Ctrl Pts',(4.471655596332,-6.242167047189,-7.918545493534));
#8775=CARTESIAN_POINT('Ctrl Pts',(4.528380880296,-7.807488351207,-6.388641012311));
#8776=CARTESIAN_POINT('Ctrl Pts',(4.588220561804,-9.053376199001,-4.463971551073));
#8777=CARTESIAN_POINT('Ctrl Pts',(4.646562362355,-9.80335767665,-2.373054073974));
#8778=CARTESIAN_POINT('Ctrl Pts',(4.70490994994,-10.07708591212,-0.1881947962982));
#8779=CARTESIAN_POINT('Ctrl Pts',(4.761635331444,-9.896815696564,1.932617674402));
#8780=CARTESIAN_POINT('Ctrl Pts',(4.821475160991,-9.235393879994,4.062352017341));
#8781=CARTESIAN_POINT('Ctrl Pts',(4.881309847171,-8.124466794917,5.980234756401));
#8782=CARTESIAN_POINT('Ctrl Pts',(4.942767102481,-6.589694651027,7.637054593148));
#8783=CARTESIAN_POINT('Ctrl Pts',(5.004220762761,-4.740478162766,8.909850997869));
#8784=CARTESIAN_POINT('Ctrl Pts',(5.069042594807,-2.552676620474,9.770605302659));
#8785=CARTESIAN_POINT('Ctrl Pts',(5.147301617559,0.2409123305648,10.16186861954));
#8786=CARTESIAN_POINT('Ctrl Pts',(5.241838306579,3.600284857914,9.595132761403));
#8787=CARTESIAN_POINT('Ctrl Pts',(5.350936242154,6.92828453643,7.570041330186));
#8788=CARTESIAN_POINT('Ctrl Pts',(5.444971230624,8.89332212792,4.899147671734));
#8789=CARTESIAN_POINT('Ctrl Pts',(5.52273401122,9.793551493768,2.374065224626));
#8790=CARTESIAN_POINT('Ctrl Pts',(5.600490292547,10.15406950448,-0.2673883425943));
#8791=CARTESIAN_POINT('Ctrl Pts',(5.69925514921,9.605471297208,-3.618948876983));
#8792=CARTESIAN_POINT('Ctrl Pts',(5.817446599593,7.486693416583,-7.043065821831));
#8793=CARTESIAN_POINT('Ctrl Pts',(5.919314694973,4.687068498592,-9.017749384078));
#8794=CARTESIAN_POINT('Ctrl Pts',(6.003561339783,2.054715843807,-9.870242545416));
#8795=CARTESIAN_POINT('Ctrl Pts',(6.084682790196,-0.5815886451097,-10.13419817731));
#8796=CARTESIAN_POINT('Ctrl Pts',(6.185203976141,-3.80791074732,-9.506084768863));
#8797=CARTESIAN_POINT('Ctrl Pts',(6.303393299492,-7.041827131217,-7.453217068899));
#8798=CARTESIAN_POINT('Ctrl Pts',(6.405264300123,-8.941112147868,-4.801646354939));
#8799=CARTESIAN_POINT('Ctrl Pts',(6.48950730388,-9.806822164028,-2.309028860056));
#8800=CARTESIAN_POINT('Ctrl Pts',(6.573742479478,-10.1487082283,0.2930527533941));
#8801=CARTESIAN_POINT('Ctrl Pts',(6.680739412121,-9.607277164942,3.591893601306));
#8802=CARTESIAN_POINT('Ctrl Pts',(6.808779765285,-7.539663872269,6.974401532883));
#8803=CARTESIAN_POINT('Ctrl Pts',(6.91913586614,-4.804811952548,8.950402556237));
#8804=CARTESIAN_POINT('Ctrl Pts',(7.010406081451,-2.224176554142,9.831244073537));
#8805=CARTESIAN_POINT('Ctrl Pts',(7.089649534528,0.1137779625308,10.10949536698));
#8806=CARTESIAN_POINT('Ctrl Pts',(7.18057607269,2.782242266224,9.757789388857));
#8807=CARTESIAN_POINT('Ctrl Pts',(7.281272467627,5.48281335511,8.548133953331));
#8808=CARTESIAN_POINT('Ctrl Pts',(7.387498597551,7.808403962715,6.508871943624));
#8809=CARTESIAN_POINT('Ctrl Pts',(7.493711163657,9.392340614325,3.880241289689));
#8810=CARTESIAN_POINT('Ctrl Pts',(7.602811396854,10.12393443739,0.8502142535403));
#8811=CARTESIAN_POINT('Ctrl Pts',(7.711895243353,9.920094713874,-2.236171498396));
#8812=CARTESIAN_POINT('Ctrl Pts',(7.82697676619,8.727610728161,-5.240084185685));
#8813=CARTESIAN_POINT('Ctrl Pts',(7.93916631204,6.714083597648,-7.630683827816));
#8814=CARTESIAN_POINT('Ctrl Pts',(8.051380083012,4.106863787128,-9.280208961879));
#8815=CARTESIAN_POINT('Ctrl Pts',(8.160462673169,1.23959010294,-10.08127471663));
#8816=CARTESIAN_POINT('Ctrl Pts',(8.275543624533,-1.870909332531,-9.993731622062));
#8817=CARTESIAN_POINT('Ctrl Pts',(8.390607064293,-4.782777657101,-8.968501670325));
#8818=CARTESIAN_POINT('Ctrl Pts',(8.508798556798,-7.286719514009,-7.082080174305));
#8819=CARTESIAN_POINT('Ctrl Pts',(8.626972985202,-9.095526886502,-4.551551685135));
#8820=CARTESIAN_POINT('Ctrl Pts',(8.751645417448,-10.07741642253,-1.453757868812));
#8821=CARTESIAN_POINT('Ctrl Pts',(8.870311417426,-10.02567684398,1.613734046695));
#8822=CARTESIAN_POINT('Ctrl Pts',(8.985897016814,-9.115647101728,4.414735594806));
#8823=CARTESIAN_POINT('Ctrl Pts',(9.094979833679,-7.592003255706,6.715969991762));
#8824=CARTESIAN_POINT('Ctrl Pts',(9.210059928126,-5.397078207029,8.590364843009));
#8825=CARTESIAN_POINT('Ctrl Pts',(9.325124404853,-2.779645386613,9.754119340854));
#8826=CARTESIAN_POINT('Ctrl Pts',(9.443315557056,0.1059820221302,10.13961797718));
#8827=CARTESIAN_POINT('Ctrl Pts',(9.561491270972,2.962774090948,9.706407680073));
#8828=CARTESIAN_POINT('Ctrl Pts',(9.686161864652,5.692253482092,8.413406704974));
#8829=CARTESIAN_POINT('Ctrl Pts',(9.807702391728,7.841905762025,6.43518181135));
#8830=CARTESIAN_POINT('Ctrl Pts',(9.929266034952,9.324875960734,3.959510308138));
#8831=CARTESIAN_POINT('Ctrl Pts',(10.04744082826,10.05833118848,1.272728282419));
#8832=CARTESIAN_POINT('Ctrl Pts',(10.17211037697,10.01429865683,-1.638778281045));
#8833=CARTESIAN_POINT('Ctrl Pts',(10.2967643844,9.143940600405,-4.393627428549));
#8834=CARTESIAN_POINT('Ctrl Pts',(10.42480479108,7.501284819462,-6.826260757416));
#8835=CARTESIAN_POINT('Ctrl Pts',(10.55282826456,5.257444110435,-8.683126946604));
#8836=CARTESIAN_POINT('Ctrl Pts',(10.68788944467,2.450872389964,-9.860368767271));
#8837=CARTESIAN_POINT('Ctrl Pts',(10.81357479531,-0.3459835968429,-10.1224186277));
#8838=CARTESIAN_POINT('Ctrl Pts',(10.93281119341,-2.931910769614,-9.662638087084));
#8839=CARTESIAN_POINT('Ctrl Pts',(11.0418943,-5.12061257228,-8.709943358877));
#8840=CARTESIAN_POINT('Ctrl Pts',(11.15697419728,-7.105480274053,-7.192610527948));
#8841=CARTESIAN_POINT('Ctrl Pts',(11.27204090761,-8.641564886642,-5.244821133185));
#8842=CARTESIAN_POINT('Ctrl Pts',(11.39023008024,-9.670077025722,-2.939854668189));
#8843=CARTESIAN_POINT('Ctrl Pts',(11.50840794521,-10.10254159781,-0.4712333968562));
#8844=CARTESIAN_POINT('Ctrl Pts',(11.63307698071,-9.891684912428,2.141884035929));
#8845=CARTESIAN_POINT('Ctrl Pts',(11.75462090344,-9.038566373489,4.531006846016));
#8846=CARTESIAN_POINT('Ctrl Pts',(11.87618226888,-7.635582847773,6.611942701395));
#8847=CARTESIAN_POINT('Ctrl Pts',(11.99435947806,-5.845295735738,8.244692751944));
#8848=CARTESIAN_POINT('Ctrl Pts',(12.11902811158,-3.613122965339,9.446060243789));
#8849=CARTESIAN_POINT('Ctrl Pts',(12.24368399944,-1.169161497453,10.04371428561));
#8850=CARTESIAN_POINT('Ctrl Pts',(12.37172319847,1.38954392748,10.013895307));
#8851=CARTESIAN_POINT('Ctrl Pts',(12.49974882579,3.843191190658,9.357924205066));
#8852=CARTESIAN_POINT('Ctrl Pts',(12.63480817979,6.149821063404,8.041910752588));
#8853=CARTESIAN_POINT('Ctrl Pts',(12.76336939754,7.925274852823,6.270570047466));
#8854=CARTESIAN_POINT('Ctrl Pts',(12.88858296536,9.17088415989,4.203581178508));
#8855=CARTESIAN_POINT('Ctrl Pts',(13.00675980835,9.882073385808,2.056103978994));
#8856=CARTESIAN_POINT('Ctrl Pts',(13.13142839309,10.09529779496,-0.3014989467279));
#8857=CARTESIAN_POINT('Ctrl Pts',(13.25608575357,9.750754549122,-2.625849379931));
#8858=CARTESIAN_POINT('Ctrl Pts',(13.38412407631,8.858863945989,-4.84394115552));
#8859=CARTESIAN_POINT('Ctrl Pts',(13.51215142955,7.48826516454,-6.781223466647));
#8860=CARTESIAN_POINT('Ctrl Pts',(13.6472092564,5.613368211298,-8.407278341927));
#8861=CARTESIAN_POINT('Ctrl Pts',(13.77888367783,3.468419338617,-9.485545131803));
#8862=CARTESIAN_POINT('Ctrl Pts',(13.9105745195,1.155323767735,-10.02425866438));
#8863=CARTESIAN_POINT('Ctrl Pts',(14.03860141944,-1.136839935101,-10.03178564592));
#8864=CARTESIAN_POINT('Ctrl Pts',(14.17365896569,-3.471479053849,-9.486953007187));
#8865=CARTESIAN_POINT('Ctrl Pts',(14.30870448406,-5.592541732359,-8.410728264854));
#8866=CARTESIAN_POINT('Ctrl Pts',(14.44741385628,-7.430686002658,-6.838859988591));
#8867=CARTESIAN_POINT('Ctrl Pts',(14.58610872644,-8.839090987848,-4.89615281665));
#8868=CARTESIAN_POINT('Ctrl Pts',(14.76378703721,-9.980230923677,-2.072365484089));
#8869=CARTESIAN_POINT('Ctrl Pts',(14.89395252166,-10.10144198723,0.1601296222368));
#8870=CARTESIAN_POINT('Ctrl Pts',(14.97681921777,-9.886827523674,1.524756495906));
#8871=CARTESIAN_POINT('Ctrl Pts',(0.015327146179,-1.578150960757,9.872883642315));
#8872=CARTESIAN_POINT('Ctrl Pts',(0.02568936371,-0.06096200685074,10.11857467579));
#8873=CARTESIAN_POINT('Ctrl Pts',(0.04336476310721,2.555747495805,9.915957479242));
#8874=CARTESIAN_POINT('Ctrl Pts',(0.0683709390636,5.758631863289,8.36555041706));
#8875=CARTESIAN_POINT('Ctrl Pts',(0.09096195217586,8.039911951316,6.214311239235));
#8876=CARTESIAN_POINT('Ctrl Pts',(0.113551059657,9.519846624948,3.531053777678));
#8877=CARTESIAN_POINT('Ctrl Pts',(0.1367534310448,10.13356892998,0.524465891324));
#8878=CARTESIAN_POINT('Ctrl Pts',(0.1599530063092,9.847850605692,-2.466709963218));
#8879=CARTESIAN_POINT('Ctrl Pts',(0.1844272912014,8.650426972044,-5.325380570049));
#8880=CARTESIAN_POINT('Ctrl Pts',(0.2082874079946,6.734401663409,-7.580955772875));
#8881=CARTESIAN_POINT('Ctrl Pts',(0.2321518232816,4.313581498459,-9.158960961206));
#8882=CARTESIAN_POINT('Ctrl Pts',(0.2553513411808,1.681221973318,-9.988455481553));
#8883=CARTESIAN_POINT('Ctrl Pts',(0.2798257694116,-1.173972335376,-10.06679975251));
#8884=CARTESIAN_POINT('Ctrl Pts',(0.3042966588634,-3.887458715587,-9.354084114222));
#8885=CARTESIAN_POINT('Ctrl Pts',(0.3294325042936,-6.316668545106,-7.913450970638));
#8886=CARTESIAN_POINT('Ctrl Pts',(0.3545660192092,-8.23327287444,-5.902969424481));
#8887=CARTESIAN_POINT('Ctrl Pts',(0.3810792033088,-9.566648903894,-3.352897001935));
#8888=CARTESIAN_POINT('Ctrl Pts',(0.406317532256,-10.08920056279,-0.7102558031417));
#8889=CARTESIAN_POINT('Ctrl Pts',(0.4308988399625,-9.921034182582,1.854986855595));
#8890=CARTESIAN_POINT('Ctrl Pts',(0.4540982649515,-9.209610631571,4.140634023793));
#8891=CARTESIAN_POINT('Ctrl Pts',(0.4785719272331,-7.922078606825,6.270013571734));
#8892=CARTESIAN_POINT('Ctrl Pts',(0.5030440917205,-6.174271865505,7.992904125821));
#8893=CARTESIAN_POINT('Ctrl Pts',(0.5281791216771,-4.037712760168,9.254795405407));
#8894=CARTESIAN_POINT('Ctrl Pts',(0.5533124394079,-1.692152727205,9.959481797686));
#8895=CARTESIAN_POINT('Ctrl Pts',(0.5798263172708,0.8522381535083,10.07201141782));
#8896=CARTESIAN_POINT('Ctrl Pts',(0.6056751251891,3.248344563688,9.560429898487));
#8897=CARTESIAN_POINT('Ctrl Pts',(0.6315278885297,5.418371354408,8.50813282764));
#8898=CARTESIAN_POINT('Ctrl Pts',(0.6566609501611,7.219969237412,7.050796083109));
#8899=CARTESIAN_POINT('Ctrl Pts',(0.6831741156684,8.691755572756,5.138601677189));
#8900=CARTESIAN_POINT('Ctrl Pts',(0.7096857330728,9.65177532895,2.956541980185));
#8901=CARTESIAN_POINT('Ctrl Pts',(0.736915278004,10.07558106875,0.5795967538848));
#8902=CARTESIAN_POINT('Ctrl Pts',(0.7641435283466,9.93496093501,-1.802989095897));
#8903=CARTESIAN_POINT('Ctrl Pts',(0.7928644842017,9.199059751613,-4.177015654007));
#8904=CARTESIAN_POINT('Ctrl Pts',(0.8275385020131,7.651258707337,-6.706830133685));
#8905=CARTESIAN_POINT('Ctrl Pts',(0.8694244962904,4.92953099936,-9.000710699862));
#8906=CARTESIAN_POINT('Ctrl Pts',(0.9177628774651,1.080025594854,-10.21525027207));
#8907=CARTESIAN_POINT('Ctrl Pts',(0.9594270112793,-2.311474292332,-9.887708140205));
#8908=CARTESIAN_POINT('Ctrl Pts',(0.993882001046,-4.838422589266,-8.836050814104));
#8909=CARTESIAN_POINT('Ctrl Pts',(1.028333085203,-7.068261150598,-7.293363813836));
#8910=CARTESIAN_POINT('Ctrl Pts',(1.07209388908,-9.182356318407,-4.58422318202));
#8911=CARTESIAN_POINT('Ctrl Pts',(1.124459863594,-10.25109205079,-0.6820290394306));
#8912=CARTESIAN_POINT('Ctrl Pts',(1.169595386499,-9.788467002132,2.705686596184));
#8913=CARTESIAN_POINT('Ctrl Pts',(1.206922655161,-8.630019579014,5.19832788413));
#8914=CARTESIAN_POINT('Ctrl Pts',(1.242865175179,-7.04874629837,7.291886006694));
#8915=CARTESIAN_POINT('Ctrl Pts',(1.287403820617,-4.439501820426,9.213094929567));
#8916=CARTESIAN_POINT('Ctrl Pts',(1.339765995582,-0.8174234663424,10.20443921119));
#8917=CARTESIAN_POINT('Ctrl Pts',(1.395002936666,3.05421813118,9.783835775792));
#8918=CARTESIAN_POINT('Ctrl Pts',(1.450232032917,6.434452036996,7.966835918438));
#8919=CARTESIAN_POINT('Ctrl Pts',(1.506963640387,8.923534988801,5.00935186535));
#8920=CARTESIAN_POINT('Ctrl Pts',(1.563689191225,10.1486130402,1.39875972852));
#8921=CARTESIAN_POINT('Ctrl Pts',(1.612587099955,9.97355601697,-1.828615688871));
#8922=CARTESIAN_POINT('Ctrl Pts',(1.653024992331,9.108415608409,-4.288121417243));
#8923=CARTESIAN_POINT('Ctrl Pts',(1.689310750057,7.915592740837,-6.280243697376));
#8924=CARTESIAN_POINT('Ctrl Pts',(1.732042767688,5.985404952731,-8.196726804615));
#8925=CARTESIAN_POINT('Ctrl Pts',(1.780377489225,3.289517325338,-9.610150615593));
#8926=CARTESIAN_POINT('Ctrl Pts',(1.831363430392,0.1679888083132,-10.16569732862));
#8927=CARTESIAN_POINT('Ctrl Pts',(1.882346694159,-2.937087217432,-9.728967775191));
#8928=CARTESIAN_POINT('Ctrl Pts',(1.934712457439,-5.793591034495,-8.344887847643));
#8929=CARTESIAN_POINT('Ctrl Pts',(1.987073117434,-8.071566900124,-6.183053205096));
#8930=CARTESIAN_POINT('Ctrl Pts',(2.042309747235,-9.62634033801,-3.304595208122));
#8931=CARTESIAN_POINT('Ctrl Pts',(2.096160831088,-10.15868013949,-0.1950110767607));
#8932=CARTESIAN_POINT('Ctrl Pts',(2.150021957591,-9.726483577985,2.880346636952));
#8933=CARTESIAN_POINT('Ctrl Pts',(2.202381749308,-8.471952000156,5.594128168312));
#8934=CARTESIAN_POINT('Ctrl Pts',(2.257619086276,-6.382138466935,7.907536787978));
#8935=CARTESIAN_POINT('Ctrl Pts',(2.312848338125,-3.712421381519,9.455046611491));
#8936=CARTESIAN_POINT('Ctrl Pts',(2.369579828027,-0.6597091702871,10.13292288908));
#8937=CARTESIAN_POINT('Ctrl Pts',(2.426302842434,2.425451130104,9.869488930935));
#8938=CARTESIAN_POINT('Ctrl Pts',(2.486144343062,5.402575636815,8.620254319023));
#8939=CARTESIAN_POINT('Ctrl Pts',(2.543103421439,7.691824631018,6.616624699383));
#8940=CARTESIAN_POINT('Ctrl Pts',(2.598582278427,9.233677605037,4.141667654495));
#8941=CARTESIAN_POINT('Ctrl Pts',(2.650942394286,10.01163794958,1.526025357254));
#8942=CARTESIAN_POINT('Ctrl Pts',(2.706178799644,10.04878215883,-1.323716686642));
#8943=CARTESIAN_POINT('Ctrl Pts',(2.761408812047,9.290403303388,-4.044717251078));
#8944=CARTESIAN_POINT('Ctrl Pts',(2.818140120207,7.783056563504,-6.484209973913));
#8945=CARTESIAN_POINT('Ctrl Pts',(2.874863434322,5.680152461593,-8.397302881072));
#8946=CARTESIAN_POINT('Ctrl Pts',(2.9347036889,3.008254711177,-9.690812394749));
#8947=CARTESIAN_POINT('Ctrl Pts',(2.993042880724,0.173884410442,-10.13191546302));
#8948=CARTESIAN_POINT('Ctrl Pts',(3.05139115409,-2.634557417153,-9.771173013495));
#8949=CARTESIAN_POINT('Ctrl Pts',(3.108114202725,-5.153930890518,-8.717966691344));
#8950=CARTESIAN_POINT('Ctrl Pts',(3.167954328195,-7.386237860119,-6.941240057658));
#8951=CARTESIAN_POINT('Ctrl Pts',(3.227787156865,-9.014573781399,-4.627936992582));
#8952=CARTESIAN_POINT('Ctrl Pts',(3.289245073306,-9.948832506948,-1.911125134512));
#8953=CARTESIAN_POINT('Ctrl Pts',(3.350695246813,-10.09551183751,0.9344359607597));
#8954=CARTESIAN_POINT('Ctrl Pts',(3.415524032011,-9.398106574784,3.828056466247));
#8955=CARTESIAN_POINT('Ctrl Pts',(3.474578732459,-8.030170658136,6.142384112939));
#8956=CARTESIAN_POINT('Ctrl Pts',(3.529161166718,-6.293479015552,7.86712546705));
#8957=CARTESIAN_POINT('Ctrl Pts',(3.577492651002,-4.480137146971,9.029302059174));
#8958=CARTESIAN_POINT('Ctrl Pts',(3.628480761293,-2.362080312873,9.804820749456));
#8959=CARTESIAN_POINT('Ctrl Pts',(3.67946274639,-0.1389142645543,10.08301368054));
#8960=CARTESIAN_POINT('Ctrl Pts',(3.731828976296,2.131514258116,9.854924866341));
#8961=CARTESIAN_POINT('Ctrl Pts',(3.784189142608,4.281043879892,9.134807045695));
#8962=CARTESIAN_POINT('Ctrl Pts',(3.839426137119,6.299979300764,7.887201682508));
#8963=CARTESIAN_POINT('Ctrl Pts',(3.893278906402,7.914810583753,6.251948873521));
#8964=CARTESIAN_POINT('Ctrl Pts',(3.947137364647,9.108275103199,4.313247752009));
#8965=CARTESIAN_POINT('Ctrl Pts',(3.999498824964,9.832029561949,2.236051363004));
#8966=CARTESIAN_POINT('Ctrl Pts',(4.054734132494,10.08885896176,-0.05307657486629));
#8967=CARTESIAN_POINT('Ctrl Pts',(4.109965752804,9.815966885094,-2.325123937595));
#8968=CARTESIAN_POINT('Ctrl Pts',(4.166695401254,9.019288166129,-4.515225279112));
#8969=CARTESIAN_POINT('Ctrl Pts',(4.223419574022,7.756723741649,-6.456161053656));
#8970=CARTESIAN_POINT('Ctrl Pts',(4.28325890791,5.997929373747,-8.12433466245));
#8971=CARTESIAN_POINT('Ctrl Pts',(4.340221129383,4.004032717683,-9.254760486432));
#8972=CARTESIAN_POINT('Ctrl Pts',(4.395698042772,1.887881989391,-9.890655732155));
#8973=CARTESIAN_POINT('Ctrl Pts',(4.448058606196,-0.1777364198314,-10.07232402537));
#8974=CARTESIAN_POINT('Ctrl Pts',(4.503294345703,-2.333999739116,-9.805274919291));
#8975=CARTESIAN_POINT('Ctrl Pts',(4.558526277343,-4.36873544754,-9.08193759832));
#8976=CARTESIAN_POINT('Ctrl Pts',(4.615255169607,-6.235345433369,-7.916288363637));
#8977=CARTESIAN_POINT('Ctrl Pts',(4.671979741668,-7.80032008605,-6.387928564944));
#8978=CARTESIAN_POINT('Ctrl Pts',(4.73181860835,-9.046214683879,-4.464922594186));
#8979=CARTESIAN_POINT('Ctrl Pts',(4.790159678933,-9.796576840743,-2.375573046009));
#8980=CARTESIAN_POINT('Ctrl Pts',(4.84850645627,-10.07101775281,-0.1921516527251));
#8981=CARTESIAN_POINT('Ctrl Pts',(4.905231109201,-9.891715943428,1.92744687912));
#8982=CARTESIAN_POINT('Ctrl Pts',(4.965070108065,-9.23156449208,4.056156607241));
#8983=CARTESIAN_POINT('Ctrl Pts',(5.024904026854,-8.122099084614,5.97333169665));
#8984=CARTESIAN_POINT('Ctrl Pts',(5.086360421731,-6.58894474123,7.629778842851));
#8985=CARTESIAN_POINT('Ctrl Pts',(5.147813255942,-4.741381428921,8.902572207155));
#8986=CARTESIAN_POINT('Ctrl Pts',(5.212634242154,-2.555268684517,9.763720806361));
#8987=CARTESIAN_POINT('Ctrl Pts',(5.290892055901,0.2364531009209,10.15592567044));
#8988=CARTESIAN_POINT('Ctrl Pts',(5.385427560266,3.594028401661,9.590966564783));
#8989=CARTESIAN_POINT('Ctrl Pts',(5.494523877582,6.920875262106,7.568543804744));
#8990=CARTESIAN_POINT('Ctrl Pts',(5.588557727337,8.885886545441,4.900127933229));
#8991=CARTESIAN_POINT('Ctrl Pts',(5.666319286379,9.786678359876,2.376980448301));
#8992=CARTESIAN_POINT('Ctrl Pts',(5.74407436143,10.1481481498,-0.2627037613776));
#8993=CARTESIAN_POINT('Ctrl Pts',(5.842837940125,9.601382326649,-3.612474006988));
#8994=CARTESIAN_POINT('Ctrl Pts',(5.961027538499,7.485446603669,-7.035462448223));
#8995=CARTESIAN_POINT('Ctrl Pts',(6.062894390318,4.688425079021,-9.0102302104));
#8996=CARTESIAN_POINT('Ctrl Pts',(6.147139613667,2.05807337035,-9.863418994277));
#8997=CARTESIAN_POINT('Ctrl Pts',(6.228259813147,-0.5765018785833,-10.12844152339));
#8998=CARTESIAN_POINT('Ctrl Pts',(6.328779582435,-3.801155987557,-9.502225023771));
#8999=CARTESIAN_POINT('Ctrl Pts',(6.446967007939,-7.034074355272,-7.452146093302));
#9000=CARTESIAN_POINT('Ctrl Pts',(6.548836660445,-8.933478869141,-4.803099101224));
#9001=CARTESIAN_POINT('Ctrl Pts',(6.633078237963,-9.7998671921,-2.312422846584));
#9002=CARTESIAN_POINT('Ctrl Pts',(6.717312011159,-10.14281398415,0.2879035667364));
#9003=CARTESIAN_POINT('Ctrl Pts',(6.824307405007,-9.60333541089,3.585002406626));
#9004=CARTESIAN_POINT('Ctrl Pts',(6.952345585657,-7.538669575612,6.966472997121));
#9005=CARTESIAN_POINT('Ctrl Pts',(7.062700219391,-4.806475106011,8.942649635608));
#9006=CARTESIAN_POINT('Ctrl Pts',(7.153968719095,-2.227867322358,9.824262355828));
#9007=CARTESIAN_POINT('Ctrl Pts',(7.233210949554,0.1085199592358,10.10354033318));
#9008=CARTESIAN_POINT('Ctrl Pts',(7.324135968511,2.775536059163,9.753423944399));
#9009=CARTESIAN_POINT('Ctrl Pts',(7.4248307514,5.475088149098,8.545910264066));
#9010=CARTESIAN_POINT('Ctrl Pts',(7.531055028881,7.800326683476,6.509114874921));
#9011=CARTESIAN_POINT('Ctrl Pts',(7.637265923702,9.384688746525,3.882926140203));
#9012=CARTESIAN_POINT('Ctrl Pts',(7.746364185239,10.11745367306,0.8551441558951));
#9013=CARTESIAN_POINT('Ctrl Pts',(7.855446265752,9.915402676117,-2.229467512426));
#9014=CARTESIAN_POINT('Ctrl Pts',(7.970525661034,8.725284115935,-5.232189794558));
#9015=CARTESIAN_POINT('Ctrl Pts',(8.082713413612,6.714299910819,-7.622437161948));
#9016=CARTESIAN_POINT('Ctrl Pts',(8.19492504144,4.109592971918,-9.272397398458));
#9017=CARTESIAN_POINT('Ctrl Pts',(8.30400579766,1.244519699454,-10.07457875671));
#9018=CARTESIAN_POINT('Ctrl Pts',(8.419084553326,-1.864122581817,-9.988846086144));
#9019=CARTESIAN_POINT('Ctrl Pts',(8.534146020341,-4.774795172364,-8.965903356368));
#9020=CARTESIAN_POINT('Ctrl Pts',(8.652335211175,-7.278286848249,-7.082079804031));
#9021=CARTESIAN_POINT('Ctrl Pts',(8.770507549531,-9.08745730821,-4.554150529992));
#9022=CARTESIAN_POINT('Ctrl Pts',(8.89517747158,-10.07056090854,-1.458834703569));
#9023=CARTESIAN_POINT('Ctrl Pts',(9.013841424222,-10.02066989177,1.606811703096));
#9024=CARTESIAN_POINT('Ctrl Pts',(9.129424605861,-9.112873198142,4.406635419853));
#9025=CARTESIAN_POINT('Ctrl Pts',(9.238505405757,-7.59155007043,6.707378528949));
#9026=CARTESIAN_POINT('Ctrl Pts',(9.353583130903,-5.399112985503,8.581955908541));
#9027=CARTESIAN_POINT('Ctrl Pts',(9.468645429008,-2.78399872553,9.746602336141));
#9028=CARTESIAN_POINT('Ctrl Pts',(9.586834084835,0.09961569148935,10.13364926447));
#9029=CARTESIAN_POINT('Ctrl Pts',(9.70500748885,2.954925009231,9.702488149159));
#9030=CARTESIAN_POINT('Ctrl Pts',(9.829675384139,5.683538907436,8.412002369214));
#9031=CARTESIAN_POINT('Ctrl Pts',(9.951213543367,7.83312976133,6.436358419427));
#9032=CARTESIAN_POINT('Ctrl Pts',(10.0727744655,9.316774228539,3.963163503871));
#9033=CARTESIAN_POINT('Ctrl Pts',(10.1909468402,10.05151746956,1.278507377077));
#9034=CARTESIAN_POINT('Ctrl Pts',(10.31561358877,10.00941264796,-1.631233585901));
#9035=CARTESIAN_POINT('Ctrl Pts',(10.44026498769,9.141404944903,-4.384961689415));
#9036=CARTESIAN_POINT('Ctrl Pts',(10.5683024315,7.501379791505,-6.817186254332));
#9037=CARTESIAN_POINT('Ctrl Pts',(10.69632315008,5.260166297897,-8.674414601399));
#9038=CARTESIAN_POINT('Ctrl Pts',(10.83138109583,2.456125669159,-9.852829909903));
#9039=CARTESIAN_POINT('Ctrl Pts',(10.9570637808,-0.3388296849195,-10.11663097199));
#9040=CARTESIAN_POINT('Ctrl Pts',(11.07629720157,-2.923474321759,-9.658917955019));
#9041=CARTESIAN_POINT('Ctrl Pts',(11.18537784705,-5.111488902766,-8.708331948525));
#9042=CARTESIAN_POINT('Ctrl Pts',(11.30045490581,-7.096191836637,-7.193327456837));
#9043=CARTESIAN_POINT('Ctrl Pts',(11.41551892826,-8.632703599204,-5.247825223841));
#9044=CARTESIAN_POINT('Ctrl Pts',(11.53370512918,-9.662219849712,-2.945017267315));
#9045=CARTESIAN_POINT('Ctrl Pts',(11.651880149,-10.09618859334,-0.4782319910623));
#9046=CARTESIAN_POINT('Ctrl Pts',(11.77654596301,-9.887353325772,2.1334189737));
#9047=CARTESIAN_POINT('Ctrl Pts',(11.89808693297,-9.036506012025,4.521687197618));
#9048=CARTESIAN_POINT('Ctrl Pts',(12.01964505467,-7.635923988917,6.602364522891));
#9049=CARTESIAN_POINT('Ctrl Pts',(12.13781927461,-5.847956634148,8.23543162717));
#9050=CARTESIAN_POINT('Ctrl Pts',(12.26248453732,-3.618067890142,9.437722658548));
#9051=CARTESIAN_POINT('Ctrl Pts',(12.38713720223,-1.176072015876,10.03684965519));
#9052=CARTESIAN_POINT('Ctrl Pts',(12.51517283468,1.381065780043,10.00899537652));
#9053=CARTESIAN_POINT('Ctrl Pts',(12.64319505037,3.833693551031,9.355313591366));
#9054=CARTESIAN_POINT('Ctrl Pts',(12.77825052271,6.139906084673,8.041904260138));
#9055=CARTESIAN_POINT('Ctrl Pts',(12.90680828525,7.915640768711,6.273049892707));
#9056=CARTESIAN_POINT('Ctrl Pts',(13.03201812672,9.162101150122,4.208330116408));
#9057=CARTESIAN_POINT('Ctrl Pts',(13.15019163904,9.87455236741,2.062753096512));
#9058=CARTESIAN_POINT('Ctrl Pts',(13.27485648594,10.08952956643,-0.2932090781396));
#9059=CARTESIAN_POINT('Ctrl Pts',(13.39951022551,9.747075736076,-2.61638960365));
#9060=CARTESIAN_POINT('Ctrl Pts',(13.52754460011,8.857545813187,-4.833821624154));
#9061=CARTESIAN_POINT('Ctrl Pts',(13.655568116,7.489390548999,-6.771019378129));
#9062=CARTESIAN_POINT('Ctrl Pts',(13.79062165483,5.617010864609,-8.397607914266));
#9063=CARTESIAN_POINT('Ctrl Pts',(13.92229205908,3.474300986715,-9.476991192003));
#9064=CARTESIAN_POINT('Ctrl Pts',(14.05397857402,1.163107566183,-10.01731360277));
#9065=CARTESIAN_POINT('Ctrl Pts',(14.18200140532,-1.127615922434,-10.02678069907));
#9066=CARTESIAN_POINT('Ctrl Pts',(14.31705442268,-3.461257136607,-9.484287222761));
#9067=CARTESIAN_POINT('Ctrl Pts',(14.4520955319,-5.58192004287,-8.410567557633));
#9068=CARTESIAN_POINT('Ctrl Pts',(14.59080008917,-7.420278253813,-6.841287342061));
#9069=CARTESIAN_POINT('Ctrl Pts',(14.72949029133,-8.829505947092,-4.901036256348));
#9070=CARTESIAN_POINT('Ctrl Pts',(14.90716212649,-9.972430766021,-2.08003944683));
#9071=CARTESIAN_POINT('Ctrl Pts',(15.03732366965,-10.09556990439,0.1509504290602));
#9072=CARTESIAN_POINT('Ctrl Pts',(15.12018579354,-9.882323478899,1.514888655013));
#9073=CARTESIAN_POINT('Ctrl Pts',(0.02834010949552,-1.57807246135,9.871849112671));
#9074=CARTESIAN_POINT('Ctrl Pts',(0.03870227453468,-0.06105149014375,10.11747897951));
#9075=CARTESIAN_POINT('Ctrl Pts',(0.05637767862117,2.555380382057,9.914931580157));
#9076=CARTESIAN_POINT('Ctrl Pts',(0.08138382952522,5.757936063796,8.364714977332));
#9077=CARTESIAN_POINT('Ctrl Pts',(0.1039748236521,8.038992856702,6.213731178796));
#9078=CARTESIAN_POINT('Ctrl Pts',(0.1265639145058,9.518796297149,3.530775979027));
#9079=CARTESIAN_POINT('Ctrl Pts',(0.1497662638497,10.13248418693,0.5245174922555));
#9080=CARTESIAN_POINT('Ctrl Pts',(0.1729658223774,9.846828479486,-2.466340806076));
#9081=CARTESIAN_POINT('Ctrl Pts',(0.1974400838985,8.649564806218,-5.324717619289));
#9082=CARTESIAN_POINT('Ctrl Pts',(0.2213001858474,6.733769854003,-7.580072586035));
#9083=CARTESIAN_POINT('Ctrl Pts',(0.2451645762049,4.313227826266,-9.157935809185));
#9084=CARTESIAN_POINT('Ctrl Pts',(0.2683640781213,1.681160036826,-9.987372073336));
#9085=CARTESIAN_POINT('Ctrl Pts',(0.2928384819934,-1.173726640304,-10.06574176225));
#9086=CARTESIAN_POINT('Ctrl Pts',(0.3173093554577,-3.886930941941,-9.353135260197));
#9087=CARTESIAN_POINT('Ctrl Pts',(0.3424451763929,-6.315897573248,-7.912686686049));
#9088=CARTESIAN_POINT('Ctrl Pts',(0.3675786716942,-8.232321545141,-5.902444746282));
#9089=CARTESIAN_POINT('Ctrl Pts',(0.3940918313517,-9.56558694488,-3.352663103098));
#9090=CARTESIAN_POINT('Ctrl Pts',(0.4193301435423,-10.08811691938,-0.7103117831894));
#9091=CARTESIAN_POINT('Ctrl Pts',(0.4439114248029,-9.920002351902,1.854657336779));
#9092=CARTESIAN_POINT('Ctrl Pts',(0.4671108334516,-9.208685698732,4.140069113709));
#9093=CARTESIAN_POINT('Ctrl Pts',(0.4915844731348,-7.921320740927,6.269237501997));
#9094=CARTESIAN_POINT('Ctrl Pts',(0.5160566182062,-6.173725192722,7.99196736139));
#9095=CARTESIAN_POINT('Ctrl Pts',(0.5411916252286,-4.037413070769,9.25375306353));
#9096=CARTESIAN_POINT('Ctrl Pts',(0.5663249236136,-1.692114513194,9.958397073979));
#9097=CARTESIAN_POINT('Ctrl Pts',(0.5928387750359,0.8520014218497,10.07095119992));
#9098=CARTESIAN_POINT('Ctrl Pts',(0.6186875653202,3.247858551334,9.559459423541));
#9099=CARTESIAN_POINT('Ctrl Pts',(0.6445403023408,5.417667735464,8.507307453718));
#9100=CARTESIAN_POINT('Ctrl Pts',(0.669673344893,7.219094279274,7.050153926875));
#9101=CARTESIAN_POINT('Ctrl Pts',(0.6961864854616,8.690751553419,5.138187140277));
#9102=CARTESIAN_POINT('Ctrl Pts',(0.7226980814839,9.650701887894,2.95637622948));
#9103=CARTESIAN_POINT('Ctrl Pts',(0.7499276012783,10.0744990494,0.5796927742774));
#9104=CARTESIAN_POINT('Ctrl Pts',(0.7771558290744,9.933931558503,-1.802639709088));
#9105=CARTESIAN_POINT('Ctrl Pts',(0.8058767615639,9.198147089312,-4.176423325871));
#9106=CARTESIAN_POINT('Ctrl Pts',(0.8405507404612,7.650553418263,-6.705990803386));
#9107=CARTESIAN_POINT('Ctrl Pts',(0.8824367086922,4.92915497261,-8.999670377476));
#9108=CARTESIAN_POINT('Ctrl Pts',(0.9307750402427,1.080083541822,-10.21414395507));
#9109=CARTESIAN_POINT('Ctrl Pts',(0.9724391504805,-2.311058773177,-9.886694674161));
#9110=CARTESIAN_POINT('Ctrl Pts',(1.006894098037,-4.837753285604,-8.83519422607));
#9111=CARTESIAN_POINT('Ctrl Pts',(1.0413451474,-7.06737936942,-7.292712129694));
#9112=CARTESIAN_POINT('Ctrl Pts',(1.085105920604,-9.181296110658,-4.583899464816));
#9113=CARTESIAN_POINT('Ctrl Pts',(1.137471841868,-10.24998770654,-0.6821439621936));
#9114=CARTESIAN_POINT('Ctrl Pts',(1.182607340107,-9.787474516842,2.705217492775));
#9115=CARTESIAN_POINT('Ctrl Pts',(1.219934560132,-8.629198369195,5.197611948492));
#9116=CARTESIAN_POINT('Ctrl Pts',(1.255877046595,-7.048134521635,7.290975229451));
#9117=CARTESIAN_POINT('Ctrl Pts',(1.300415656282,-4.439206687573,9.212028029572));
#9118=CARTESIAN_POINT('Ctrl Pts',(1.352777786374,-0.8175363272314,10.20333626829));
#9119=CARTESIAN_POINT('Ctrl Pts',(1.408014669931,3.053697471319,9.782854638658));
#9120=CARTESIAN_POINT('Ctrl Pts',(1.463243726419,6.433605510285,7.966117518271));
#9121=CARTESIAN_POINT('Ctrl Pts',(1.519975271397,8.922481142612,5.009002303524));
#9122=CARTESIAN_POINT('Ctrl Pts',(1.576700771524,10.14750291353,1.398823278895));
#9123=CARTESIAN_POINT('Ctrl Pts',(1.62559865019,9.972532463589,-1.828210143725));
#9124=CARTESIAN_POINT('Ctrl Pts',(1.666036488225,9.10753769168,-4.287469328856));
#9125=CARTESIAN_POINT('Ctrl Pts',(1.702322215529,7.914885756332,-6.279403604111));
#9126=CARTESIAN_POINT('Ctrl Pts',(1.745054192705,5.984946899691,-8.195722871352));
#9127=CARTESIAN_POINT('Ctrl Pts',(1.79338887004,3.289379837251,-9.609054265924));
#9128=CARTESIAN_POINT('Ctrl Pts',(1.844374761176,0.1681990215355,-10.1646108994));
#9129=CARTESIAN_POINT('Ctrl Pts',(1.895357981089,-2.936553615637,-9.727998276624));
#9130=CARTESIAN_POINT('Ctrl Pts',(1.947723688684,-5.792782005937,-8.344132401979));
#9131=CARTESIAN_POINT('Ctrl Pts',(2.000084304322,-8.070563430679,-6.182582453034));
#9132=CARTESIAN_POINT('Ctrl Pts',(2.055320874923,-9.625237162415,-3.30447030517));
#9133=CARTESIAN_POINT('Ctrl Pts',(2.109171917948,-10.15759357043,-0.1952322578236));
#9134=CARTESIAN_POINT('Ctrl Pts',(2.16303298105,-9.725517278926,2.879804942174));
#9135=CARTESIAN_POINT('Ctrl Pts',(2.215392729218,-8.471186190408,5.593325735612));
#9136=CARTESIAN_POINT('Ctrl Pts',(2.270630004747,-6.381654185904,7.906536901852));
#9137=CARTESIAN_POINT('Ctrl Pts',(2.325859213058,-3.712261887389,9.453947022111));
#9138=CARTESIAN_POINT('Ctrl Pts',(2.382590636526,-0.6598951313734,10.13182702514));
#9139=CARTESIAN_POINT('Ctrl Pts',(2.439313603313,2.42494078688,9.868499731043));
#9140=CARTESIAN_POINT('Ctrl Pts',(2.499155033666,5.401777109684,8.619476078805));
#9141=CARTESIAN_POINT('Ctrl Pts',(2.55611407091,7.690832767935,6.616120781392));
#9142=CARTESIAN_POINT('Ctrl Pts',(2.611592859927,9.232584780941,4.141470617335));
#9143=CARTESIAN_POINT('Ctrl Pts',(2.663952929634,10.01053107042,1.526129747718));
#9144=CARTESIAN_POINT('Ctrl Pts',(2.719189273761,10.04774767082,-1.323304867561));
#9145=CARTESIAN_POINT('Ctrl Pts',(2.77441923894,9.289523850269,-4.04403393915));
#9146=CARTESIAN_POINT('Ctrl Pts',(2.831150479091,7.782406020212,-6.483305350603));
#9147=CARTESIAN_POINT('Ctrl Pts',(2.88787374288,5.679780517833,-8.396250984705));
#9148=CARTESIAN_POINT('Ctrl Pts',(2.94771392792,3.008206306027,-9.689695896188));
#9149=CARTESIAN_POINT('Ctrl Pts',(3.006053070299,0.1741526139867,-10.1308315131));
#9150=CARTESIAN_POINT('Ctrl Pts',(3.064401273609,-2.633997249102,-9.770207806033));
#9151=CARTESIAN_POINT('Ctrl Pts',(3.121124271237,-5.153130507107,-8.71718694636));
#9152=CARTESIAN_POINT('Ctrl Pts',(3.180964326438,-7.3852488183,-6.940716211655));
#9153=CARTESIAN_POINT('Ctrl Pts',(3.240797101071,-9.013477659014,-4.627709205084));
#9154=CARTESIAN_POINT('Ctrl Pts',(3.302254943644,-9.947716162711,-1.911217344507));
#9155=CARTESIAN_POINT('Ctrl Pts',(3.363705060492,-10.09446466844,0.9340337997271));
#9156=CARTESIAN_POINT('Ctrl Pts',(3.428533763412,-9.397221772846,3.827363760486));
#9157=CARTESIAN_POINT('Ctrl Pts',(3.48758841979,-8.029502975215,6.141484872848));
#9158=CARTESIAN_POINT('Ctrl Pts',(3.54217077931,-6.293051405766,7.866093647127));
#9159=CARTESIAN_POINT('Ctrl Pts',(3.590502219312,-4.479940193472,9.028201566336));
#9160=CARTESIAN_POINT('Ctrl Pts',(3.641490267669,-2.362135469258,9.803702749343));
#9161=CARTESIAN_POINT('Ctrl Pts',(3.692472204269,-0.1392169233055,10.08193557984));
#9162=CARTESIAN_POINT('Ctrl Pts',(3.744838369847,2.130974419565,9.853943089297));
#9163=CARTESIAN_POINT('Ctrl Pts',(3.797198485246,4.280296076487,9.133971089457));
#9164=CARTESIAN_POINT('Ctrl Pts',(3.852435411655,6.299054196908,7.886564809287));
#9165=CARTESIAN_POINT('Ctrl Pts',(3.906288128419,7.913764902032,6.251539899297));
#9166=CARTESIAN_POINT('Ctrl Pts',(3.960146521006,9.10716411021,4.313086320159));
#9167=CARTESIAN_POINT('Ctrl Pts',(4.012507926409,9.830908941949,2.236136955898));
#9168=CARTESIAN_POINT('Ctrl Pts',(4.06774316865,10.0877863581,-0.05273617989263));
#9169=CARTESIAN_POINT('Ctrl Pts',(4.122974731776,9.814999247734,-2.324548431079));
#9170=CARTESIAN_POINT('Ctrl Pts',(4.179704309264,9.018479763758,-4.51444069866));
#9171=CARTESIAN_POINT('Ctrl Pts',(4.236428423158,7.756116627617,-6.455210522955));
#9172=CARTESIAN_POINT('Ctrl Pts',(4.296267682465,5.997568409944,-8.123264414561));
#9173=CARTESIAN_POINT('Ctrl Pts',(4.353229846932,4.00392477838,-9.253637175104));
#9174=CARTESIAN_POINT('Ctrl Pts',(4.408706687782,1.888023958345,-9.889537029968));
#9175=CARTESIAN_POINT('Ctrl Pts',(4.461067196066,-0.1773660928973,-10.07125765665));
#9176=CARTESIAN_POINT('Ctrl Pts',(4.516302866999,-2.333406624703,-9.804312783584));
#9177=CARTESIAN_POINT('Ctrl Pts',(4.571534738393,-4.367949041704,-9.081124976582));
#9178=CARTESIAN_POINT('Ctrl Pts',(4.628263558983,-6.234399412209,-7.915667512651));
#9179=CARTESIAN_POINT('Ctrl Pts',(4.684988068799,-7.799260397848,-6.38752799524));
#9180=CARTESIAN_POINT('Ctrl Pts',(4.744826859404,-9.045090035414,-4.464773943247));
#9181=CARTESIAN_POINT('Ctrl Pts',(4.803167866853,-9.795447243205,-2.375676247268));
#9182=CARTESIAN_POINT('Ctrl Pts',(4.861514567771,-10.06993826957,-0.192500066355));
#9183=CARTESIAN_POINT('Ctrl Pts',(4.918239156858,-9.890733623153,1.926877067941));
#9184=CARTESIAN_POINT('Ctrl Pts',(4.978078078067,-9.230732011966,4.055381927874));
#9185=CARTESIAN_POINT('Ctrl Pts',(5.037911930287,-8.121457337496,5.972392149242));
#9186=CARTESIAN_POINT('Ctrl Pts',(5.099368244614,-6.588530256596,7.628718335135));
#9187=CARTESIAN_POINT('Ctrl Pts',(5.160821005139,-4.741213875389,8.901444515717));
#9188=CARTESIAN_POINT('Ctrl Pts',(5.225641916963,-2.555369042596,9.762583537354));
#9189=CARTESIAN_POINT('Ctrl Pts',(5.303899611697,0.2360364393658,10.15485306468));
#9190=CARTESIAN_POINT('Ctrl Pts',(5.398435019053,3.593272627471,9.590084629284));
#9191=CARTESIAN_POINT('Ctrl Pts',(5.507531182903,6.919839909984,7.568010126469));
#9192=CARTESIAN_POINT('Ctrl Pts',(5.601564943237,8.88474565765,4.899958727119));
#9193=CARTESIAN_POINT('Ctrl Pts',(5.679326379871,9.785540869663,2.377119583253));
#9194=CARTESIAN_POINT('Ctrl Pts',(5.757081340715,10.14707793063,-0.2622653257648));
#9195=CARTESIAN_POINT('Ctrl Pts',(5.855844814729,9.600506814539,-3.61169750232));
#9196=CARTESIAN_POINT('Ctrl Pts',(5.97403423585,7.484940041318,-7.034403469808));
#9197=CARTESIAN_POINT('Ctrl Pts',(6.075900993207,4.688301026675,-9.009075228908));
#9198=CARTESIAN_POINT('Ctrl Pts',(6.160146071326,2.058269394614,-9.862281951753));
#9199=CARTESIAN_POINT('Ctrl Pts',(6.241266156819,-0.5760105877437,-10.12738727087));
#9200=CARTESIAN_POINT('Ctrl Pts',(6.341785804413,-3.800344148331,-9.501375503101));
#9201=CARTESIAN_POINT('Ctrl Pts',(6.459973050787,-7.033001921284,-7.451657200193));
#9202=CARTESIAN_POINT('Ctrl Pts',(6.561842596394,-8.932317559287,-4.802977811603));
#9203=CARTESIAN_POINT('Ctrl Pts',(6.646084032079,-9.7987215953,-2.312608754411));
#9204=CARTESIAN_POINT('Ctrl Pts',(6.730317673809,-10.14174650189,0.2874217399527));
#9205=CARTESIAN_POINT('Ctrl Pts',(6.837312938649,-9.602473137727,3.584189604182));
#9206=CARTESIAN_POINT('Ctrl Pts',(6.96535091277,-7.53818309891,6.965388190827));
#9207=CARTESIAN_POINT('Ctrl Pts',(7.075705434462,-4.806372601949,8.941477033607));
#9208=CARTESIAN_POINT('Ctrl Pts',(7.166973757899,-2.228084659797,9.823113037483));
#9209=CARTESIAN_POINT('Ctrl Pts',(7.246215884483,0.1080379143194,10.10246940725));
#9210=CARTESIAN_POINT('Ctrl Pts',(7.337140763146,2.774782468106,9.752515438183));
#9211=CARTESIAN_POINT('Ctrl Pts',(7.43783540363,5.474100322267,8.545259271329));
#9212=CARTESIAN_POINT('Ctrl Pts',(7.544059507698,7.799184565241,6.508794585913));
#9213=CARTESIAN_POINT('Ctrl Pts',(7.650270259614,9.383501929839,3.882965030444));
#9214=CARTESIAN_POINT('Ctrl Pts',(7.75936833356,10.11633435833,0.8555459109662));
#9215=CARTESIAN_POINT('Ctrl Pts',(7.868450262157,9.91445603099,-2.228742973323));
#9216=CARTESIAN_POINT('Ctrl Pts',(7.983529455361,8.724614463657,-5.231199271488));
#9217=CARTESIAN_POINT('Ctrl Pts',(8.095717058119,6.713966212461,-7.621289219029));
#9218=CARTESIAN_POINT('Ctrl Pts',(8.207928479277,4.109624180429,-9.271201919226));
#9219=CARTESIAN_POINT('Ctrl Pts',(8.317009078804,1.244900753563,-10.0734422277));
#9220=CARTESIAN_POINT('Ctrl Pts',(8.432087626879,-1.863409568561,-9.987878087964));
#9221=CARTESIAN_POINT('Ctrl Pts',(8.547148924709,-4.773820933463,-8.965196308606));
#9222=CARTESIAN_POINT('Ctrl Pts',(8.6653378979,-7.277139978329,-7.08170732779));
#9223=CARTESIAN_POINT('Ctrl Pts',(8.783510055534,-9.086248277595,-4.554146347209));
#9224=CARTESIAN_POINT('Ctrl Pts',(8.908179739417,-10.06941010953,-1.459218057266));
#9225=CARTESIAN_POINT('Ctrl Pts',(9.026843522346,-10.01968916346,1.606100249796));
#9226=CARTESIAN_POINT('Ctrl Pts',(9.142426469905,-9.112142609607,4.405669666791));
#9227=CARTESIAN_POINT('Ctrl Pts',(9.251507096446,-7.591109660148,6.706247430411));
#9228=CARTESIAN_POINT('Ctrl Pts',(9.366584599324,-5.399013414213,8.58074263747));
#9229=CARTESIAN_POINT('Ctrl Pts',(9.481646708683,-2.784246595284,9.74540868529));
#9230=CARTESIAN_POINT('Ctrl Pts',(9.599835129753,0.09903359752935,10.13257549757));
#9231=CARTESIAN_POINT('Ctrl Pts',(9.718008331967,2.954058547076,9.701622689932));
#9232=CARTESIAN_POINT('Ctrl Pts',(9.842675974137,5.682450359022,8.41143274397));
#9233=CARTESIAN_POINT('Ctrl Pts',(9.964213930967,7.831922757981,6.436126359988));
#9234=CARTESIAN_POINT('Ctrl Pts',(10.08577459472,9.315550138323,3.96328610693));
#9235=CARTESIAN_POINT('Ctrl Pts',(10.20394675883,10.05037148142,1.278963629817));
#9236=CARTESIAN_POINT('Ctrl Pts',(10.32861324625,10.00844351969,-1.630464179909));
#9237=CARTESIAN_POINT('Ctrl Pts',(10.45326441754,9.140694354156,-4.383946038224));
#9238=CARTESIAN_POINT('Ctrl Pts',(10.58130158385,7.500993889525,-6.816005490945));
#9239=CARTESIAN_POINT('Ctrl Pts',(10.70932206138,5.260136173719,-8.673169061292));
#9240=CARTESIAN_POINT('Ctrl Pts',(10.84437970356,2.456472534614,-9.851628643915));
#9241=CARTESIAN_POINT('Ctrl Pts',(10.97006216313,-0.3381639260604,-10.11557449224));
#9242=CARTESIAN_POINT('Ctrl Pts',(11.08929529873,-2.922556122321,-9.658072900142));
#9243=CARTESIAN_POINT('Ctrl Pts',(11.19837573069,-5.110393527418,-8.70772788326));
#9244=CARTESIAN_POINT('Ctrl Pts',(11.3134525253,-7.094977032338,-7.193014091856));
#9245=CARTESIAN_POINT('Ctrl Pts',(11.42851631096,-8.631446754991,-5.247821306094));
#9246=CARTESIAN_POINT('Ctrl Pts',(11.54670223655,-9.660999775029,-2.94533013011));
#9247=CARTESIAN_POINT('Ctrl Pts',(11.66487700428,-10.09508198391,-0.4788408394498));
#9248=CARTESIAN_POINT('Ctrl Pts',(11.78954251987,-9.886440851713,2.132539780953));
#9249=CARTESIAN_POINT('Ctrl Pts',(11.91108323138,-9.03584399662,4.520605113335));
#9250=CARTESIAN_POINT('Ctrl Pts',(12.03264105019,-7.635553298088,6.601149436783));
#9251=CARTESIAN_POINT('Ctrl Pts',(12.15081500581,-5.847890072582,8.234159450345));
#9252=CARTESIAN_POINT('Ctrl Pts',(12.27547995712,-3.618325636629,9.436470863879));
#9253=CARTESIAN_POINT('Ctrl Pts',(12.4001323373,-1.176636163286,10.03569982111));
#9254=CARTESIAN_POINT('Ctrl Pts',(12.52816763934,1.38022498172,10.00802500401));
#9255=CARTESIAN_POINT('Ctrl Pts',(12.6561895528,3.832631495351,9.354584977023));
#9256=CARTESIAN_POINT('Ctrl Pts',(12.79124466541,6.138684802262,8.041480730487));
#9257=CARTESIAN_POINT('Ctrl Pts',(12.91980212636,7.914351664133,6.272944515262));
#9258=CARTESIAN_POINT('Ctrl Pts',(13.04501161928,9.160823484654,4.208539069158));
#9259=CARTESIAN_POINT('Ctrl Pts',(13.16318483702,9.87335160806,2.063246945602));
#9260=CARTESIAN_POINT('Ctrl Pts',(13.28784933965,10.08847628546,-0.2924425695044));
#9261=CARTESIAN_POINT('Ctrl Pts',(13.41250275724,9.746229749305,-2.615395005149));
#9262=CARTESIAN_POINT('Ctrl Pts',(13.54053676811,8.856960520638,-4.832650527993));
#9263=CARTESIAN_POINT('Ctrl Pts',(13.66855994176,7.489098547321,-6.769738797471));
#9264=CARTESIAN_POINT('Ctrl Pts',(13.803613086,5.617045481905,-8.396290066461));
#9265=CARTESIAN_POINT('Ctrl Pts',(13.9352831349,3.47465103099,-9.475717777302));
#9266=CARTESIAN_POINT('Ctrl Pts',(14.06696924946,1.163751634566,-10.0161574928));
#9267=CARTESIAN_POINT('Ctrl Pts',(14.19499171823,-1.126720978883,-10.02579986638));
#9268=CARTESIAN_POINT('Ctrl Pts',(14.33004431969,-3.460148956298,-9.483546866562));
#9269=CARTESIAN_POINT('Ctrl Pts',(14.46508503639,-5.580664191555,-8.41011058095));
#9270=CARTESIAN_POINT('Ctrl Pts',(14.60378915012,-7.418945009027,-6.841147452156));
#9271=CARTESIAN_POINT('Ctrl Pts',(14.74247893717,-8.828173167652,-4.90122083819));
#9272=CARTESIAN_POINT('Ctrl Pts',(14.92015016962,-9.971199538422,-2.080625456871));
#9273=CARTESIAN_POINT('Ctrl Pts',(15.05031140405,-10.09450690913,0.1501114266622));
#9274=CARTESIAN_POINT('Ctrl Pts',(15.13317300426,-9.881395613407,1.513913869583));
#9275=CARTESIAN_POINT('',(15.00000000741,-9.999872443958,-0.05050846035306));
#9276=CARTESIAN_POINT('Ctrl Pts',(0.,1.174851736133E-13,10.));
#9277=CARTESIAN_POINT('Ctrl Pts',(0.006764985254537,0.9873548260361,10.));
#9278=CARTESIAN_POINT('Ctrl Pts',(0.02085223990599,3.015872761271,9.693852548942));
#9279=CARTESIAN_POINT('Ctrl Pts',(0.04226880876795,5.759108789044,8.365891465984));
#9280=CARTESIAN_POINT('Ctrl Pts',(0.06485985890394,8.040472701668,6.214483529125));
#9281=CARTESIAN_POINT('Ctrl Pts',(0.08744900341279,9.520434670744,3.531047426813));
#9282=CARTESIAN_POINT('Ctrl Pts',(0.1106514144042,10.13412802028,0.5242790117814));
#9283=CARTESIAN_POINT('Ctrl Pts',(0.1338510274553,9.848329622798,-2.467057016486));
#9284=CARTESIAN_POINT('Ctrl Pts',(0.1583253547498,8.650776503753,-5.325860546867));
#9285=CARTESIAN_POINT('Ctrl Pts',(0.1821855083929,6.734594229316,-7.581518105045));
#9286=CARTESIAN_POINT('Ctrl Pts',(0.2060499670251,4.313602945229,-9.159555898607));
#9287=CARTESIAN_POINT('Ctrl Pts',(0.2292495214072,1.68107780874,-9.989035095623));
#9288=CARTESIAN_POINT('Ctrl Pts',(0.2537239935534,-1.174277549079,-10.06731587954));
#9289=CARTESIAN_POINT('Ctrl Pts',(0.2781949214377,-3.887897425958,-9.354494889025));
#9290=CARTESIAN_POINT('Ctrl Pts',(0.3033308110974,-6.317207087196,-7.91372157331));
#9291=CARTESIAN_POINT('Ctrl Pts',(0.3284643678958,-8.233867581267,-5.903080017647));
#9292=CARTESIAN_POINT('Ctrl Pts',(0.3549775981586,-9.567252688206,-3.352831441234));
#9293=CARTESIAN_POINT('Ctrl Pts',(0.3802159670417,-10.08976461397,-0.7100297967081));
#9294=CARTESIAN_POINT('Ctrl Pts',(0.4047973200349,-9.921521066926,1.855351538643));
#9295=CARTESIAN_POINT('Ctrl Pts',(0.4279967825175,-9.209996597583,4.141106665302));
#9296=CARTESIAN_POINT('Ctrl Pts',(0.4524704876305,-7.922334918267,6.270569813635));
#9297=CARTESIAN_POINT('Ctrl Pts',(0.4769426933504,-6.174383293405,7.99350797118));
#9298=CARTESIAN_POINT('Ctrl Pts',(0.5020777670091,-4.037669823761,9.255409648045));
#9299=CARTESIAN_POINT('Ctrl Pts',(0.5272111267133,-1.691959259469,9.9600686307));
#9300=CARTESIAN_POINT('Ctrl Pts',(0.5537250525288,0.8525767523683,10.07253117755));
#9301=CARTESIAN_POINT('Ctrl Pts',(0.5795739023667,3.248801431148,9.560851147811));
#9302=CARTESIAN_POINT('Ctrl Pts',(0.6054267124144,5.418918040743,8.508431114947));
#9303=CARTESIAN_POINT('Ctrl Pts',(0.6305598163004,7.220572445109,7.050959195262));
#9304=CARTESIAN_POINT('Ctrl Pts',(0.6570730290229,8.692382696019,5.138613472057));
#9305=CARTESIAN_POINT('Ctrl Pts',(0.683584691455,9.65238867367,2.956402736381));
#9306=CARTESIAN_POINT('Ctrl Pts',(0.7108142845384,10.0761439261,0.5793118363712));
#9307=CARTESIAN_POINT('Ctrl Pts',(0.7380425819712,9.935440697687,-1.803402266277));
#9308=CARTESIAN_POINT('Ctrl Pts',(0.7667635868917,9.199422665132,-4.177537483965));
#9309=CARTESIAN_POINT('Ctrl Pts',(0.8014376707715,7.651453189748,-6.707443111116));
#9310=CARTESIAN_POINT('Ctrl Pts',(0.8433237328614,4.929498472101,-9.001361646764));
#9311=CARTESIAN_POINT('Ctrl Pts',(0.8916622034387,1.079737331406,-10.21583970266));
#9312=CARTESIAN_POINT('Ctrl Pts',(0.9333264034041,-2.31193996292,-9.888163205184));
#9313=CARTESIAN_POINT('Ctrl Pts',(0.9677814600983,-4.838992934987,-8.83635933967));
#9314=CARTESIAN_POINT('Ctrl Pts',(1.002232608775,-7.068901755038,-7.293507848261));
#9315=CARTESIAN_POINT('Ctrl Pts',(1.045993486185,-9.183018087651,-4.584140973873));
#9316=CARTESIAN_POINT('Ctrl Pts',(1.098359558459,-10.25167179659,-0.6816900606252));
#9317=CARTESIAN_POINT('Ctrl Pts',(1.143495153255,-9.788895743116,2.706196906831));
#9318=CARTESIAN_POINT('Ctrl Pts',(1.180822496962,-8.63029009734,5.198934222274));
#9319=CARTESIAN_POINT('Ctrl Pts',(1.216765083401,-7.048849231449,7.29254924696));
#9320=CARTESIAN_POINT('Ctrl Pts',(1.261303807501,-4.439385531233,9.213765140854));
#9321=CARTESIAN_POINT('Ctrl Pts',(1.313666075557,-0.8170664834506,10.20502349295));
#9322=CARTESIAN_POINT('Ctrl Pts',(1.368903122393,3.054774851059,9.784242998199));
#9323=CARTESIAN_POINT('Ctrl Pts',(1.424132313832,6.435123892166,7.967005539929));
#9324=CARTESIAN_POINT('Ctrl Pts',(1.480864031081,8.924224875222,5.009254150857));
#9325=CARTESIAN_POINT('Ctrl Pts',(1.537589687407,10.14922084422,1.398409282725));
#9326=CARTESIAN_POINT('Ctrl Pts',(1.586487677229,9.97401763644,-1.829138410239));
#9327=CARTESIAN_POINT('Ctrl Pts',(1.626925654151,9.10872352703,-4.288744899186));
#9328=CARTESIAN_POINT('Ctrl Pts',(1.663211478371,7.915748064851,-6.280926799268));
#9329=CARTESIAN_POINT('Ctrl Pts',(1.70594357649,5.985368897153,-8.197432758164));
#9330=CARTESIAN_POINT('Ctrl Pts',(1.754278388227,3.289268319815,-9.610816482072));
#9331=CARTESIAN_POINT('Ctrl Pts',(1.805264427246,0.1675405127281,-10.16625469646));
#9332=CARTESIAN_POINT('Ctrl Pts',(1.856247785031,-2.937689099272,-9.729360206918));
#9333=CARTESIAN_POINT('Ctrl Pts',(1.908613651613,-5.794289260944,-8.345071950261));
#9334=CARTESIAN_POINT('Ctrl Pts',(1.960974408488,-8.072292023505,-6.183010915128));
#9335=CARTESIAN_POINT('Ctrl Pts',(2.016211148375,-9.627017258564,-3.3043188248));
#9336=CARTESIAN_POINT('Ctrl Pts',(2.070062329646,-10.15923888182,-0.1945358429633));
#9337=CARTESIAN_POINT('Ctrl Pts',(2.123923566761,-9.72687012885,2.880973303471));
#9338=CARTESIAN_POINT('Ctrl Pts',(2.176283456504,-8.472136379631,5.594845348281));
#9339=CARTESIAN_POINT('Ctrl Pts',(2.231520905788,-6.382091939699,7.908280603912));
#9340=CARTESIAN_POINT('Ctrl Pts',(2.286750259875,-3.71214869532,9.455743868693));
#9341=CARTESIAN_POINT('Ctrl Pts',(2.343481867813,-0.659231286776,10.13350435156));
#9342=CARTESIAN_POINT('Ctrl Pts',(2.400204989598,2.426087990104,9.869898464149));
#9343=CARTESIAN_POINT('Ctrl Pts',(2.460046615984,5.403314985751,8.620440360861));
#9344=CARTESIAN_POINT('Ctrl Pts',(2.517005798841,7.692587296553,6.616579481086));
#9345=CARTESIAN_POINT('Ctrl Pts',(2.572484773932,9.234396307348,4.141402421978));
#9346=CARTESIAN_POINT('Ctrl Pts',(2.62484499199,10.01226092144,1.52557243451));
#9347=CARTESIAN_POINT('Ctrl Pts',(2.680081512211,10.04925402961,-1.324331275022));
#9348=CARTESIAN_POINT('Ctrl Pts',(2.735311631805,9.290685024115,-4.045442814467));
#9349=CARTESIAN_POINT('Ctrl Pts',(2.792043061726,7.783119954173,-6.484989707731));
#9350=CARTESIAN_POINT('Ctrl Pts',(2.848766487677,5.67999222587,-8.398073153646));
#9351=CARTESIAN_POINT('Ctrl Pts',(2.908606870504,3.0078722284,-9.69150572654));
#9352=CARTESIAN_POINT('Ctrl Pts',(2.966946176644,0.1733184332211,-10.13247323163));
#9353=CARTESIAN_POINT('Ctrl Pts',(3.025294576652,-2.635260389318,-9.771550235029));
#9354=CARTESIAN_POINT('Ctrl Pts',(3.082017739325,-5.154714208774,-8.718139781692));
#9355=CARTESIAN_POINT('Ctrl Pts',(3.141857994915,-7.387043114719,-6.941183596522));
#9356=CARTESIAN_POINT('Ctrl Pts',(3.20169094446,-9.015334331667,-4.627655350839));
#9357=CARTESIAN_POINT('Ctrl Pts',(3.263148996378,-9.949484408138,-1.910635551792));
#9358=CARTESIAN_POINT('Ctrl Pts',(3.324599295579,-10.09600160137,0.9350937299845));
#9359=CARTESIAN_POINT('Ctrl Pts',(3.38942822774,-9.39838218821,3.828834715646));
#9360=CARTESIAN_POINT('Ctrl Pts',(3.448483043595,-8.030228431064,6.14320830186));
#9361=CARTESIAN_POINT('Ctrl Pts',(3.503065604532,-6.293332939795,7.867939741884));
#9362=CARTESIAN_POINT('Ctrl Pts',(3.551397189475,-4.479817369913,9.030068973877));
#9363=CARTESIAN_POINT('Ctrl Pts',(3.602385414519,-2.361593100953,9.805498930505));
#9364=CARTESIAN_POINT('Ctrl Pts',(3.653367506984,-0.1382849134381,10.08356752285));
#9365=CARTESIAN_POINT('Ctrl Pts',(3.705733855988,2.132256752236,9.855321938878));
#9366=CARTESIAN_POINT('Ctrl Pts',(3.758094133856,4.281860923052,9.135026427268));
#9367=CARTESIAN_POINT('Ctrl Pts',(3.813331255095,6.300829571573,7.887220990785));
#9368=CARTESIAN_POINT('Ctrl Pts',(3.867184139811,7.915645369751,6.251771700936));
#9369=CARTESIAN_POINT('Ctrl Pts',(3.921042721668,9.109050326764,4.312883607202));
#9370=CARTESIAN_POINT('Ctrl Pts',(3.973404297427,9.832708728741,2.235522958999));
#9371=CARTESIAN_POINT('Ctrl Pts',(4.028639731426,10.08940084718,-0.05375070000969));
#9372=CARTESIAN_POINT('Ctrl Pts',(4.083871473726,9.816341730953,-2.32590743054));
#9373=CARTESIAN_POINT('Ctrl Pts',(4.140601255123,9.019470857142,-4.516078419985));
#9374=CARTESIAN_POINT('Ctrl Pts',(4.197325554087,7.756703980527,-6.457037659077));
#9375=CARTESIAN_POINT('Ctrl Pts',(4.257165029234,5.9976967121,-8.125185086894));
#9376=CARTESIAN_POINT('Ctrl Pts',(4.314127376931,4.003610277912,-9.255537205811));
#9377=CARTESIAN_POINT('Ctrl Pts',(4.369604423735,1.887296298012,-9.8913216361));
#9378=CARTESIAN_POINT('Ctrl Pts',(4.421965105909,-0.1784508854977,-10.07285604577));
#9379=CARTESIAN_POINT('Ctrl Pts',(4.477200977078,-2.334816869561,-9.805640502992));
#9380=CARTESIAN_POINT('Ctrl Pts',(4.532433035841,-4.369615869906,-9.082118631581));
#9381=CARTESIAN_POINT('Ctrl Pts',(4.58916206488,-6.236248029213,-7.916270852331));
#9382=CARTESIAN_POINT('Ctrl Pts',(4.645886768605,-7.801201180518,-6.387712899187));
#9383=CARTESIAN_POINT('Ctrl Pts',(4.705725781022,-9.047027205874,-4.464508625433));
#9384=CARTESIAN_POINT('Ctrl Pts',(4.764066987319,-9.797279689503,-2.374986961088));
#9385=CARTESIAN_POINT('Ctrl Pts',(4.822413908782,-10.07157626649,-0.191422361421));
#9386=CARTESIAN_POINT('Ctrl Pts',(4.879138696314,-9.892108182934,1.928282307764));
#9387=CARTESIAN_POINT('Ctrl Pts',(4.93897784365,-9.231761597751,4.057063133728));
#9388=CARTESIAN_POINT('Ctrl Pts',(4.998811904905,-8.122090493349,5.974263318386));
#9389=CARTESIAN_POINT('Ctrl Pts',(5.060268453455,-6.588725076708,7.630688626789));
#9390=CARTESIAN_POINT('Ctrl Pts',(5.121721438945,-4.740961172666,8.903413824891));
#9391=CARTESIAN_POINT('Ctrl Pts',(5.186542581147,-2.554659597719,9.764444256404));
#9392=CARTESIAN_POINT('Ctrl Pts',(5.26480060483,0.2372503229241,10.15645684664));
#9393=CARTESIAN_POINT('Ctrl Pts',(5.359336335041,3.594971117064,9.591205413916));
#9394=CARTESIAN_POINT('Ctrl Pts',(5.468432939349,6.921847567534,7.56840712622));
#9395=CARTESIAN_POINT('Ctrl Pts',(5.562467010122,8.886757687739,4.899684825488));
#9396=CARTESIAN_POINT('Ctrl Pts',(5.640228779061,9.787398460947,2.376322400629));
#9397=CARTESIAN_POINT('Ctrl Pts',(5.717984068234,10.14867584417,-0.2635405347093));
#9398=CARTESIAN_POINT('Ctrl Pts',(5.816747890533,9.601606555388,-3.613455439392));
#9399=CARTESIAN_POINT('Ctrl Pts',(5.934937815692,7.485268892389,-7.036463816173));
#9400=CARTESIAN_POINT('Ctrl Pts',(6.036804912156,4.687924954512,-9.01110984404));
#9401=CARTESIAN_POINT('Ctrl Pts',(6.121050376887,2.057352230144,-9.864125932466));
#9402=CARTESIAN_POINT('Ctrl Pts',(6.202170802986,-0.5773948655315,-10.12894036548));
#9403=CARTESIAN_POINT('Ctrl Pts',(6.302690836508,-3.80217802805,-9.502412968337));
#9404=CARTESIAN_POINT('Ctrl Pts',(6.420878599462,-7.035102951332,-7.451938218677));
#9405=CARTESIAN_POINT('Ctrl Pts',(6.522748512569,-8.934383353143,-4.802575392968));
#9406=CARTESIAN_POINT('Ctrl Pts',(6.606990336271,-9.800601451947,-2.311681298965));
#9407=CARTESIAN_POINT('Ctrl Pts',(6.691224359748,-10.14333704097,0.2888234235219));
#9408=CARTESIAN_POINT('Ctrl Pts',(6.798220043876,-9.603532789581,3.586060942844));
#9409=CARTESIAN_POINT('Ctrl Pts',(6.9262586093,-7.538443115511,6.967537175491));
#9410=CARTESIAN_POINT('Ctrl Pts',(7.036613531046,-4.805912882985,8.943575393109));
#9411=CARTESIAN_POINT('Ctrl Pts',(7.12788232107,-2.227076515052,9.825000141742));
#9412=CARTESIAN_POINT('Ctrl Pts',(7.207124780753,0.1094694889681,10.10407655488));
#9413=CARTESIAN_POINT('Ctrl Pts',(7.298050073017,2.776604584194,9.753690246508));
#9414=CARTESIAN_POINT('Ctrl Pts',(7.398745152553,5.476196066833,8.545852607755));
#9415=CARTESIAN_POINT('Ctrl Pts',(7.50496976088,7.801372865925,6.508719175187));
#9416=CARTESIAN_POINT('Ctrl Pts',(7.61118096811,9.385572140824,3.88222842965));
#9417=CARTESIAN_POINT('Ctrl Pts',(7.720279578686,10.11808463926,0.8542023084334));
#9418=CARTESIAN_POINT('Ctrl Pts',(7.829361988371,9.915719537711,-2.230565265247));
#9419=CARTESIAN_POINT('Ctrl Pts',(7.944441760645,8.725235572917,-5.233341426105));
#9420=CARTESIAN_POINT('Ctrl Pts',(8.056629852045,6.713897752147,-7.623523900481));
#9421=CARTESIAN_POINT('Ctrl Pts',(8.168841856431,4.108875191103,-9.273315771625));
#9422=CARTESIAN_POINT('Ctrl Pts',(8.277922955587,1.243556674943,-10.07525116708));
#9423=CARTESIAN_POINT('Ctrl Pts',(8.393002101305,-1.865254911663,-9.989194179852));
#9424=CARTESIAN_POINT('Ctrl Pts',(8.508063936562,-4.775987732093,-8.965891055115));
#9425=CARTESIAN_POINT('Ctrl Pts',(8.62625353624,-7.279425791619,-7.081697351244));
#9426=CARTESIAN_POINT('Ctrl Pts',(8.744426263217,-9.088432651989,-4.553432210712));
#9427=CARTESIAN_POINT('Ctrl Pts',(8.869096630323,-10.0712624997,-1.457833587687));
#9428=CARTESIAN_POINT('Ctrl Pts',(8.987760971159,-10.02103826959,1.607982888766));
#9429=CARTESIAN_POINT('Ctrl Pts',(9.103344576652,-9.112884961784,4.407869029993));
#9430=CARTESIAN_POINT('Ctrl Pts',(9.212425752658,-7.591222254777,6.708577299357));
#9431=CARTESIAN_POINT('Ctrl Pts',(9.327503900479,-5.398451671961,8.583020134023));
#9432=CARTESIAN_POINT('Ctrl Pts',(9.442566603299,-2.78305723774,9.74744165821));
#9433=CARTESIAN_POINT('Ctrl Pts',(9.560755703888,0.1007669740709,10.13418632656));
#9434=CARTESIAN_POINT('Ctrl Pts',(9.678929535279,2.956191609873,9.702676149851));
#9435=CARTESIAN_POINT('Ctrl Pts',(9.803597911973,5.684815203806,8.411803167554));
#9436=CARTESIAN_POINT('Ctrl Pts',(9.925136513884,7.834301274254,6.435796812182));
#9437=CARTESIAN_POINT('Ctrl Pts',(10.04669791825,9.317742939412,3.962285721813));
#9438=CARTESIAN_POINT('Ctrl Pts',(10.16487074117,10.05221251872,1.27738818931));
#9439=CARTESIAN_POINT('Ctrl Pts',(10.28953799085,10.00975971095,-1.632516239683));
#9440=CARTESIAN_POINT('Ctrl Pts',(10.41418987266,9.141371789615,-4.38629943804));
#9441=CARTESIAN_POINT('Ctrl Pts',(10.5422278455,7.500957354752,-6.818466729669));
#9442=CARTESIAN_POINT('Ctrl Pts',(10.67024907341,5.259387447374,-8.675529045739));
#9443=CARTESIAN_POINT('Ctrl Pts',(10.80530759601,2.455038600276,-9.853667414727));
#9444=CARTESIAN_POINT('Ctrl Pts',(10.93099078186,-0.3401114239764,-10.11713604422));
#9445=CARTESIAN_POINT('Ctrl Pts',(11.05022472775,-2.92484916198,-9.659072128033));
#9446=CARTESIAN_POINT('Ctrl Pts',(11.15930583012,-5.11287058483,-8.708154267987));
#9447=CARTESIAN_POINT('Ctrl Pts',(11.27438339745,-7.097496127692,-7.192808639336));
#9448=CARTESIAN_POINT('Ctrl Pts',(11.38944791519,-8.633847354922,-5.246995836937));
#9449=CARTESIAN_POINT('Ctrl Pts',(11.5076346498,-9.663125493832,-2.943920189769));
#9450=CARTESIAN_POINT('Ctrl Pts',(11.62581019241,-10.09679750705,-0.4769344746653));
#9451=CARTESIAN_POINT('Ctrl Pts',(11.75047658502,-9.887606250368,2.134841737733));
#9452=CARTESIAN_POINT('Ctrl Pts',(11.87201810079,-9.036392161071,4.523136374866));
#9453=CARTESIAN_POINT('Ctrl Pts',(11.99357680261,-7.635449540811,6.603748129838));
#9454=CARTESIAN_POINT('Ctrl Pts',(12.11175157236,-5.84715719928,8.236669489291));
#9455=CARTESIAN_POINT('Ctrl Pts',(12.23641744136,-3.616974010219,9.438727715134));
#9456=CARTESIAN_POINT('Ctrl Pts',(12.36107069934,-1.174752787511,10.0375547421));
#9457=CARTESIAN_POINT('Ctrl Pts',(12.48910697234,1.382531572471,10.00934498651));
#9458=CARTESIAN_POINT('Ctrl Pts',(12.61712981496,3.83521220126,9.355282519305));
#9459=CARTESIAN_POINT('Ctrl Pts',(12.7521859843,6.141375862317,8.041471054608));
#9460=CARTESIAN_POINT('Ctrl Pts',(12.8807443864,7.916963714299,6.27226033541));
#9461=CARTESIAN_POINT('Ctrl Pts',(13.0059548937,9.163202014704,4.207239969212));
#9462=CARTESIAN_POINT('Ctrl Pts',(13.12412901856,9.875385491387,2.061433486692));
#9463=CARTESIAN_POINT('Ctrl Pts',(13.24879453882,10.09003258644,-0.2946994414097));
#9464=CARTESIAN_POINT('Ctrl Pts',(13.37344894253,9.747217599728,-2.617967133462));
#9465=CARTESIAN_POINT('Ctrl Pts',(13.5014840283,8.85730683635,-4.835399146068));
#9466=CARTESIAN_POINT('Ctrl Pts',(13.62950824698,7.488781451133,-6.772507684942));
#9467=CARTESIAN_POINT('Ctrl Pts',(13.76456255867,5.616045612607,-8.398911324167));
#9468=CARTESIAN_POINT('Ctrl Pts',(13.89623370166,3.473044540556,-9.478033486214));
#9469=CARTESIAN_POINT('Ctrl Pts',(14.02792099414,1.161630490692,-10.01803434216));
#9470=CARTESIAN_POINT('Ctrl Pts',(14.15594457095,-1.129231028401,-10.02714841872));
#9471=CARTESIAN_POINT('Ctrl Pts',(14.29099840545,-3.462927406871,-9.484259249098));
#9472=CARTESIAN_POINT('Ctrl Pts',(14.42604032293,-5.583548482513,-8.410142370035));
#9473=CARTESIAN_POINT('Ctrl Pts',(14.56474574755,-7.421768426485,-6.840476760408));
#9474=CARTESIAN_POINT('Ctrl Pts',(14.70343680588,-8.830770561599,-4.899884124941));
#9475=CARTESIAN_POINT('Ctrl Pts',(14.84975192282,-9.771660241308,-2.576479091238));
#9476=CARTESIAN_POINT('Ctrl Pts',(14.94858055732,-9.995518879627,-0.9124723816012));
#9477=CARTESIAN_POINT('Ctrl Pts',(15.00000000741,-9.999872443958,-0.05050846035306));
#9478=CARTESIAN_POINT('',(14.99999999259,-8.999885198429,-0.04545783859684));
#9479=CARTESIAN_POINT('Ctrl Pts',(14.99999999259,-8.999885198429,-0.04545783859684));
#9480=CARTESIAN_POINT('Ctrl Pts',(14.86965476614,-8.999926537785,-0.03727332225863));
#9481=CARTESIAN_POINT('Ctrl Pts',(14.60896431485,-9.108202024092,-0.02145073749977));
#9482=CARTESIAN_POINT('Ctrl Pts',(14.44699203891,-9.500054209227,-0.01325918745406));
#9483=CARTESIAN_POINT('Ctrl Pts',(14.60896432647,-9.891803654431,-0.02540846342086));
#9484=CARTESIAN_POINT('Ctrl Pts',(14.86965478097,-9.999913783314,-0.04232394401484));
#9485=CARTESIAN_POINT('Ctrl Pts',(15.00000000741,-9.999872443958,-0.05050846035306));
#9486=CARTESIAN_POINT('Ctrl Pts',(0.,1.17607173666E-13,9.));
#9487=CARTESIAN_POINT('Ctrl Pts',(0.00676106935141,0.888103185242,9.));
#9488=CARTESIAN_POINT('Ctrl Pts',(0.02085309512901,2.714411076144,8.724525020231));
#9489=CARTESIAN_POINT('Ctrl Pts',(0.04226903251922,5.183216084333,7.529257081086));
#9490=CARTESIAN_POINT('Ctrl Pts',(0.06485876200449,7.236370703789,5.593159864971));
#9491=CARTESIAN_POINT('Ctrl Pts',(0.08745039711688,8.568440634642,3.177786463748));
#9492=CARTESIAN_POINT('Ctrl Pts',(0.1106498678986,9.120713384776,0.4720180927176));
#9493=CARTESIAN_POINT('Ctrl Pts',(0.1338521366207,8.863452679875,-2.220449873466));
#9494=CARTESIAN_POINT('Ctrl Pts',(0.1583236539159,7.785856183681,-4.793181479515));
#9495=CARTESIAN_POINT('Ctrl Pts',(0.1821882427106,6.060915241261,-6.823554965706));
#9496=CARTESIAN_POINT('Ctrl Pts',(0.2060485265161,3.882369179779,-8.243535502515));
#9497=CARTESIAN_POINT('Ctrl Pts',(0.2292508539072,1.512839215105,-8.990163429307));
#9498=CARTESIAN_POINT('Ctrl Pts',(0.2537222263507,-1.05667519398,-9.060607749059));
#9499=CARTESIAN_POINT('Ctrl Pts',(0.2781971430561,-3.49931187308,-8.418968570268));
#9500=CARTESIAN_POINT('Ctrl Pts',(0.3033299586507,-5.685421357877,-7.122394546932));
#9501=CARTESIAN_POINT('Ctrl Pts',(0.3284651071066,-7.410520998436,-5.31271659043));
#9502=CARTESIAN_POINT('Ctrl Pts',(0.354976541816,-8.610499751054,-3.017652527133));
#9503=CARTESIAN_POINT('Ctrl Pts',(0.3802188750885,-9.080842133405,-0.6387493557876));
#9504=CARTESIAN_POINT('Ctrl Pts',(0.4047953635863,-8.929373881691,1.66963288372));
#9505=CARTESIAN_POINT('Ctrl Pts',(0.4279977828769,-8.288996119261,3.727097604069));
#9506=CARTESIAN_POINT('Ctrl Pts',(0.4524699223536,-7.130120200597,5.643469012586));
#9507=CARTESIAN_POINT('Ctrl Pts',(0.4769435612234,-5.55688899431,7.194202198536));
#9508=CARTESIAN_POINT('Ctrl Pts',(0.502077192819,-3.633952834687,8.329877080015));
#9509=CARTESIAN_POINT('Ctrl Pts',(0.5272125383691,-1.522643157601,8.964067945558));
#9510=CARTESIAN_POINT('Ctrl Pts',(0.5537232775258,0.7671706444478,9.065299220846));
#9511=CARTESIAN_POINT('Ctrl Pts',(0.5795762319954,2.924104126179,8.604706160677));
#9512=CARTESIAN_POINT('Ctrl Pts',(0.6054252262553,4.876921033329,7.657648850049));
#9513=CARTESIAN_POINT('Ctrl Pts',(0.6305608276236,6.49857689014,6.345808847527));
#9514=CARTESIAN_POINT('Ctrl Pts',(0.6570722798733,7.823107402304,4.624803656193));
#9515=CARTESIAN_POINT('Ctrl Pts',(0.6835852824133,8.687191841774,2.660721513708));
#9516=CARTESIAN_POINT('Ctrl Pts',(0.7108134533554,9.06851507275,0.5214481459406));
#9517=CARTESIAN_POINT('Ctrl Pts',(0.738042919948,8.941915186902,-1.623096046023));
#9518=CARTESIAN_POINT('Ctrl Pts',(0.7667653020807,8.27940038253,-3.759887536153));
#9519=CARTESIAN_POINT('Ctrl Pts',(0.8014318713593,6.886588487903,-6.036366781856));
#9520=CARTESIAN_POINT('Ctrl Pts',(0.8433276913495,4.436326107787,-8.101375111711));
#9521=CARTESIAN_POINT('Ctrl Pts',(0.8916598077997,0.9719061006572,-9.194317685334));
#9522=CARTESIAN_POINT('Ctrl Pts',(0.9333358297032,-2.081392704813,-8.899161177813));
#9523=CARTESIAN_POINT('Ctrl Pts',(0.9677797659563,-4.354971142205,-7.952748661466));
#9524=CARTESIAN_POINT('Ctrl Pts',(1.002227610227,-6.361768453175,-6.564419661445));
#9525=CARTESIAN_POINT('Ctrl Pts',(1.045996013457,-8.264813047636,-4.125597249225));
#9526=CARTESIAN_POINT('Ctrl Pts',(1.098356410463,-9.226559540757,-0.6137059850961));
#9527=CARTESIAN_POINT('Ctrl Pts',(1.143506056025,-8.809772751438,2.43625861502));
#9528=CARTESIAN_POINT('Ctrl Pts',(1.18081928801,-7.767337314347,4.678842100319));
#9529=CARTESIAN_POINT('Ctrl Pts',(1.216761317546,-6.344174116597,6.563147334798));
#9530=CARTESIAN_POINT('Ctrl Pts',(1.261304398061,-3.995418693777,8.292437473169));
#9531=CARTESIAN_POINT('Ctrl Pts',(1.313668599284,-0.7352046964668,9.184516398884));
#9532=CARTESIAN_POINT('Ctrl Pts',(1.368899604474,2.74910406248,8.805899968017));
#9533=CARTESIAN_POINT('Ctrl Pts',(1.42413846506,5.791905049403,7.170072801586));
#9534=CARTESIAN_POINT('Ctrl Pts',(1.480860422864,8.031642670934,4.508495962826));
#9535=CARTESIAN_POINT('Ctrl Pts',(1.537588441591,9.134425653492,1.258646268506));
#9536=CARTESIAN_POINT('Ctrl Pts',(1.586499462157,8.976441132678,-1.646892076171));
#9537=CARTESIAN_POINT('Ctrl Pts',(1.626922108903,8.197915537841,-3.859674862271));
#9538=CARTESIAN_POINT('Ctrl Pts',(1.663211362787,7.124206479144,-5.652846467615));
#9539=CARTESIAN_POINT('Ctrl Pts',(1.705943047721,5.386852116619,-7.377677940739));
#9540=CARTESIAN_POINT('Ctrl Pts',(1.754278823011,2.960321442457,-8.649737923778));
#9541=CARTESIAN_POINT('Ctrl Pts',(1.805263293554,0.1508447205691,-9.14964033398));
#9542=CARTESIAN_POINT('Ctrl Pts',(1.856250445331,-2.64405457312,-8.756379442701));
#9543=CARTESIAN_POINT('Ctrl Pts',(1.908611048029,-5.214747367145,-7.510638423155));
#9544=CARTESIAN_POINT('Ctrl Pts',(1.960976760433,-7.265136370261,-5.564619649355));
#9545=CARTESIAN_POINT('Ctrl Pts',(2.016208072572,-8.664285263184,-2.974034510768));
#9546=CARTESIAN_POINT('Ctrl Pts',(2.070068983608,-9.143310257023,-0.1747447092975));
#9547=CARTESIAN_POINT('Ctrl Pts',(2.123919838801,-8.75422592133,2.592698842938));
#9548=CARTESIAN_POINT('Ctrl Pts',(2.176286418338,-7.624845485114,5.035476929964));
#9549=CARTESIAN_POINT('Ctrl Pts',(2.231517021079,-5.744034514812,7.117347139806));
#9550=CARTESIAN_POINT('Ctrl Pts',(2.286755719017,-3.34068983551,8.510268251146));
#9551=CARTESIAN_POINT('Ctrl Pts',(2.343477786132,-0.5934966955573,9.120130530616));
#9552=CARTESIAN_POINT('Ctrl Pts',(2.400208339401,2.183621736135,8.882866472133));
#9553=CARTESIAN_POINT('Ctrl Pts',(2.460040436042,4.86275300345,7.758562460369));
#9554=CARTESIAN_POINT('Ctrl Pts',(2.517013393467,6.923556588957,5.954652698471));
#9555=CARTESIAN_POINT('Ctrl Pts',(2.57248093563,8.310868959381,3.72741228831));
#9556=CARTESIAN_POINT('Ctrl Pts',(2.624847186852,9.011056355791,1.372923822114));
#9557=CARTESIAN_POINT('Ctrl Pts',(2.680078718656,9.044354969566,-1.191780548372));
#9558=CARTESIAN_POINT('Ctrl Pts',(2.735316651087,8.361523994566,-3.641101486579));
#9559=CARTESIAN_POINT('Ctrl Pts',(2.792038896219,7.004917204079,-5.836345496492));
#9560=CARTESIAN_POINT('Ctrl Pts',(2.848769145322,5.111903477164,-7.558329988593));
#9561=CARTESIAN_POINT('Ctrl Pts',(2.908602485522,2.707264605821,-8.722309440507));
#9562=CARTESIAN_POINT('Ctrl Pts',(2.966951279382,0.1557696971425,-9.119227355547));
#9563=CARTESIAN_POINT('Ctrl Pts',(3.025290979373,-2.371588989111,-8.794430712794));
#9564=CARTESIAN_POINT('Ctrl Pts',(3.082021491753,-4.639379068987,-7.846251689713));
#9565=CARTESIAN_POINT('Ctrl Pts',(3.141854959191,-6.648255221088,-6.24715383119));
#9566=CARTESIAN_POINT('Ctrl Pts',(3.201695732673,-8.113891058345,-4.164716785497));
#9567=CARTESIAN_POINT('Ctrl Pts',(3.263145828729,-8.954512702689,-1.71969312629));
#9568=CARTESIAN_POINT('Ctrl Pts',(3.324603677503,-9.086374168965,0.8417527393919));
#9569=CARTESIAN_POINT('Ctrl Pts',(3.389421278621,-8.458667845476,3.445706939476));
#9570=CARTESIAN_POINT('Ctrl Pts',(3.448493025538,-7.226954483173,5.52919775111));
#9571=CARTESIAN_POINT('Ctrl Pts',(3.503061019679,-5.66413024286,7.081020386571));
#9572=CARTESIAN_POINT('Ctrl Pts',(3.551400021764,-4.03174291609,8.127120011548));
#9573=CARTESIAN_POINT('Ctrl Pts',(3.602382306282,-2.125548714545,8.824917962041));
#9574=CARTESIAN_POINT('Ctrl Pts',(3.653370723378,-0.1243332816611,9.075214858262));
#9575=CARTESIAN_POINT('Ctrl Pts',(3.705730843653,1.91891899749,8.869812217249));
#9576=CARTESIAN_POINT('Ctrl Pts',(3.758097035065,3.853774742308,8.221479320701));
#9577=CARTESIAN_POINT('Ctrl Pts',(3.813327965852,5.670648748922,7.098574166973));
#9578=CARTESIAN_POINT('Ctrl Pts',(3.867187173443,7.124154152511,5.626507699523));
#9579=CARTESIAN_POINT('Ctrl Pts',(3.921040683894,8.198107525007,3.881660508352));
#9580=CARTESIAN_POINT('Ctrl Pts',(3.973405577414,8.849451620195,2.011926873718));
#9581=CARTESIAN_POINT('Ctrl Pts',(4.028638195441,9.080464891643,-0.04832122544746));
#9582=CARTESIAN_POINT('Ctrl Pts',(4.083874505166,8.834677947765,-2.093422652769));
#9583=CARTESIAN_POINT('Ctrl Pts',(4.140598398823,8.117569303616,-4.064378645523));
#9584=CARTESIAN_POINT('Ctrl Pts',(4.197327774911,6.98098439287,-5.811394322712));
#9585=CARTESIAN_POINT('Ctrl Pts',(4.257162022792,5.398015332909,-7.312608944904));
#9586=CARTESIAN_POINT('Ctrl Pts',(4.314131815377,3.603103763801,-8.330043986791));
#9587=CARTESIAN_POINT('Ctrl Pts',(4.369601285827,1.6986738539,-8.902162428053));
#9588=CARTESIAN_POINT('Ctrl Pts',(4.421967072932,-0.1606737112037,-9.065575785059));
#9589=CARTESIAN_POINT('Ctrl Pts',(4.477199253788,-2.101278033139,-8.825088335089));
#9590=CARTESIAN_POINT('Ctrl Pts',(4.532435247051,-3.932721549839,-8.173872898297));
#9591=CARTESIAN_POINT('Ctrl Pts',(4.589159893065,-5.612565870849,-7.124689825599));
#9592=CARTESIAN_POINT('Ctrl Pts',(4.645888864394,-7.021126407814,-5.748887798664));
#9593=CARTESIAN_POINT('Ctrl Pts',(4.705723575003,-8.14229451741,-4.018124589121));
#9594=CARTESIAN_POINT('Ctrl Pts',(4.764070468707,-8.817579284675,-2.137374673918));
#9595=CARTESIAN_POINT('Ctrl Pts',(4.822411647244,-9.064413427368,-0.1723546529889));
#9596=CARTESIAN_POINT('Ctrl Pts',(4.879140534764,-8.902886019316,1.735512596157));
#9597=CARTESIAN_POINT('Ctrl Pts',(4.938975110456,-8.308622130886,3.651275203961));
#9598=CARTESIAN_POINT('Ctrl Pts',(4.998814772228,-7.309827711045,5.376914654549));
#9599=CARTESIAN_POINT('Ctrl Pts',(5.060266371652,-5.929898040864,6.867566549492));
#9600=CARTESIAN_POINT('Ctrl Pts',(5.121721534136,-4.266869521582,8.013092902081));
#9601=CARTESIAN_POINT('Ctrl Pts',(5.186546925215,-2.299054545908,8.788011665632));
#9602=CARTESIAN_POINT('Ctrl Pts',(5.264786903451,0.2130891571496,9.140805518556));
#9603=CARTESIAN_POINT('Ctrl Pts',(5.359342226546,3.235636800951,8.632050559665));
#9604=CARTESIAN_POINT('Ctrl Pts',(5.468425766571,6.22954357568,6.81173339073));
#9605=CARTESIAN_POINT('Ctrl Pts',(5.562485946544,7.998351336709,4.409191639836));
#9606=CARTESIAN_POINT('Ctrl Pts',(5.640225376965,8.808588547607,2.13878248755));
#9607=CARTESIAN_POINT('Ctrl Pts',(5.717971287151,9.133842735595,-0.236794032747));
#9608=CARTESIAN_POINT('Ctrl Pts',(5.816756188519,8.641363589637,-3.252324923572));
#9609=CARTESIAN_POINT('Ctrl Pts',(5.934928086388,6.736968310991,-6.332671074187));
#9610=CARTESIAN_POINT('Ctrl Pts',(6.036829761565,4.218465080405,-8.110305813357));
#9611=CARTESIAN_POINT('Ctrl Pts',(6.121043929474,1.851792499711,-8.877628171922));
#9612=CARTESIAN_POINT('Ctrl Pts',(6.202163088041,-0.5194284638931,-9.116097210566));
#9613=CARTESIAN_POINT('Ctrl Pts',(6.302695738545,-3.422074765328,-8.552105823859));
#9614=CARTESIAN_POINT('Ctrl Pts',(6.420869798618,-6.331459401332,-6.706946490118));
#9615=CARTESIAN_POINT('Ctrl Pts',(6.522768657153,-8.041199243942,-4.321806412533));
#9616=CARTESIAN_POINT('Ctrl Pts',(6.60698646609,-8.820473991103,-2.080610292079));
#9617=CARTESIAN_POINT('Ctrl Pts',(6.691212075253,-9.129038188692,0.259598813774));
#9618=CARTESIAN_POINT('Ctrl Pts',(6.798227508431,-8.643105239559,3.227622797184));
#9619=CARTESIAN_POINT('Ctrl Pts',(6.92624758462,-6.784839854579,6.270641391057));
#9620=CARTESIAN_POINT('Ctrl Pts',(7.036642165485,-4.324621489646,8.049528124267));
#9621=CARTESIAN_POINT('Ctrl Pts',(7.127871310821,-2.004645532594,8.842403735445));
#9622=CARTESIAN_POINT('Ctrl Pts',(7.207126847938,0.09857015984692,9.093699914336));
#9623=CARTESIAN_POINT('Ctrl Pts',(7.298047060756,2.498874912047,8.778335683455));
#9624=CARTESIAN_POINT('Ctrl Pts',(7.398749037527,4.928650544806,7.69121031912));
#9625=CARTESIAN_POINT('Ctrl Pts',(7.504962990787,7.02113780646,5.8579835483));
#9626=CARTESIAN_POINT('Ctrl Pts',(7.611190345145,8.447098525803,3.493788027614));
#9627=CARTESIAN_POINT('Ctrl Pts',(7.720271878901,9.106255664584,0.7689674796767));
#9628=CARTESIAN_POINT('Ctrl Pts',(7.829369613549,8.92410399147,-2.007683529444));
#9629=CARTESIAN_POINT('Ctrl Pts',(7.944431616327,7.852844758889,-4.709806496129));
#9630=CARTESIAN_POINT('Ctrl Pts',(8.056643717235,6.042253782882,-6.861386673663));
#9631=CARTESIAN_POINT('Ctrl Pts',(8.168831905156,3.698196037155,-8.345876005348));
#9632=CARTESIAN_POINT('Ctrl Pts',(8.277930950333,1.119020078197,-9.067756403509));
#9633=CARTESIAN_POINT('Ctrl Pts',(8.392993579668,-1.678538292716,-8.990307997781));
#9634=CARTESIAN_POINT('Ctrl Pts',(8.508073519463,-4.298581642914,-8.069199373578));
#9635=CARTESIAN_POINT('Ctrl Pts',(8.626245742813,-6.551360602203,-6.373649416473));
#9636=CARTESIAN_POINT('Ctrl Pts',(8.744434838863,-8.179664756764,-4.097917567805));
#9637=CARTESIAN_POINT('Ctrl Pts',(8.869084728064,-9.064116909204,-1.312311931195));
#9638=CARTESIAN_POINT('Ctrl Pts',(8.987779012816,-9.018860767937,1.447583159589));
#9639=CARTESIAN_POINT('Ctrl Pts',(9.103333984935,-8.201679451144,3.966863448857));
#9640=CARTESIAN_POINT('Ctrl Pts',(9.212432953262,-6.832007446954,6.037842362538));
#9641=CARTESIAN_POINT('Ctrl Pts',(9.327496580494,-4.858735959428,7.72463332048));
#9642=CARTESIAN_POINT('Ctrl Pts',(9.442575652727,-2.50456569874,8.772750076428));
#9643=CARTESIAN_POINT('Ctrl Pts',(9.560748375165,0.09053693423423,9.120764470144));
#9644=CARTESIAN_POINT('Ctrl Pts',(9.678936366802,2.660704917723,8.732364416664));
#9645=CARTESIAN_POINT('Ctrl Pts',(9.803588246414,5.116173813184,7.570742169413));
#9646=CARTESIAN_POINT('Ctrl Pts',(9.925149852836,7.051044672624,5.79199961711));
#9647=CARTESIAN_POINT('Ctrl Pts',(10.0466886568,8.385882770684,3.566226524801));
#9648=CARTESIAN_POINT('Ctrl Pts',(10.16487765691,9.047015055163,1.149513917865));
#9649=CARTESIAN_POINT('Ctrl Pts',(10.28953066353,9.008806575076,-1.469122019341));
#9650=CARTESIAN_POINT('Ctrl Pts',(10.41419903803,8.22715377542,-3.947832134868));
#9651=CARTESIAN_POINT('Ctrl Pts',(10.5422197068,6.750966373736,-6.136501617007));
#9652=CARTESIAN_POINT('Ctrl Pts',(10.67025712051,4.73331424338,-7.808048015061));
#9653=CARTESIAN_POINT('Ctrl Pts',(10.80529554224,2.209762866516,-8.868262134714));
#9654=CARTESIAN_POINT('Ctrl Pts',(10.9310092847,-0.3064608253505,-9.105397742452));
#9655=CARTESIAN_POINT('Ctrl Pts',(11.05021383383,-2.632158995589,-8.69321126561));
#9656=CARTESIAN_POINT('Ctrl Pts',(11.1593128758,-4.601703261903,-7.837281179185));
#9657=CARTESIAN_POINT('Ctrl Pts',(11.27437708352,-6.387659025539,-6.473606235483));
#9658=CARTESIAN_POINT('Ctrl Pts',(11.38945434084,-7.770526417196,-4.722195223859));
#9659=CARTESIAN_POINT('Ctrl Pts',(11.50762942926,-8.696782725599,-2.649618823897));
#9660=CARTESIAN_POINT('Ctrl Pts',(11.62581570967,-9.087120180286,-0.4291412187407));
#9661=CARTESIAN_POINT('Ctrl Pts',(11.75046957337,-8.898877593794,1.92123474451));
#9662=CARTESIAN_POINT('Ctrl Pts',(11.87202826593,-8.132667094389,4.070987301613));
#9663=CARTESIAN_POINT('Ctrl Pts',(11.99356977244,-6.87198209118,5.943273347742));
#9664=CARTESIAN_POINT('Ctrl Pts',(12.11175682572,-5.262368118435,7.413058245703));
#9665=CARTESIAN_POINT('Ctrl Pts',(12.23641121302,-3.255378467397,8.494816504324));
#9666=CARTESIAN_POINT('Ctrl Pts',(12.36107821136,-1.057146912213,9.033813557615));
#9667=CARTESIAN_POINT('Ctrl Pts',(12.48910057996,1.244169405596,9.008423960221));
#9668=CARTESIAN_POINT('Ctrl Pts',(12.61713637896,3.451792296836,8.419708990903));
#9669=CARTESIAN_POINT('Ctrl Pts',(12.75217715395,5.52712373846,7.237420210578));
#9670=CARTESIAN_POINT('Ctrl Pts',(12.8807572629,7.125400833289,5.644858947685));
#9671=CARTESIAN_POINT('Ctrl Pts',(13.00594688136,8.246817277628,3.786635120435));
#9672=CARTESIAN_POINT('Ctrl Pts',(13.12413457952,8.887871218698,1.855201447952));
#9673=CARTESIAN_POINT('Ctrl Pts',(13.24878931556,9.081029769832,-0.2651441868922));
#9674=CARTESIAN_POINT('Ctrl Pts',(13.37345516817,8.77246932301,-2.356268873904));
#9675=CARTESIAN_POINT('Ctrl Pts',(13.501478724,7.97161531225,-4.351782962486));
#9676=CARTESIAN_POINT('Ctrl Pts',(13.62951314694,6.739850056621,-6.09531346593));
#9677=CARTESIAN_POINT('Ctrl Pts',(13.76455577958,5.054532937223,-7.558963859149));
#9678=CARTESIAN_POINT('Ctrl Pts',(13.89624319562,3.125596826706,-8.530280326376));
#9679=CARTESIAN_POINT('Ctrl Pts',(14.02791446217,1.045568926923,-9.016213664235));
#9680=CARTESIAN_POINT('Ctrl Pts',(14.15594952697,-1.016383746549,-9.024427117502));
#9681=CARTESIAN_POINT('Ctrl Pts',(14.29099263681,-3.116552552242,-8.535864653418));
#9682=CARTESIAN_POINT('Ctrl Pts',(14.42604766366,-5.02528461644,-7.569063892773));
#9683=CARTESIAN_POINT('Ctrl Pts',(14.56473910078,-6.67952841885,-6.156503926303));
#9684=CARTESIAN_POINT('Ctrl Pts',(14.7034449042,-7.947731685717,-4.409784564623));
#9685=CARTESIAN_POINT('Ctrl Pts',(14.84973481029,-8.794472925973,-2.319085738092));
#9686=CARTESIAN_POINT('Ctrl Pts',(14.94861227243,-8.995969455364,-0.8207453197257));
#9687=CARTESIAN_POINT('Ctrl Pts',(14.99999999259,-8.999885198429,-0.04545783859684));
#9688=CARTESIAN_POINT('Ctrl Pts',(-0.04989020536621,-1.577523670468,9.871749107416));
#9689=CARTESIAN_POINT('Ctrl Pts',(-0.03952797792957,-0.06048033368309,10.11758893778));
#9690=CARTESIAN_POINT('Ctrl Pts',(-0.02185249134142,2.555952257245,9.914752411871));
#9691=CARTESIAN_POINT('Ctrl Pts',(0.003153786913049,5.758432984898,8.364382483454));
#9692=CARTESIAN_POINT('Ctrl Pts',(0.02574489116804,8.039371499542,6.213241523467));
#9693=CARTESIAN_POINT('Ctrl Pts',(0.04833409665864,9.51901728594,3.530184959769));
#9694=CARTESIAN_POINT('Ctrl Pts',(0.07153656003274,10.1325189443,0.5238727815773));
#9695=CARTESIAN_POINT('Ctrl Pts',(0.09473623608293,9.846669458499,-2.466981654869));
#9696=CARTESIAN_POINT('Ctrl Pts',(0.1192106201447,8.649211936487,-5.325293654349));
#9697=CARTESIAN_POINT('Ctrl Pts',(0.1430708397144,6.733256195886,-7.580530675799));
#9698=CARTESIAN_POINT('Ctrl Pts',(0.1669353532218,4.312593868336,-9.15823569963));
#9699=CARTESIAN_POINT('Ctrl Pts',(0.1901349689701,1.680455559944,-9.987491889331));
#9700=CARTESIAN_POINT('Ctrl Pts',(0.214609499441,-1.174450971892,-10.06565861436));
#9701=CARTESIAN_POINT('Ctrl Pts',(0.2390804945488,-3.887616608498,-9.352851618362));
#9702=CARTESIAN_POINT('Ctrl Pts',(0.2642164430657,-6.316488663492,-7.912216419229));
#9703=CARTESIAN_POINT('Ctrl Pts',(0.2893500664701,-8.232770798068,-5.901820310752));
#9704=CARTESIAN_POINT('Ctrl Pts',(0.3158633615747,-9.565847397772,-3.351923905212));
#9705=CARTESIAN_POINT('Ctrl Pts',(0.3411017998754,-10.08817381837,-0.7095190106777));
#9706=CARTESIAN_POINT('Ctrl Pts',(0.3656832089871,-9.91985513795,1.855449611416));
#9707=CARTESIAN_POINT('Ctrl Pts',(0.3888827347945,-9.208351222716,4.14081530976));
#9708=CARTESIAN_POINT('Ctrl Pts',(0.4133565003118,-7.92080620491,6.26988922554));
#9709=CARTESIAN_POINT('Ctrl Pts',(0.4378287712805,-6.17305932979,7.992482929048));
#9710=CARTESIAN_POINT('Ctrl Pts',(0.4629639069466,-4.03663070563,9.254095411513));
#9711=CARTESIAN_POINT('Ctrl Pts',(0.4880973343442,-1.691260526393,9.958543174264));
#9712=CARTESIAN_POINT('Ctrl Pts',(0.5146113243242,0.8528779420607,10.07087809132));
#9713=CARTESIAN_POINT('Ctrl Pts',(0.5404602468909,3.248702081202,9.55917378975));
#9714=CARTESIAN_POINT('Ctrl Pts',(0.5663131177176,5.418428616731,8.506823892417));
#9715=CARTESIAN_POINT('Ctrl Pts',(0.5914462909541,7.219733113251,7.049501036552));
#9716=CARTESIAN_POINT('Ctrl Pts',(0.6179595701794,8.691223595003,5.137390551214));
#9717=CARTESIAN_POINT('Ctrl Pts',(0.644471303323,9.650977322047,2.955480150802));
#9718=CARTESIAN_POINT('Ctrl Pts',(0.6717009651305,10.07455446496,0.5787451646774));
#9719=CARTESIAN_POINT('Ctrl Pts',(0.6989293359529,9.933760768652,-1.80358606748));
#9720=CARTESIAN_POINT('Ctrl Pts',(0.727650417725,9.197745107097,-4.177311048224));
#9721=CARTESIAN_POINT('Ctrl Pts',(0.7623245824666,7.649897859993,-6.706741364248));
#9722=CARTESIAN_POINT('Ctrl Pts',(0.8042107697368,4.928258962099,-9.000164093948));
#9723=CARTESIAN_POINT('Ctrl Pts',(0.8525493589451,1.079044998876,-10.21425651744));
#9724=CARTESIAN_POINT('Ctrl Pts',(0.8942136865847,-2.312081130463,-9.886457187694));
#9725=CARTESIAN_POINT('Ctrl Pts',(0.9286688167219,-4.838678946844,-8.834688195217));
#9726=CARTESIAN_POINT('Ctrl Pts',(0.9631200541047,-7.068154348572,-7.291963302848));
#9727=CARTESIAN_POINT('Ctrl Pts',(1.006881059877,-9.181792763865,-4.58291062619));
#9728=CARTESIAN_POINT('Ctrl Pts',(1.059247264945,-10.2500654297,-0.6810179403473));
#9729=CARTESIAN_POINT('Ctrl Pts',(1.104383001399,-9.787174131102,2.706309859364));
#9730=CARTESIAN_POINT('Ctrl Pts',(1.141710423492,-8.628611876183,5.19858707817));
#9731=CARTESIAN_POINT('Ctrl Pts',(1.177653108119,-7.047302039591,7.291781993478));
#9732=CARTESIAN_POINT('Ctrl Pts',(1.222191960616,-4.43813930778,9.212544928189));
#9733=CARTESIAN_POINT('Ctrl Pts',(1.274554372842,-0.8163338755835,10.20343504255));
#9734=CARTESIAN_POINT('Ctrl Pts',(1.329791563563,3.054871073309,9.782491023012));
#9735=CARTESIAN_POINT('Ctrl Pts',(1.38502092099,6.434577637813,7.965335526751));
#9736=CARTESIAN_POINT('Ctrl Pts',(1.441752779183,8.923103552522,5.00789863934));
#9737=CARTESIAN_POINT('Ctrl Pts',(1.498478599292,10.1476814342,1.397546668194));
#9738=CARTESIAN_POINT('Ctrl Pts',(1.547376742097,9.97230073799,-1.829481693292));
#9739=CARTESIAN_POINT('Ctrl Pts',(1.587814808697,9.106985805029,-4.288643218904));
#9740=CARTESIAN_POINT('Ctrl Pts',(1.624100740843,7.914069643326,-6.280433950547));
#9741=CARTESIAN_POINT('Ctrl Pts',(1.666832958579,5.983869745312,-8.196511354679));
#9742=CARTESIAN_POINT('Ctrl Pts',(1.715167907809,3.288100932125,-9.609493779864));
#9743=CARTESIAN_POINT('Ctrl Pts',(1.766154089676,0.1668284129263,-10.16463531354));
#9744=CARTESIAN_POINT('Ctrl Pts',(1.817137597512,-2.937882060018,-9.727599014556));
#9745=CARTESIAN_POINT('Ctrl Pts',(1.869503606185,-5.793936273194,-8.343333091785));
#9746=CARTESIAN_POINT('Ctrl Pts',(1.921864520204,-8.071429767467,-6.181454433795));
#9747=CARTESIAN_POINT('Ctrl Pts',(1.977101411954,-9.625707129072,-3.303107181207));
#9748=CARTESIAN_POINT('Ctrl Pts',(2.030952762703,-10.15762321434,-0.1937759015254));
#9749=CARTESIAN_POINT('Ctrl Pts',(2.084814140505,-9.725100936414,2.881216346888));
#9750=CARTESIAN_POINT('Ctrl Pts',(2.137174193297,-8.470366891871,5.594569472031));
#9751=CARTESIAN_POINT('Ctrl Pts',(2.192411794359,-6.380481624638,7.907485527908));
#9752=CARTESIAN_POINT('Ctrl Pts',(2.247641324215,-3.710843175896,9.454505880023));
#9753=CARTESIAN_POINT('Ctrl Pts',(2.304373085999,-0.6583564439772,10.13192889965));
#9754=CARTESIAN_POINT('Ctrl Pts',(2.361096386635,2.426456912935,9.86812897226));
#9755=CARTESIAN_POINT('Ctrl Pts',(2.420938178465,5.403117738744,8.618638143827));
#9756=CARTESIAN_POINT('Ctrl Pts',(2.47789755115,7.691873351676,6.614913494859));
#9757=CARTESIAN_POINT('Ctrl Pts',(2.533376675616,9.233243449163,4.140005380241));
#9758=CARTESIAN_POINT('Ctrl Pts',(2.585737061391,10.01077705562,1.524525142098));
#9759=CARTESIAN_POINT('Ctrl Pts',(2.640973741695,10.04753481279,-1.324932214485));
#9760=CARTESIAN_POINT('Ctrl Pts',(2.696204040781,9.288863730095,-4.045553814627));
#9761=CARTESIAN_POINT('Ctrl Pts',(2.75293563099,7.781335973755,-6.484592014003));
#9762=CARTESIAN_POINT('Ctrl Pts',(2.809659241005,5.678380454031,-8.397199872687));
#9763=CARTESIAN_POINT('Ctrl Pts',(2.869499799014,3.006573245288,-9.690204581843));
#9764=CARTESIAN_POINT('Ctrl Pts',(2.927839299368,0.1724279236387,-10.13086258252));
#9765=CARTESIAN_POINT('Ctrl Pts',(2.986187868149,-2.635677183794,-9.769756256573));
#9766=CARTESIAN_POINT('Ctrl Pts',(3.042911219458,-5.154643761757,-8.716293986719));
#9767=CARTESIAN_POINT('Ctrl Pts',(3.102751653649,-7.386466012552,-6.939423249696));
#9768=CARTESIAN_POINT('Ctrl Pts',(3.162584803219,-9.014297506305,-4.626115533073));
#9769=CARTESIAN_POINT('Ctrl Pts',(3.224043038944,-9.948058943278,-1.909440862464));
#9770=CARTESIAN_POINT('Ctrl Pts',(3.285493544732,-10.09429778132,0.9358540496296));
#9771=CARTESIAN_POINT('Ctrl Pts',(3.350322669764,-9.396526261154,3.829075887976));
#9772=CARTESIAN_POINT('Ctrl Pts',(3.40937769944,-8.028375497741,6.142960848884));
#9773=CARTESIAN_POINT('Ctrl Pts',(3.463960415038,-6.29159482732,7.867259943265));
#9774=CARTESIAN_POINT('Ctrl Pts',(3.512292168729,-4.478256294407,9.029038050365));
#9775=CARTESIAN_POINT('Ctrl Pts',(3.563280551391,-2.360293065489,9.804147593492));
#9776=CARTESIAN_POINT('Ctrl Pts',(3.614262820023,-0.1373081209203,10.08196280469));
#9777=CARTESIAN_POINT('Ctrl Pts',(3.666629332461,2.132854302638,9.853537449724));
#9778=CARTESIAN_POINT('Ctrl Pts',(3.718989791779,4.282051677035,9.13314941557));
#9779=CARTESIAN_POINT('Ctrl Pts',(3.774227087977,6.300582160097,7.885345733992));
#9780=CARTESIAN_POINT('Ctrl Pts',(3.828080160941,7.9149852691,6.249996498695));
#9781=CARTESIAN_POINT('Ctrl Pts',(3.881938915789,9.108012553238,4.311296732626));
#9782=CARTESIAN_POINT('Ctrl Pts',(3.934300672554,9.831352407349,2.234191252125));
#9783=CARTESIAN_POINT('Ctrl Pts',(3.989536289271,10.08777680281,-0.05474779232588));
#9784=CARTESIAN_POINT('Ctrl Pts',(4.044768225407,9.814533220325,-2.326520188652));
#9785=CARTESIAN_POINT('Ctrl Pts',(4.101498191813,9.017566981499,-4.516266252626));
#9786=CARTESIAN_POINT('Ctrl Pts',(4.158222692145,7.754801389639,-6.456792376703));
#9787=CARTESIAN_POINT('Ctrl Pts',(4.218062366351,5.995900126765,-8.124497511406));
#9788=CARTESIAN_POINT('Ctrl Pts',(4.275024921178,4.002010211464,-9.254466541776));
#9789=CARTESIAN_POINT('Ctrl Pts',(4.330502149616,1.885963187859,-9.889931189191));
#9790=CARTESIAN_POINT('Ctrl Pts',(4.382863022067,-0.1794786160288,-10.07122121598));
#9791=CARTESIAN_POINT('Ctrl Pts',(4.438099081626,-2.3354774897,-9.80382079667));
#9792=CARTESIAN_POINT('Ctrl Pts',(4.493331340386,-4.369880332717,-9.080196953685));
#9793=CARTESIAN_POINT('Ctrl Pts',(4.550060563806,-6.236094719815,-7.914333335367));
#9794=CARTESIAN_POINT('Ctrl Pts',(4.606785475138,-7.800638039898,-6.385847270155));
#9795=CARTESIAN_POINT('Ctrl Pts',(4.666624695559,-9.046060319788,-4.462810481659));
#9796=CARTESIAN_POINT('Ctrl Pts',(4.724966118959,-9.795967444104,-2.373534975023));
#9797=CARTESIAN_POINT('Ctrl Pts',(4.783313242533,-10.06998142142,-0.1902834519962));
#9798=CARTESIAN_POINT('Ctrl Pts',(4.840038241672,-9.890307487597,1.929068785659));
#9799=CARTESIAN_POINT('Ctrl Pts',(4.899877600459,-9.229828043986,4.05744182105));
#9800=CARTESIAN_POINT('Ctrl Pts',(4.959711888728,-8.120116407218,5.974217087707));
#9801=CARTESIAN_POINT('Ctrl Pts',(5.021168655613,-6.586805160621,7.630209410767));
#9802=CARTESIAN_POINT('Ctrl Pts',(5.082621873057,-4.739186706686,8.902525337129));
#9803=CARTESIAN_POINT('Ctrl Pts',(5.147443259274,-2.553129698875,9.76317077295));
#9804=CARTESIAN_POINT('Ctrl Pts',(5.225701553984,0.2383866527557,10.15480053981));
#9805=CARTESIAN_POINT('Ctrl Pts',(5.32023766994,3.595516197273,9.589247454994));
#9806=CARTESIAN_POINT('Ctrl Pts',(5.429334672771,6.921633032866,7.566375316509));
#9807=CARTESIAN_POINT('Ctrl Pts',(5.523369137789,8.885918066383,4.897836514128));
#9808=CARTESIAN_POINT('Ctrl Pts',(5.601131167331,9.786114218877,2.37476275043));
#9809=CARTESIAN_POINT('Ctrl Pts',(5.678886754729,10.14701629529,-0.2647298913848));
#9810=CARTESIAN_POINT('Ctrl Pts',(5.777650992974,9.599624060007,-3.614054201547));
#9811=CARTESIAN_POINT('Ctrl Pts',(5.895841364304,7.483195810569,-7.036265093152));
#9812=CARTESIAN_POINT('Ctrl Pts',(5.997708910869,4.686041986403,-9.010253013029));
#9813=CARTESIAN_POINT('Ctrl Pts',(6.081954661753,2.055775249699,-9.862803402987));
#9814=CARTESIAN_POINT('Ctrl Pts',(6.163075424389,-0.5785930798442,-10.12724238512));
#9815=CARTESIAN_POINT('Ctrl Pts',(6.263595884338,-3.802791833174,-9.500400089843));
#9816=CARTESIAN_POINT('Ctrl Pts',(6.381784119887,-7.034945390877,-7.449827925192));
#9817=CARTESIAN_POINT('Ctrl Pts',(6.483654493405,-8.933582159664,-4.800629777848));
#9818=CARTESIAN_POINT('Ctrl Pts',(6.56789662804,-9.79933524611,-2.310012140164));
#9819=CARTESIAN_POINT('Ctrl Pts',(6.652131006256,-10.1416718325,0.290131300467));
#9820=CARTESIAN_POINT('Ctrl Pts',(6.759127173063,-9.601509612717,3.586781748694));
#9821=CARTESIAN_POINT('Ctrl Pts',(6.887166270441,-7.536284178413,6.967449228971));
#9822=CARTESIAN_POINT('Ctrl Pts',(6.997521719542,-4.803908290669,8.942803994664));
#9823=CARTESIAN_POINT('Ctrl Pts',(7.088790848901,-2.225354400137,9.823733258572));
#9824=CARTESIAN_POINT('Ctrl Pts',(7.16803368366,0.1108660784012,10.10244054469));
#9825=CARTESIAN_POINT('Ctrl Pts',(7.258959373219,2.777535229593,9.751734312638));
#9826=CARTESIAN_POINT('Ctrl Pts',(7.359654913945,5.476534272207,8.543702670322));
#9827=CARTESIAN_POINT('Ctrl Pts',(7.465879992332,7.801056728822,6.506555000475));
#9828=CARTESIAN_POINT('Ctrl Pts',(7.572091706704,9.384629991939,3.880244993292));
#9829=CARTESIAN_POINT('Ctrl Pts',(7.681190799097,10.1165871006,0.8525851148548));
#9830=CARTESIAN_POINT('Ctrl Pts',(7.790273739061,9.913800106913,-2.231672140151));
#9831=CARTESIAN_POINT('Ctrl Pts',(7.905354033368,8.723056438208,-5.233803111939));
#9832=CARTESIAN_POINT('Ctrl Pts',(8.017542690476,6.711673415196,-7.623312235482));
#9833=CARTESIAN_POINT('Ctrl Pts',(8.129755201644,4.106807983147,-9.272452681155));
#9834=CARTESIAN_POINT('Ctrl Pts',(8.238836858032,1.241812852482,-10.07382619903));
#9835=CARTESIAN_POINT('Ctrl Pts',(8.353916548377,-1.866500922358,-9.987303996568));
#9836=CARTESIAN_POINT('Ctrl Pts',(8.468978979175,-4.776622128615,-8.963707555507));
#9837=CARTESIAN_POINT('Ctrl Pts',(8.587169149564,-7.279374624598,-7.07941464678));
#9838=CARTESIAN_POINT('Ctrl Pts',(8.705342498426,-9.087700017427,-4.551255940375));
#9839=CARTESIAN_POINT('Ctrl Pts',(8.830013483026,-10.06988210324,-1.455982015365));
#9840=CARTESIAN_POINT('Ctrl Pts',(8.948678477883,-10.01917053591,1.609350668608));
#9841=CARTESIAN_POINT('Ctrl Pts',(9.064262649401,-9.110702480624,4.40865283127));
#9842=CARTESIAN_POINT('Ctrl Pts',(9.173344431983,-7.588897883481,6.708754209523));
#9843=CARTESIAN_POINT('Ctrl Pts',(9.288423178137,-5.396157523035,8.582542337353));
#9844=CARTESIAN_POINT('Ctrl Pts',(9.403486526962,-2.780973964028,9.746346017004));
#9845=CARTESIAN_POINT('Ctrl Pts',(9.521676254498,0.1024675137154,10.13254422305));
#9846=CARTESIAN_POINT('Ctrl Pts',(9.639850760518,2.957376204605,9.700615054304));
#9847=CARTESIAN_POINT('Ctrl Pts',(9.764519818784,5.685354794817,8.409473911191));
#9848=CARTESIAN_POINT('Ctrl Pts',(9.886059139618,7.834165654043,6.433400771718));
#9849=CARTESIAN_POINT('Ctrl Pts',(10.00762121206,9.316944608802,3.960014045941));
#9850=CARTESIAN_POINT('Ctrl Pts',(10.12579474571,10.05082702258,1.275402291527));
#9851=CARTESIAN_POINT('Ctrl Pts',(10.25046271194,10.00786299241,-1.63404382846));
#9852=CARTESIAN_POINT('Ctrl Pts',(10.37511535721,9.139114722051,-4.387245423425));
#9853=CARTESIAN_POINT('Ctrl Pts',(10.50315408103,7.498513461157,-6.81873896243));
#9854=CARTESIAN_POINT('Ctrl Pts',(10.63117611127,5.256950104766,-8.675104545887));
#9855=CARTESIAN_POINT('Ctrl Pts',(10.76623544976,2.452817367536,-9.852543182046));
#9856=CARTESIAN_POINT('Ctrl Pts',(10.89191945998,-0.3419509085062,-10.11545006765));
#9857=CARTESIAN_POINT('Ctrl Pts',(11.01115412181,-2.926202710003,-9.656971087085));
#9858=CARTESIAN_POINT('Ctrl Pts',(11.12023595217,-5.113706871626,-8.705785280415));
#9859=CARTESIAN_POINT('Ctrl Pts',(11.23531424934,-7.097736752167,-7.19029465472));
#9860=CARTESIAN_POINT('Ctrl Pts',(11.35037954005,-8.63347682383,-5.244485836342));
#9861=CARTESIAN_POINT('Ctrl Pts',(11.46856704629,-9.662149396952,-2.941565586083));
#9862=CARTESIAN_POINT('Ctrl Pts',(11.58674339824,-10.09527211707,-0.4748747006811));
#9863=CARTESIAN_POINT('Ctrl Pts',(11.71141062765,-9.885597977988,2.136458048028));
#9864=CARTESIAN_POINT('Ctrl Pts',(11.83295300283,-9.034039503291,4.524216305532));
#9865=CARTESIAN_POINT('Ctrl Pts',(11.95451253247,-7.632895167266,6.604226797676));
#9866=CARTESIAN_POINT('Ctrl Pts',(12.07268815577,-5.844547240537,8.236535859389));
#9867=CARTESIAN_POINT('Ctrl Pts',(12.19735490562,-3.614461716226,9.43795475265));
#9868=CARTESIAN_POINT('Ctrl Pts',(12.32200908548,-1.172491914474,10.03618780409));
#9869=CARTESIAN_POINT('Ctrl Pts',(12.45004628482,1.384394041372,10.00745216229));
#9870=CARTESIAN_POINT('Ctrl Pts',(12.57807009818,3.83656218665,9.352977010559));
#9871=CARTESIAN_POINT('Ctrl Pts',(12.71312727486,6.142095264971,8.038880495838));
#9872=CARTESIAN_POINT('Ctrl Pts',(12.84168668778,7.917034966066,6.269562290986));
#9873=CARTESIAN_POINT('Ctrl Pts',(12.96689814239,9.162639086875,4.20459079064));
#9874=CARTESIAN_POINT('Ctrl Pts',(13.08507321794,9.87424960167,2.058958053799));
#9875=CARTESIAN_POINT('Ctrl Pts',(13.20973972123,10.08835013937,-0.2968614453705));
#9876=CARTESIAN_POINT('Ctrl Pts',(13.3343951478,9.745076654043,-2.619699249522));
#9877=CARTESIAN_POINT('Ctrl Pts',(13.46243127147,8.854810214805,-4.836595428561));
#9878=CARTESIAN_POINT('Ctrl Pts',(13.59045656794,7.486060397238,-6.773102880306));
#9879=CARTESIAN_POINT('Ctrl Pts',(13.72551200958,5.613243371645,-8.398836476199));
#9880=CARTESIAN_POINT('Ctrl Pts',(13.8571842989,3.470322794953,-9.477307049304));
#9881=CARTESIAN_POINT('Ctrl Pts',(13.98887271785,1.159136806567,-10.01669549706));
#9882=CARTESIAN_POINT('Ctrl Pts',(14.11689743957,-1.131378855031,-10.02527838573));
#9883=CARTESIAN_POINT('Ctrl Pts',(14.25195247269,-3.464594045992,-9.481927426899));
#9884=CARTESIAN_POINT('Ctrl Pts',(14.38699563302,-5.584640829999,-8.407474423067));
#9885=CARTESIAN_POINT('Ctrl Pts',(14.52570232364,-7.422209364586,-6.837610618213));
#9886=CARTESIAN_POINT('Ctrl Pts',(14.66439470059,-8.830533532891,-4.896974265441));
#9887=CARTESIAN_POINT('Ctrl Pts',(14.84206936046,-9.972217649015,-2.07577427193));
#9888=CARTESIAN_POINT('Ctrl Pts',(14.97223303865,-10.09443543525,0.1550642917343));
#9889=CARTESIAN_POINT('Ctrl Pts',(15.05509645476,-9.880648082073,1.518789891591));
#9890=CARTESIAN_POINT('Ctrl Pts',(-0.03687729651994,-1.577784743106,9.872816907078));
#9891=CARTESIAN_POINT('Ctrl Pts',(-0.02651503734989,-0.06058086426202,10.11864805285));
#9892=CARTESIAN_POINT('Ctrl Pts',(-0.008839582897953,2.556129118013,9.915837917144));
#9893=CARTESIAN_POINT('Ctrl Pts',(0.01616667804158,5.758963467338,8.365328538142));
#9894=CARTESIAN_POINT('Ctrl Pts',(0.03875776464426,8.040164626235,6.213984483761));
#9895=CARTESIAN_POINT('Ctrl Pts',(0.06134694862457,9.519994094592,3.530659380301));
#9896=CARTESIAN_POINT('Ctrl Pts',(0.0845493961067,10.13359212417,0.5240356647333));
#9897=CARTESIAN_POINT('Ctrl Pts',(0.1077490497959,9.847744488236,-2.467137612706));
#9898=CARTESIAN_POINT('Ctrl Pts',(0.1322234164616,8.650191495967,-5.325764968211));
#9899=CARTESIAN_POINT('Ctrl Pts',(0.1560836117453,6.73405889046,-7.5812614641));
#9900=CARTESIAN_POINT('Ctrl Pts',(0.1799481092123,4.313158447363,-9.159161083289));
#9901=CARTESIAN_POINT('Ctrl Pts',(0.2031477030734,1.680751863706,-9.988535436839));
#9902=CARTESIAN_POINT('Ctrl Pts',(0.2276222157858,-1.174455694377,-10.06674426648));
#9903=CARTESIAN_POINT('Ctrl Pts',(0.2520931864124,-3.887916272745,-9.353894835117));
#9904=CARTESIAN_POINT('Ctrl Pts',(0.2772291169802,-6.317062989853,-7.913137153453));
#9905=CARTESIAN_POINT('Ctrl Pts',(0.3023627173811,-8.233572668691,-5.902552727847));
#9906=CARTESIAN_POINT('Ctrl Pts',(0.3288759918669,-9.566822708615,-3.352403722395));
#9907=CARTESIAN_POINT('Ctrl Pts',(0.3541144049695,-10.08923853247,-0.7097267723276));
#9908=CARTESIAN_POINT('Ctrl Pts',(0.3786957979934,-9.920935944165,1.855515554169));
#9909=CARTESIAN_POINT('Ctrl Pts',(0.4018953011644,-9.209387429938,4.141131973329));
#9910=CARTESIAN_POINT('Ctrl Pts',(0.4263690474172,-7.921735248037,6.270448478131));
#9911=CARTESIAN_POINT('Ctrl Pts',(0.4508412959181,-6.173827523649,7.993248173039));
#9912=CARTESIAN_POINT('Ctrl Pts',(0.4759764117208,-4.037190674373,9.255023860139));
#9913=CARTESIAN_POINT('Ctrl Pts',(0.501109815544,-1.691582847037,9.959579292934));
#9914=CARTESIAN_POINT('Ctrl Pts',(0.5276237858688,0.8528230706112,10.07196263119));
#9915=CARTESIAN_POINT('Ctrl Pts',(0.5534726820614,3.248907465765,9.560239290117));
#9916=CARTESIAN_POINT('Ctrl Pts',(0.5793255346933,5.418879103642,8.507810138816));
#9917=CARTESIAN_POINT('Ctrl Pts',(0.6044586835325,7.220395542378,7.0503603981));
#9918=CARTESIAN_POINT('Ctrl Pts',(0.6309719415678,8.692070574273,5.138070099524));
#9919=CARTESIAN_POINT('Ctrl Pts',(0.6574836504757,9.651959130926,2.955944011378));
#9920=CARTESIAN_POINT('Ctrl Pts',(0.6847132901747,10.07561804852,0.5789643976025));
#9921=CARTESIAN_POINT('Ctrl Pts',(0.711941635961,9.934846963988,-1.803620617227));
#9922=CARTESIAN_POINT('Ctrl Pts',(0.740662691435,9.198791501926,-4.177608046492));
#9923=CARTESIAN_POINT('Ctrl Pts',(0.7753368332637,7.650821241961,-6.707330995935));
#9924=CARTESIAN_POINT('Ctrl Pts',(0.8172229737096,4.928933076043,-9.001040165406));
#9925=CARTESIAN_POINT('Ctrl Pts',(0.8655615268238,1.079332557176,-10.21532538689));
#9926=CARTESIAN_POINT('Ctrl Pts',(0.9072258057139,-2.312156529038,-9.887549661376));
#9927=CARTESIAN_POINT('Ctrl Pts',(0.94168091732,-4.839040299028,-8.83571313096));
#9928=CARTESIAN_POINT('Ctrl Pts',(0.9761321269456,-7.068778307595,-7.292864108725));
#9929=CARTESIAN_POINT('Ctrl Pts',(1.01989308602,-9.182687743686,-4.583563312895));
#9930=CARTESIAN_POINT('Ctrl Pts',(1.072259249922,-10.2511439168,-0.6812776255694));
#9931=CARTESIAN_POINT('Ctrl Pts',(1.117394931791,-9.788266549531,2.70641555131));
#9932=CARTESIAN_POINT('Ctrl Pts',(1.154722335296,-8.62962820208,5.198978605036));
#9933=CARTESIAN_POINT('Ctrl Pts',(1.190664987554,-7.048190768698,7.292424374288));
#9934=CARTESIAN_POINT('Ctrl Pts',(1.235203795022,-4.438789539421,9.213439864958));
#9935=CARTESIAN_POINT('Ctrl Pts',(1.28756615826,-0.8166210495522,10.20450512496));
#9936=CARTESIAN_POINT('Ctrl Pts',(1.34280330432,3.055001296095,9.78359312878));
#9937=CARTESIAN_POINT('Ctrl Pts',(1.398032601393,6.435100754516,7.966314081966));
#9938=CARTESIAN_POINT('Ctrl Pts',(1.454764417876,8.923950333704,5.008615371144));
#9939=CARTESIAN_POINT('Ctrl Pts',(1.511490182244,10.14873217014,1.397907824111));
#9940=CARTESIAN_POINT('Ctrl Pts',(1.560388267238,9.973401382468,-1.829464215899));
#9941=CARTESIAN_POINT('Ctrl Pts',(1.60082631214,9.108047324898,-4.288904774384));
#9942=CARTESIAN_POINT('Ctrl Pts',(1.637112206561,7.915048134507,-6.280931265381));
#9943=CARTESIAN_POINT('Ctrl Pts',(1.679844384721,5.984686148976,-8.197252973182));
#9944=CARTESIAN_POINT('Ctrl Pts',(1.728179287698,3.288663889819,-9.61044391085));
#9945=CARTESIAN_POINT('Ctrl Pts',(1.779165422875,0.1670741774731,-10.1657136206));
#9946=CARTESIAN_POINT('Ctrl Pts',(1.830148878778,-2.937973711353,-9.728701340705));
#9947=CARTESIAN_POINT('Ctrl Pts',(1.882514842973,-5.794361297008,-8.34435445412));
#9948=CARTESIAN_POINT('Ctrl Pts',(1.934875702083,-8.072145021653,-6.182300458339));
#9949=CARTESIAN_POINT('Ctrl Pts',(1.990112546192,-9.626653954891,-3.303685571916));
#9950=CARTESIAN_POINT('Ctrl Pts',(2.043963835395,-10.15869992138,-0.1940392250041));
#9951=CARTESIAN_POINT('Ctrl Pts',(2.097825171902,-9.726205745422,2.881288491739));
#9952=CARTESIAN_POINT('Ctrl Pts',(2.1501851669,-8.471405268066,5.594958135144));
#9953=CARTESIAN_POINT('Ctrl Pts',(2.205422721102,-6.381355996513,7.908169822559));
#9954=CARTESIAN_POINT('Ctrl Pts',(2.260652187523,-3.711474650792,9.455419547046));
#9955=CARTESIAN_POINT('Ctrl Pts',(2.31738390319,-0.6586823775643,10.13299087171));
#9956=CARTESIAN_POINT('Ctrl Pts',(2.37410714038,2.426462867254,9.869241517184));
#9957=CARTESIAN_POINT('Ctrl Pts',(2.433948882228,5.403470261783,8.619695150514));
#9958=CARTESIAN_POINT('Ctrl Pts',(2.490908184449,7.692519030553,6.61581905619));
#9959=CARTESIAN_POINT('Ctrl Pts',(2.546387265289,9.234117145738,4.140689876429));
#9960=CARTESIAN_POINT('Ctrl Pts',(2.598747592066,10.01180209976,1.52495457616));
#9961=CARTESIAN_POINT('Ctrl Pts',(2.65398422176,10.04864011499,-1.324802643402));
#9962=CARTESIAN_POINT('Ctrl Pts',(2.709214456986,9.289962793774,-4.045731490282));
#9963=CARTESIAN_POINT('Ctrl Pts',(2.765945998744,7.782342502989,-6.485068586662));
#9964=CARTESIAN_POINT('Ctrl Pts',(2.822669543903,5.679218174793,-8.397936090441));
#9965=CARTESIAN_POINT('Ctrl Pts',(2.88251004737,3.007164941489,-9.691151849488));
#9966=CARTESIAN_POINT('Ctrl Pts',(2.940849478077,0.1727334947311,-10.13193619617));
#9967=CARTESIAN_POINT('Ctrl Pts',(2.999197995328,-2.635678466641,-9.770871686727));
#9968=CARTESIAN_POINT('Ctrl Pts',(3.05592127998,-5.154940711529,-8.717370803925));
#9969=CARTESIAN_POINT('Ctrl Pts',(3.115761658356,-7.387050114904,-6.94037724177));
#9970=CARTESIAN_POINT('Ctrl Pts',(3.175594737229,-9.015120879682,-4.626873507675));
#9971=CARTESIAN_POINT('Ctrl Pts',(3.237052916027,-9.949061250351,-1.909939657307));
#9972=CARTESIAN_POINT('Ctrl Pts',(3.29850334908,-10.09540047085,0.9356506450148));
#9973=CARTESIAN_POINT('Ctrl Pts',(3.363332415961,-9.397642447798,3.829198998545));
#9974=CARTESIAN_POINT('Ctrl Pts',(3.422387365516,-8.029418272909,6.143369057286));
#9975=CARTESIAN_POINT('Ctrl Pts',(3.476970037393,-6.292507015552,7.867903756643));
#9976=CARTESIAN_POINT('Ctrl Pts',(3.525301731007,-4.479013451989,9.02986025944));
#9977=CARTESIAN_POINT('Ctrl Pts',(3.576290064386,-2.36085084496,9.805117601653));
#9978=CARTESIAN_POINT('Ctrl Pts',(3.627272271053,-0.1376404876953,10.08303184816));
#9979=CARTESIAN_POINT('Ctrl Pts',(3.679638732426,2.132768736617,9.854654176035));
#9980=CARTESIAN_POINT('Ctrl Pts',(3.73199912824,4.282215422514,9.134258728493));
#9981=CARTESIAN_POINT('Ctrl Pts',(3.787236369517,6.300998937039,7.886388172471));
#9982=CARTESIAN_POINT('Ctrl Pts',(3.841089376498,7.915624955813,6.250918935594));
#9983=CARTESIAN_POINT('Ctrl Pts',(3.894948076487,9.108841283912,4.312053529283));
#9984=CARTESIAN_POINT('Ctrl Pts',(3.947309771273,9.832325494084,2.234752961211));
#9985=CARTESIAN_POINT('Ctrl Pts',(4.002545328698,10.08885258535,-0.05441895864922));
#9986=CARTESIAN_POINT('Ctrl Pts',(4.057777197924,9.81565589694,-2.32643972554));
#9987=CARTESIAN_POINT('Ctrl Pts',(4.114507105906,9.018679050733,-4.516443502861));
#9988=CARTESIAN_POINT('Ctrl Pts',(4.171231536552,7.755846060589,-6.457216652032));
#9989=CARTESIAN_POINT('Ctrl Pts',(4.231071147308,5.996816099515,-8.125157529311));
#9990=CARTESIAN_POINT('Ctrl Pts',(4.288033629275,4.002755094053,-9.255313937163));
#9991=CARTESIAN_POINT('Ctrl Pts',(4.343510801308,1.88650680159,-9.890918761425));
#9992=CARTESIAN_POINT('Ctrl Pts',(4.395871607747,-0.1791461430693,-10.07229970789));
#9993=CARTESIAN_POINT('Ctrl Pts',(4.451107606591,-2.335381663159,-9.804946607911));
#9994=CARTESIAN_POINT('Ctrl Pts',(4.506339796728,-4.370024231449,-9.081318312584));
#9995=CARTESIAN_POINT('Ctrl Pts',(4.563068957807,-6.236476741467,-7.915398044051));
#9996=CARTESIAN_POINT('Ctrl Pts',(4.619793797806,-7.801239410427,-6.386806988014));
#9997=CARTESIAN_POINT('Ctrl Pts',(4.679632951311,-9.04686217143,-4.463612342296));
#9998=CARTESIAN_POINT('Ctrl Pts',(4.737974299466,-9.796923979805,-2.37414413799));
#9999=CARTESIAN_POINT('Ctrl Pts',(4.796321358849,-10.07104654878,-0.1906724676102));
#10000=CARTESIAN_POINT('Ctrl Pts',(4.853046285414,-9.891431575798,1.928909450276));
#10001=CARTESIAN_POINT('Ctrl Pts',(4.912885576281,-9.230961258606,4.057531209599));
#10002=CARTESIAN_POINT('Ctrl Pts',(4.972719786054,-8.121204258638,5.974549509665));
#10003=CARTESIAN_POINT('Ctrl Pts',(5.03417648293,-6.587793554838,7.63077386342));
#10004=CARTESIAN_POINT('Ctrl Pts',(5.095629622051,-4.74002866417,8.903293457984));
#10005=CARTESIAN_POINT('Ctrl Pts',(5.160450924833,-2.553774331705,9.764112678834));
#10006=CARTESIAN_POINT('Ctrl Pts',(5.238709138955,0.2380214389809,10.15589061969));
#10007=CARTESIAN_POINT('Ctrl Pts',(5.333245116181,3.59552557461,9.590407903894));
#10008=CARTESIAN_POINT('Ctrl Pts',(5.442341993365,6.922071844031,7.567452867771));
#10009=CARTESIAN_POINT('Ctrl Pts',(5.536376313367,8.886668914074,4.89871174378));
#10010=CARTESIAN_POINT('Ctrl Pts',(5.614138268067,9.787060965727,2.37540769298));
#10011=CARTESIAN_POINT('Ctrl Pts',(5.691893761229,10.14810701947,-0.2643484086593));
#10012=CARTESIAN_POINT('Ctrl Pts',(5.790657849908,9.600793249276,-3.614046673159));
#10013=CARTESIAN_POINT('Ctrl Pts',(5.908848082372,7.484282648311,-7.03670474169));
#10014=CARTESIAN_POINT('Ctrl Pts',(6.010715460844,4.68691758236,-9.011016166123));
#10015=CARTESIAN_POINT('Ctrl Pts',(6.094961133141,2.056408984293,-9.863766967708));
#10016=CARTESIAN_POINT('Ctrl Pts',(6.176081784489,-0.578225220246,-10.12834483863));
#10017=CARTESIAN_POINT('Ctrl Pts',(6.276602095877,-3.802789370004,-9.501574113627));
#10018=CARTESIAN_POINT('Ctrl Pts',(6.394790181475,-7.035371266159,-7.450925386442));
#10019=CARTESIAN_POINT('Ctrl Pts',(6.496660386459,-8.934322758853,-4.801532217671));
#10020=CARTESIAN_POINT('Ctrl Pts',(6.580902430398,-9.800276691904,-2.310690080969));
#10021=CARTESIAN_POINT('Ctrl Pts',(6.665136695064,-10.14276415597,0.2897117033502));
#10022=CARTESIAN_POINT('Ctrl Pts',(6.772132690811,-9.602692433979,3.586732189509));
#10023=CARTESIAN_POINT('Ctrl Pts',(6.90017162103,-7.537402393108,6.967848363536));
#10024=CARTESIAN_POINT('Ctrl Pts',(7.01052687364,-4.804830628454,8.943535139681));
#10025=CARTESIAN_POINT('Ctrl Pts',(7.101795911149,-2.226045372846,9.824676240092));
#10026=CARTESIAN_POINT('Ctrl Pts',(7.181038614186,0.1104072420623,10.1035210727));
#10027=CARTESIAN_POINT('Ctrl Pts',(7.271964174268,2.777373024533,9.752902685806));
#10028=CARTESIAN_POINT('Ctrl Pts',(7.372659557903,5.476712366007,8.544871517281));
#10029=CARTESIAN_POINT('Ctrl Pts',(7.478884485565,7.801576010627,6.507620360808));
#10030=CARTESIAN_POINT('Ctrl Pts',(7.585096022649,9.385441521883,3.881111012347));
#10031=CARTESIAN_POINT('Ctrl Pts',(7.694194963814,10.11762233235,0.8531683654203));
#10032=CARTESIAN_POINT('Ctrl Pts',(7.803277719229,9.914964966631,-2.231422196133));
#10033=CARTESIAN_POINT('Ctrl Pts',(7.918357849296,8.724244418595,-5.233927382344));
#10034=CARTESIAN_POINT('Ctrl Pts',(8.03054630546,6.712769887532,-7.623787155831));
#10035=CARTESIAN_POINT('Ctrl Pts',(8.142758660671,4.107713674744,-9.273232053535));
#10036=CARTESIAN_POINT('Ctrl Pts',(8.251840122152,1.242459089634,-10.07483498742));
#10037=CARTESIAN_POINT('Ctrl Pts',(8.366919640076,-1.866185495694,-9.988462985022));
#10038=CARTESIAN_POINT('Ctrl Pts',(8.481981863138,-4.776664458357,-8.964909885666));
#10039=CARTESIAN_POINT('Ctrl Pts',(8.600171852884,-7.279778066369,-7.080549858323));
#10040=CARTESIAN_POINT('Ctrl Pts',(8.718344986168,-9.088426079319,-4.552221711501));
#10041=CARTESIAN_POINT('Ctrl Pts',(8.843015776207,-10.07087587811,-1.456675236817));
#10042=CARTESIAN_POINT('Ctrl Pts',(8.961680537589,-10.02032380263,1.60898076381));
#10043=CARTESIAN_POINT('Ctrl Pts',(9.077264535998,-9.111912175153,4.408626137126));
#10044=CARTESIAN_POINT('Ctrl Pts',(9.186346107339,-7.59007411359,6.709051346025));
#10045=CARTESIAN_POINT('Ctrl Pts',(9.301424662145,-5.397207199905,8.583156879412));
#10046=CARTESIAN_POINT('Ctrl Pts',(9.416487787368,-2.781814842067,9.747227833813));
#10047=CARTESIAN_POINT('Ctrl Pts',(9.534677315022,0.1019072031761,10.13362839444));
#10048=CARTESIAN_POINT('Ctrl Pts',(9.652851589089,2.957138939505,9.70181573647));
#10049=CARTESIAN_POINT('Ctrl Pts',(9.777520429363,5.685477087697,8.410695206208));
#10050=CARTESIAN_POINT('Ctrl Pts',(9.899059498814,7.83462648468,6.434539587214));
#10051=CARTESIAN_POINT('Ctrl Pts',(10.020621361,9.317704782818,3.960980000958));
#10052=CARTESIAN_POINT('Ctrl Pts',(10.13879464961,10.05182146006,1.276130834415));
#10053=CARTESIAN_POINT('Ctrl Pts',(10.26346238502,10.00902525206,-1.633622347317));
#10054=CARTESIAN_POINT('Ctrl Pts',(10.38811476754,9.140350829068,-4.387163426247));
#10055=CARTESIAN_POINT('Ctrl Pts',(10.51615325071,7.499724558737,-6.819010347151));
#10056=CARTESIAN_POINT('Ctrl Pts',(10.64417500544,5.258040178958,-8.675706183758));
#10057=CARTESIAN_POINT('Ctrl Pts',(10.77923408316,2.453686512923,-9.853440197021));
#10058=CARTESIAN_POINT('Ctrl Pts',(10.90491780291,-0.3413568038303,-10.11654794131));
#10059=CARTESIAN_POINT('Ctrl Pts',(11.02415224216,-2.925907752815,-9.658182696102));
#10060=CARTESIAN_POINT('Ctrl Pts',(11.13323382081,-5.113699954686,-8.707035616035));
#10061=CARTESIAN_POINT('Ctrl Pts',(11.24831188227,-7.09803344543,-7.191512729383));
#10062=CARTESIAN_POINT('Ctrl Pts',(11.36337690906,-8.634058299266,-5.245599407163));
#10063=CARTESIAN_POINT('Ctrl Pts',(11.48156416477,-9.662987012313,-2.942505121949));
#10064=CARTESIAN_POINT('Ctrl Pts',(11.59974024177,-10.09631547248,-0.4755853180372));
#10065=CARTESIAN_POINT('Ctrl Pts',(11.72440719944,-9.886790861552,2.136033701116));
#10066=CARTESIAN_POINT('Ctrl Pts',(11.8459492796,-9.035301842404,4.524097008654));
#10067=CARTESIAN_POINT('Ctrl Pts',(11.96750854296,-7.634150172227,6.604418099061));
#10068=CARTESIAN_POINT('Ctrl Pts',(12.08568387578,-5.845725904484,8.237017446044));
#10069=CARTESIAN_POINT('Ctrl Pts',(12.21035033868,-3.615489429201,9.4387128832));
#10070=CARTESIAN_POINT('Ctrl Pts',(12.33500420456,-1.173306486937,10.03717529468));
#10071=CARTESIAN_POINT('Ctrl Pts',(12.4630411031,1.383847865684,10.00861310933));
#10072=CARTESIAN_POINT('Ctrl Pts',(12.59106458663,3.836316569346,9.354240567523));
#10073=CARTESIAN_POINT('Ctrl Pts',(12.72612143636,6.142181945449,8.040169078567));
#10074=CARTESIAN_POINT('Ctrl Pts',(12.85468050147,7.917431382519,6.270792875926));
#10075=CARTESIAN_POINT('Ctrl Pts',(12.97989165202,9.1633127329,4.205695361837));
#10076=CARTESIAN_POINT('Ctrl Pts',(13.09806640408,9.875151614084,2.059891044802));
#10077=CARTESIAN_POINT('Ctrl Pts',(13.22273258607,10.08944538696,-0.2961578704633));
#10078=CARTESIAN_POINT('Ctrl Pts',(13.34738766627,9.746306255656,-2.619261900395));
#10079=CARTESIAN_POINT('Ctrl Pts',(13.47542345077,8.856110876899,-4.83645412456));
#10080=CARTESIAN_POINT('Ctrl Pts',(13.60344838326,7.48736313888,-6.773264288813));
#10081=CARTESIAN_POINT('Ctrl Pts',(13.73850345518,5.614473650646,-8.399307177544));
#10082=CARTESIAN_POINT('Ctrl Pts',(13.8701753545,3.471412679918,-9.478051740709));
#10083=CARTESIAN_POINT('Ctrl Pts',(14.0018634072,1.16002801161,-10.01767262232));
#10084=CARTESIAN_POINT('Ctrl Pts',(14.12988774193,-1.130724203781,-10.02643270601));
#10085=CARTESIAN_POINT('Ctrl Pts',(14.26494238198,-3.464223421872,-9.483206542653));
#10086=CARTESIAN_POINT('Ctrl Pts',(14.39998512188,-5.58457372251,-8.408808403864));
#10087=CARTESIAN_POINT('Ctrl Pts',(14.53869139875,-7.422456614759,-6.838927151574));
#10088=CARTESIAN_POINT('Ctrl Pts',(14.67738332919,-8.831081059657,-4.898202444875));
#10089=CARTESIAN_POINT('Ctrl Pts',(14.85505745153,-9.973110168836,-2.076802167181));
#10090=CARTESIAN_POINT('Ctrl Pts',(14.98522062546,-10.09552220863,0.1542555616204));
#10091=CARTESIAN_POINT('Ctrl Pts',(15.06808396113,-9.881824638305,1.518142508867));
#10092=CARTESIAN_POINT('Ctrl Pts',(0.1067722908051,-1.579740725911,9.878871390545));
#10093=CARTESIAN_POINT('Ctrl Pts',(0.1171346897923,-0.06166049556085,10.12446355106));
#10094=CARTESIAN_POINT('Ctrl Pts',(0.1348098807847,2.556598090508,9.92206310555));
#10095=CARTESIAN_POINT('Ctrl Pts',(0.1598159322255,5.761475447935,8.370913980928));
#10096=CARTESIAN_POINT('Ctrl Pts',(0.1824068196719,8.044250801973,6.218578204437));
#10097=CARTESIAN_POINT('Ctrl Pts',(0.2049957797025,9.525249176019,3.533845240483));
#10098=CARTESIAN_POINT('Ctrl Pts',(0.2281980349288,10.1395543986,0.5255302698893));
#10099=CARTESIAN_POINT('Ctrl Pts',(0.2513974571259,9.853892891995,-2.467427266879));
#10100=CARTESIAN_POINT('Ctrl Pts',(0.2758716154588,8.655982551231,-5.327874713974));
#10101=CARTESIAN_POINT('Ctrl Pts',(0.2997315683971,6.739008008057,-7.584927399235));
#10102=CARTESIAN_POINT('Ctrl Pts',(0.3235958645542,4.316886805293,-9.164057371109));
#10103=CARTESIAN_POINT('Ctrl Pts',(0.3467952329038,1.683045855514,-9.994255045793));
#10104=CARTESIAN_POINT('Ctrl Pts',(0.371269531582,-1.173824949,-10.07288316434));
#10105=CARTESIAN_POINT('Ctrl Pts',(0.3957402551228,-3.888967881084,-9.359978617778));
#10106=CARTESIAN_POINT('Ctrl Pts',(0.4208759696991,-6.319734411529,-7.918706168151));
#10107=CARTESIAN_POINT('Ctrl Pts',(0.4460093254075,-8.237643621892,-5.907209837753));
#10108=CARTESIAN_POINT('Ctrl Pts',(0.4725223618567,-9.572033622419,-3.355754152506));
#10109=CARTESIAN_POINT('Ctrl Pts',(0.4977605198171,-10.0951334377,-0.7116063511127));
#10110=CARTESIAN_POINT('Ctrl Pts',(0.5223417070012,-9.92710589861,1.855165090907));
#10111=CARTESIAN_POINT('Ctrl Pts',(0.5455409774585,-9.215478180998,4.142223611458));
#10112=CARTESIAN_POINT('Ctrl Pts',(0.5700145019593,-7.927390830179,6.2729807043));
#10113=CARTESIAN_POINT('Ctrl Pts',(0.5944865107603,-6.178722033375,7.997054401801));
#10114=CARTESIAN_POINT('Ctrl Pts',(0.6196213989171,-4.041027919963,9.259898748175));
#10115=CARTESIAN_POINT('Ctrl Pts',(0.6447545540336,-1.694157782384,9.965233565782));
#10116=CARTESIAN_POINT('Ctrl Pts',(0.6712682888819,0.8517214206718,10.07808620933));
#10117=CARTESIAN_POINT('Ctrl Pts',(0.6971169177647,3.249289298367,9.566449335885));
#10118=CARTESIAN_POINT('Ctrl Pts',(0.7229695473859,5.420704834668,8.513757105833));
#10119=CARTESIAN_POINT('Ctrl Pts',(0.7481024414064,7.223515712377,7.05575231873));
#10120=CARTESIAN_POINT('Ctrl Pts',(0.7746154553029,8.696372789244,5.142588111896));
#10121=CARTESIAN_POINT('Ctrl Pts',(0.8011269044542,9.657192745696,2.959347646224));
#10122=CARTESIAN_POINT('Ctrl Pts',(0.8283562918394,10.08150798534,0.5810485142577));
#10123=CARTESIAN_POINT('Ctrl Pts',(0.8555843680429,9.941068405456,-1.802955034857));
#10124=CARTESIAN_POINT('Ctrl Pts',(0.8843051412086,9.205000393998,-4.178461458062));
#10125=CARTESIAN_POINT('Ctrl Pts',(0.9189789864664,7.656573142811,-6.709943225897));
#10126=CARTESIAN_POINT('Ctrl Pts',(0.9608646666797,4.933510933118,-9.00548519921));
#10127=CARTESIAN_POINT('Ctrl Pts',(1.009202784456,1.081880772875,-10.22119300169));
#10128=CARTESIAN_POINT('Ctrl Pts',(1.050866593847,-2.311650144112,-9.893866675818));
#10129=CARTESIAN_POINT('Ctrl Pts',(1.085321436316,-4.840218714497,-8.841896566062));
#10130=CARTESIAN_POINT('Ctrl Pts',(1.119772320341,-7.071560106319,-7.29857453426));
#10131=CARTESIAN_POINT('Ctrl Pts',(1.163532807613,-9.187235718167,-4.588105711507));
#10132=CARTESIAN_POINT('Ctrl Pts',(1.215898484128,-10.25709685355,-0.6837495293421));
#10133=CARTESIAN_POINT('Ctrl Pts',(1.261033645027,-9.794640318227,2.70601484446));
#10134=CARTESIAN_POINT('Ctrl Pts',(1.2983607614,-8.635836546486,5.20028067057));
#10135=CARTESIAN_POINT('Ctrl Pts',(1.33430305309,-7.05390963721,7.295280224798));
#10136=CARTESIAN_POINT('Ctrl Pts',(1.378841388798,-4.44338947961,9.21796923215));
#10137=CARTESIAN_POINT('Ctrl Pts',(1.431203222473,-0.8193158183445,10.21039202301));
#10138=CARTESIAN_POINT('Ctrl Pts',(1.486439840432,3.054663898627,9.790078364945));
#10139=CARTESIAN_POINT('Ctrl Pts',(1.541668527413,6.437140484773,7.97248883191));
#10140=CARTESIAN_POINT('Ctrl Pts',(1.598399826791,8.928115026682,5.013619638321));
#10141=CARTESIAN_POINT('Ctrl Pts',(1.655124989547,10.15443866965,1.40108306661));
#10142=CARTESIAN_POINT('Ctrl Pts',(1.704022512033,9.979758805228,-1.82821304055));
#10143=CARTESIAN_POINT('Ctrl Pts',(1.744460228392,9.114476686492,-4.289300620563));
#10144=CARTESIAN_POINT('Ctrl Pts',(1.78074572628,7.921253482171,-6.282774073087));
#10145=CARTESIAN_POINT('Ctrl Pts',(1.823477465171,5.990223042553,-8.200679659619));
#10146=CARTESIAN_POINT('Ctrl Pts',(1.871811863154,3.292968295024,-9.615351746891));
#10147=CARTESIAN_POINT('Ctrl Pts',(1.922797473805,0.1696902245809,-10.17171391432));
#10148=CARTESIAN_POINT('Ctrl Pts',(1.973780378452,-2.937280414278,-9.73522014651));
#10149=CARTESIAN_POINT('Ctrl Pts',(2.026145821095,-5.795687930612,-8.350783997379));
#10150=CARTESIAN_POINT('Ctrl Pts',(2.078506102838,-8.07535383155,-6.188048932321));
#10151=CARTESIAN_POINT('Ctrl Pts',(2.133742389516,-9.631515704272,-3.308152576085));
#10152=CARTESIAN_POINT('Ctrl Pts',(2.187593055805,-10.16468653435,-0.1968311314987));
#10153=CARTESIAN_POINT('Ctrl Pts',(2.241453876183,-9.732753913772,2.88041098674));
#10154=CARTESIAN_POINT('Ctrl Pts',(2.293813272037,-8.477947968893,5.596000523629));
#10155=CARTESIAN_POINT('Ctrl Pts',(2.349050269193,-6.387303201876,7.911131067005));
#10156=CARTESIAN_POINT('Ctrl Pts',(2.40427908962,-3.716288564508,9.460015458504));
#10157=CARTESIAN_POINT('Ctrl Pts',(2.461010240788,-0.6618986587758,10.13882966014));
#10158=CARTESIAN_POINT('Ctrl Pts',(2.517732820761,2.425120677891,9.875791537305));
#10159=CARTESIAN_POINT('Ctrl Pts',(2.577573955517,5.404222902712,8.626358811492));
#10160=CARTESIAN_POINT('Ctrl Pts',(2.634532559881,7.695181177475,6.621971960596));
#10161=CARTESIAN_POINT('Ctrl Pts',(2.690011092738,9.238399269719,4.145842127354));
#10162=CARTESIAN_POINT('Ctrl Pts',(2.742370803262,10.01730390377,1.528808718559));
#10163=CARTESIAN_POINT('Ctrl Pts',(2.797606845318,10.05500643466,-1.32260263172));
#10164=CARTESIAN_POINT('Ctrl Pts',(2.852836420952,9.296700031483,-4.045344978603));
#10165=CARTESIAN_POINT('Ctrl Pts',(2.909567374536,7.788934816683,-6.486563014123));
#10166=CARTESIAN_POINT('Ctrl Pts',(2.966290243366,5.685167072953,-8.401187092493));
#10167=CARTESIAN_POINT('Ctrl Pts',(3.02613010385,3.011951147386,-9.695980940239));
#10168=CARTESIAN_POINT('Ctrl Pts',(3.084468820811,0.1760047933122,-10.13790423907));
#10169=CARTESIAN_POINT('Ctrl Pts',(3.142816718702,-2.634161577846,-9.777511115232));
#10170=CARTESIAN_POINT('Ctrl Pts',(3.199539310207,-5.155226363066,-8.72419502737));
#10171=CARTESIAN_POINT('Ctrl Pts',(3.259379033031,-7.389208128536,-6.946878361864));
#10172=CARTESIAN_POINT('Ctrl Pts',(3.319211376904,-9.01897572078,-4.632552659627));
#10173=CARTESIAN_POINT('Ctrl Pts',(3.380668881089,-9.954348252049,-1.914337113959));
#10174=CARTESIAN_POINT('Ctrl Pts',(3.442118555061,-10.10171049329,0.9328632628658));
#10175=CARTESIAN_POINT('Ctrl Pts',(3.506946914222,-9.404507426358,3.82833332297));
#10176=CARTESIAN_POINT('Ctrl Pts',(3.566001077635,-8.036265125427,6.144309917869));
#10177=CARTESIAN_POINT('Ctrl Pts',(3.620583182284,-6.29892309192,7.870441437035));
#10178=CARTESIAN_POINT('Ctrl Pts',(3.668914255786,-4.484769895699,9.033693504794));
#10179=CARTESIAN_POINT('Ctrl Pts',(3.719902010623,-2.365637540941,9.810131617901));
#10180=CARTESIAN_POINT('Ctrl Pts',(3.770883569992,-0.1412284708748,10.08897785395));
#10181=CARTESIAN_POINT('Ctrl Pts',(3.823249431482,2.130585393864,9.86125919379));
#10182=CARTESIAN_POINT('Ctrl Pts',(3.875609160616,4.281537257392,9.141199772304));
#10183=CARTESIAN_POINT('Ctrl Pts',(3.930845759682,6.301940490416,7.893316243009));
#10184=CARTESIAN_POINT('Ctrl Pts',(3.984698074996,7.918090534717,6.257471017629));
#10185=CARTESIAN_POINT('Ctrl Pts',(4.03855613994,9.112700103658,4.317903838837));
#10186=CARTESIAN_POINT('Ctrl Pts',(4.090917169815,9.837357955258,2.239655319249));
#10187=CARTESIAN_POINT('Ctrl Pts',(4.146152056354,10.09486959682,-0.05075743783586));
#10188=CARTESIAN_POINT('Ctrl Pts',(4.201383213485,9.822348932129,-2.324201533523));
#10189=CARTESIAN_POINT('Ctrl Pts',(4.258112442329,9.025718143226,-4.515777300578));
#10190=CARTESIAN_POINT('Ctrl Pts',(4.31483613319,7.762873839433,-6.45815119453));
#10191=CARTESIAN_POINT('Ctrl Pts',(4.374675013177,6.003445373421,-8.127725111179));
#10192=CARTESIAN_POINT('Ctrl Pts',(4.431636734079,4.008652245004,-9.25929430728));
#10193=CARTESIAN_POINT('Ctrl Pts',(4.487113239459,1.891412485108,-9.896076856476));
#10194=CARTESIAN_POINT('Ctrl Pts',(4.539473346843,-0.1753727493338,-10.07835624208));
#10195=CARTESIAN_POINT('Ctrl Pts',(4.594708654019,-2.332967753757,-9.811680700988));
#10196=CARTESIAN_POINT('Ctrl Pts',(4.649940109462,-4.369075832302,-9.08842311515));
#10197=CARTESIAN_POINT('Ctrl Pts',(4.70666855691,-6.237072366883,-7.922554917378));
#10198=CARTESIAN_POINT('Ctrl Pts',(4.763392634254,-7.803348308538,-6.393691869729));
#10199=CARTESIAN_POINT('Ctrl Pts',(4.823231024093,-9.050460333659,-4.469872078536));
#10200=CARTESIAN_POINT('Ctrl Pts',(4.881571574642,-9.801794386737,-2.37948895193));
#10201=CARTESIAN_POINT('Ctrl Pts',(4.939917892075,-10.07695623368,-0.1948560897915));
#10202=CARTESIAN_POINT('Ctrl Pts',(4.996642041307,-9.89809630453,1.926031199439));
#10203=CARTESIAN_POINT('Ctrl Pts',(5.05648055586,-9.238110453582,4.056161696975));
#10204=CARTESIAN_POINT('Ctrl Pts',(5.116313931638,-8.128496512626,5.974750513878));
#10205=CARTESIAN_POINT('Ctrl Pts',(5.177769826938,-6.594878850319,7.632573663765));
#10206=CARTESIAN_POINT('Ctrl Pts',(5.2392221141,-4.746570140668,8.906602950408));
#10207=CARTESIAN_POINT('Ctrl Pts',(5.304042520518,-2.559406219469,9.768840562377));
#10208=CARTESIAN_POINT('Ctrl Pts',(5.382299740243,0.2338495498426,10.1620264655));
#10209=CARTESIAN_POINT('Ctrl Pts',(5.476834299804,3.593542558846,9.597648608885));
#10210=CARTESIAN_POINT('Ctrl Pts',(5.585929714097,6.922895905008,7.574954205041));
#10211=CARTESIAN_POINT('Ctrl Pts',(5.679962584876,8.889798845383,4.905525273474));
#10212=CARTESIAN_POINT('Ctrl Pts',(5.757723583686,9.791828484362,2.38114789784));
#10213=CARTESIAN_POINT('Ctrl Pts',(5.835477982114,10.15425472889,-0.2599819144699));
#10214=CARTESIAN_POINT('Ctrl Pts',(5.934240542137,9.608124120867,-3.611866605244));
#10215=CARTESIAN_POINT('Ctrl Pts',(6.052429136986,7.491935119042,-7.03747133517));
#10216=CARTESIAN_POINT('Ctrl Pts',(6.154294860664,4.693857288987,-9.01420994761));
#10217=CARTESIAN_POINT('Ctrl Pts',(6.238539483702,2.062211162614,-9.868675498042));
#10218=CARTESIAN_POINT('Ctrl Pts',(6.319658899191,-0.5738278283679,-10.13463358297));
#10219=CARTESIAN_POINT('Ctrl Pts',(6.420177643873,-3.80055504873,-9.509016047352));
#10220=CARTESIAN_POINT('Ctrl Pts',(6.538363994587,-7.035986683013,-7.458714343432));
#10221=CARTESIAN_POINT('Ctrl Pts',(6.640232507208,-8.937311814162,-4.808702585499));
#10222=CARTESIAN_POINT('Ctrl Pts',(6.724473410507,-9.804978041646,-2.316832116187));
#10223=CARTESIAN_POINT('Ctrl Pts',(6.80870637284,-10.1489326222,0.2849100750107));
#10224=CARTESIAN_POINT('Ctrl Pts',(6.915700594924,-9.610172717276,3.584103777468));
#10225=CARTESIAN_POINT('Ctrl Pts',(7.043737572515,-7.545370443057,6.968207771698));
#10226=CARTESIAN_POINT('Ctrl Pts',(7.154090886352,-4.812217616339,8.946414818352));
#10227=CARTESIAN_POINT('Ctrl Pts',(7.245358679735,-2.232381436889,9.829380206379));
#10228=CARTESIAN_POINT('Ctrl Pts',(7.324600004628,0.1052788607719,10.10958210374));
#10229=CARTESIAN_POINT('Ctrl Pts',(7.415524105913,2.773969761758,9.760136800573));
#10230=CARTESIAN_POINT('Ctrl Pts',(7.516217795474,5.475498932176,8.552811797322));
#10231=CARTESIAN_POINT('Ctrl Pts',(7.622440997409,7.802777800891,6.515602269017));
#10232=CARTESIAN_POINT('Ctrl Pts',(7.728650671176,9.388950600768,3.888415452105));
#10233=CARTESIAN_POINT('Ctrl Pts',(7.83774784377,10.12317490498,0.8591119365287));
#10234=CARTESIAN_POINT('Ctrl Pts',(7.946828650944,9.922065874427,-2.227368866645));
#10235=CARTESIAN_POINT('Ctrl Pts',(8.061906864783,8.732292852837,-5.232259213614));
#10236=CARTESIAN_POINT('Ctrl Pts',(8.174093242137,6.720973833401,-7.624604328114));
#10237=CARTESIAN_POINT('Ctrl Pts',(8.286303737446,4.115326926671,-9.276450214999));
#10238=CARTESIAN_POINT('Ctrl Pts',(8.395383151564,1.248869757425,-10.08012081916));
#10239=CARTESIAN_POINT('Ctrl Pts',(8.510460670213,-1.861619302059,-9.995456861849));
#10240=CARTESIAN_POINT('Ctrl Pts',(8.62552070522,-4.774359601444,-8.972975620107));
#10241=CARTESIAN_POINT('Ctrl Pts',(8.743708599945,-7.280004031638,-7.088970060694));
#10242=CARTESIAN_POINT('Ctrl Pts',(8.86187944851,-9.091164167717,-4.560237836677));
#10243=CARTESIAN_POINT('Ctrl Pts',(8.986547971888,-10.07599800319,-1.463482711012));
#10244=CARTESIAN_POINT('Ctrl Pts',(9.105210329822,-10.0272354057,1.603965999494));
#10245=CARTESIAN_POINT('Ctrl Pts',(9.220792251009,-9.119974927986,4.405770691167));
#10246=CARTESIAN_POINT('Ctrl Pts',(9.329871593783,-7.598650011133,6.708436705096));
#10247=CARTESIAN_POINT('Ctrl Pts',(9.444947951976,-5.405660633306,8.584956446609));
#10248=CARTESIAN_POINT('Ctrl Pts',(9.560008703901,-2.789480185892,9.751302503714));
#10249=CARTESIAN_POINT('Ctrl Pts',(9.678195929959,0.09566253491061,10.13971196229));
#10250=CARTESIAN_POINT('Ctrl Pts',(9.796367725721,2.952803980258,9.709435792124));
#10251=CARTESIAN_POINT('Ctrl Pts',(9.9210340638,5.683525171194,8.419293322098));
#10252=CARTESIAN_POINT('Ctrl Pts',(10.04257049182,7.835165487659,6.443372655798));
#10253=CARTESIAN_POINT('Ctrl Pts',(10.16412990169,9.320685345848,3.969343393666));
#10254=CARTESIAN_POINT('Ctrl Pts',(10.2823005793,10.0569622118,1.283430694178));
#10255=CARTESIAN_POINT('Ctrl Pts',(10.40696568396,10.01604323752,-1.628020843918));
#10256=CARTESIAN_POINT('Ctrl Pts',(10.53161526183,9.148687656661,-4.383712229234));
#10257=CARTESIAN_POINT('Ctrl Pts',(10.65965098793,7.508738917772,-6.818046222603));
#10258=CARTESIAN_POINT('Ctrl Pts',(10.78766979526,5.267018775645,-8.677310494641));
#10259=CARTESIAN_POINT('Ctrl Pts',(10.92272587768,2.461856772781,-9.857620428627));
#10260=CARTESIAN_POINT('Ctrl Pts',(11.04840656835,-0.3346030870016,-10.12279254422));
#10261=CARTESIAN_POINT('Ctrl Pts',(11.16763837988,-2.920952169303,-9.665949217917));
#10262=CARTESIAN_POINT('Ctrl Pts',(11.27671728406,-5.110655423836,-8.715781202362));
#10263=CARTESIAN_POINT('Ctrl Pts',(11.39179266588,-7.097186858617,-7.200782887215));
#10264=CARTESIAN_POINT('Ctrl Pts',(11.50685485329,-8.63546419335,-5.254844772555));
#10265=CARTESIAN_POINT('Ctrl Pts',(11.6250392758,-9.666622221324,-2.951167746864));
#10266=CARTESIAN_POINT('Ctrl Pts',(11.74321237995,-10.10197021616,-0.4831523011386));
#10267=CARTESIAN_POINT('Ctrl Pts',(11.86787626513,-9.894217887654,2.130108994019));
#10268=CARTESIAN_POINT('Ctrl Pts',(11.98941518824,-9.043989174989,4.520154615003));
#10269=CARTESIAN_POINT('Ctrl Pts',(12.11097141235,-7.643570971408,6.60269472192));
#10270=CARTESIAN_POINT('Ctrl Pts',(12.22914360986,-5.85534150002,8.23755124894));
#10271=CARTESIAN_POINT('Ctrl Pts',(12.35380683849,-3.624734686492,9.441600912118));
#10272=CARTESIAN_POINT('Ctrl Pts',(12.47845731801,-1.181615651931,10.04224781588));
#10273=CARTESIAN_POINT('Ctrl Pts',(12.60649081534,1.377015212317,10.0156167913));
#10274=CARTESIAN_POINT('Ctrl Pts',(12.73451073315,3.831378811897,9.362756410768));
#10275=CARTESIAN_POINT('Ctrl Pts',(12.86956388429,6.139572057769,8.049724888626));
#10276=CARTESIAN_POINT('Ctrl Pts',(12.99811923604,7.91721108583,6.280734191929));
#10277=CARTESIAN_POINT('Ctrl Pts',(13.12332690866,9.165427974325,4.215446409779));
#10278=CARTESIAN_POINT('Ctrl Pts',(13.24149816863,9.879374766191,2.068992809633));
#10279=CARTESIAN_POINT('Ctrl Pts',(13.36616074104,10.09567688487,-0.2882194924388));
#10280=CARTESIAN_POINT('Ctrl Pts',(13.49081206418,9.754219791479,-2.612914412277));
#10281=CARTESIAN_POINT('Ctrl Pts',(13.61884403765,8.865325971374,-4.832086075552));
#10282=CARTESIAN_POINT('Ctrl Pts',(13.74686501144,7.49739530903,-6.77111384022));
#10283=CARTESIAN_POINT('Ctrl Pts',(13.88191593423,5.62479418273,-8.399625958664));
#10284=CARTESIAN_POINT('Ctrl Pts',(14.01358362284,3.481426405198,-9.480769106057));
#10285=CARTESIAN_POINT('Ctrl Pts',(14.14526753941,1.169192090659,-10.02264187241));
#10286=CARTESIAN_POINT('Ctrl Pts',(14.27328766887,-1.122842245357,-10.03335278168));
#10287=CARTESIAN_POINT('Ctrl Pts',(14.40833790757,-3.458120822663,-9.491819691752));
#10288=CARTESIAN_POINT('Ctrl Pts',(14.54337608243,-5.580591274813,-8.418650356167));
#10289=CARTESIAN_POINT('Ctrl Pts',(14.68207771068,-7.420876073223,-6.849488760727));
#10290=CARTESIAN_POINT('Ctrl Pts',(14.82076479777,-8.831997699137,-4.90891447152));
#10291=CARTESIAN_POINT('Ctrl Pts',(14.99843280858,-9.97717133262,-2.08694409879));
#10292=CARTESIAN_POINT('Ctrl Pts',(15.12859094908,-10.1016567781,0.1452454418891));
#10293=CARTESIAN_POINT('Ctrl Pts',(15.21145218812,-9.889073979219,1.510103241702));
#10294=CARTESIAN_POINT('Ctrl Pts',(0.3810238244207,-1.563548588761,9.767063690251));
#10295=CARTESIAN_POINT('Ctrl Pts',(0.3913811446448,-0.06307340383934,10.009119899));
#10296=CARTESIAN_POINT('Ctrl Pts',(0.409058185458,2.525572508074,9.810048773653));
#10297=CARTESIAN_POINT('Ctrl Pts',(0.4340633253122,5.694311847793,8.277037696427));
#10298=CARTESIAN_POINT('Ctrl Pts',(0.4566537681228,7.951577206239,6.149712229795));
#10299=CARTESIAN_POINT('Ctrl Pts',(0.4792425832057,9.416327685344,3.495786608176));
#10300=CARTESIAN_POINT('Ctrl Pts',(0.5024441114028,10.02430837401,0.521853547693));
#10301=CARTESIAN_POINT('Ctrl Pts',(0.525643421397,9.742568076844,-2.437166034647));
#10302=CARTESIAN_POINT('Ctrl Pts',(0.5501168314589,8.55896440751,-5.265342848102));
#10303=CARTESIAN_POINT('Ctrl Pts',(0.573976875745,6.664278599889,-7.497216677083));
#10304=CARTESIAN_POINT('Ctrl Pts',(0.5978402659554,4.270120969614,-9.058945893777));
#10305=CARTESIAN_POINT('Ctrl Pts',(0.6210395502548,1.666403557663,-9.88036292037));
#10306=CARTESIAN_POINT('Ctrl Pts',(0.6455130529972,-1.157926033872,-9.958812335563));
#10307=CARTESIAN_POINT('Ctrl Pts',(0.6699838032282,-3.842420747446,-9.254696924443));
#10308=CARTESIAN_POINT('Ctrl Pts',(0.6951187213326,-6.245891223729,-7.83045979608));
#10309=CARTESIAN_POINT('Ctrl Pts',(0.720251808769,-8.142536301728,-5.842333447129));
#10310=CARTESIAN_POINT('Ctrl Pts',(0.7467641664121,-9.462433171785,-3.32026910882));
#10311=CARTESIAN_POINT('Ctrl Pts',(0.7720023326298,-9.980320102293,-0.7062880595929));
#10312=CARTESIAN_POINT('Ctrl Pts',(0.7965825190042,-9.814913790578,1.831289960855));
#10313=CARTESIAN_POINT('Ctrl Pts',(0.8197817146379,-9.112024834106,4.092576164937));
#10314=CARTESIAN_POINT('Ctrl Pts',(0.8442546201513,-7.839198808615,6.199457166273));
#10315=CARTESIAN_POINT('Ctrl Pts',(0.8687263504061,-6.110908798477,7.90444564771));
#10316=CARTESIAN_POINT('Ctrl Pts',(0.8938606237638,-3.997908261824,9.15355784411));
#10317=CARTESIAN_POINT('Ctrl Pts',(0.9189935521995,-1.677917209307,9.851575440978));
#10318=CARTESIAN_POINT('Ctrl Pts',(0.9455064393072,0.8389464873414,9.96392067946));
#10319=CARTESIAN_POINT('Ctrl Pts',(0.9713550707413,3.209446472909,9.458832339337));
#10320=CARTESIAN_POINT('Ctrl Pts',(0.9972067978096,5.356466441488,8.418803208401));
#10321=CARTESIAN_POINT('Ctrl Pts',(1.022339517411,7.139257290938,6.977935855472));
#10322=CARTESIAN_POINT('Ctrl Pts',(1.048851845235,8.595968065934,5.087011742941));
#10323=CARTESIAN_POINT('Ctrl Pts',(1.075362965923,9.54658054722,2.928899520718));
#10324=CARTESIAN_POINT('Ctrl Pts',(1.102591693904,9.966846806716,0.5777971744417));
#10325=CARTESIAN_POINT('Ctrl Pts',(1.129819401524,9.828802368206,-1.779154594565));
#10326=CARTESIAN_POINT('Ctrl Pts',(1.158539807808,9.101894823762,-4.127904263636));
#10327=CARTESIAN_POINT('Ctrl Pts',(1.193212147899,7.571982465639,-6.631077566534));
#10328=CARTESIAN_POINT('Ctrl Pts',(1.235098168737,4.88062752142,-8.901515685911));
#10329=CARTESIAN_POINT('Ctrl Pts',(1.283434661423,1.073271887757,-10.10475321894));
#10330=CARTESIAN_POINT('Ctrl Pts',(1.325099051655,-2.281875882501,-9.782348322753));
#10331=CARTESIAN_POINT('Ctrl Pts',(1.359551990773,-4.781988659888,-8.743292122446));
#10332=CARTESIAN_POINT('Ctrl Pts',(1.394001840286,-6.988512763027,-7.21837504622));
#10333=CARTESIAN_POINT('Ctrl Pts',(1.43776236719,-9.081186282588,-4.539481545885));
#10334=CARTESIAN_POINT('Ctrl Pts',(1.490126404071,-10.14037135295,-0.6799739625872));
#10335=CARTESIAN_POINT('Ctrl Pts',(1.535262326044,-9.684464729361,2.671520322368));
#10336=CARTESIAN_POINT('Ctrl Pts',(1.57258713094,-8.539860917829,5.137779597583));
#10337=CARTESIAN_POINT('Ctrl Pts',(1.608528664669,-6.976776746917,7.209591734573));
#10338=CARTESIAN_POINT('Ctrl Pts',(1.653066644061,-4.396696590459,9.111494091824));
#10339=CARTESIAN_POINT('Ctrl Pts',(1.70542770828,-0.8142316762236,10.09411587219));
#10340=CARTESIAN_POINT('Ctrl Pts',(1.760662563097,3.01582537203,9.680213042069));
#10341=CARTESIAN_POINT('Ctrl Pts',(1.815891293509,6.360662707424,7.884698448292));
#10342=CARTESIAN_POINT('Ctrl Pts',(1.872620386188,8.824535492734,4.960602436861));
#10343=CARTESIAN_POINT('Ctrl Pts',(1.929344695568,10.03853182927,1.389681305339));
#10344=CARTESIAN_POINT('Ctrl Pts',(1.97824277237,9.867246193713,-1.803052195157));
#10345=CARTESIAN_POINT('Ctrl Pts',(2.018677945946,9.012943375525,-4.236442896078));
#10346=CARTESIAN_POINT('Ctrl Pts',(2.05496311534,7.834195153069,-6.207811939371));
#10347=CARTESIAN_POINT('Ctrl Pts',(2.097693963972,5.926007504291,-8.104791140672));
#10348=CARTESIAN_POINT('Ctrl Pts',(2.146027518247,3.260083239084,-9.504632178498));
#10349=CARTESIAN_POINT('Ctrl Pts',(2.197011931515,0.1725984572091,-10.05614065966));
#10350=CARTESIAN_POINT('Ctrl Pts',(2.247994257804,-2.899266386556,-9.626088942512));
#10351=CARTESIAN_POINT('Ctrl Pts',(2.300358046992,-5.725805353109,-8.258794227265));
#10352=CARTESIAN_POINT('Ctrl Pts',(2.352717845663,-7.980623653791,-6.121753961736));
#10353=CARTESIAN_POINT('Ctrl Pts',(2.40795238991,-9.520501548299,-3.275410829051));
#10354=CARTESIAN_POINT('Ctrl Pts',(2.461803082728,-10.04917284589,-0.1996883341959));
#10355=CARTESIAN_POINT('Ctrl Pts',(2.515661620491,-9.623720820829,2.842715033728));
#10356=CARTESIAN_POINT('Ctrl Pts',(2.568020708398,-8.384567670564,5.528096010515));
#10357=CARTESIAN_POINT('Ctrl Pts',(2.623255786578,-6.318930299205,7.817955256656));
#10358=CARTESIAN_POINT('Ctrl Pts',(2.678484541248,-3.679064248547,9.35065000977));
#10359=CARTESIAN_POINT('Ctrl Pts',(2.735213422552,-0.6598252965602,10.02335298263));
#10360=CARTESIAN_POINT('Ctrl Pts',(2.791935676385,2.392261432804,9.764964187376));
#10361=CARTESIAN_POINT('Ctrl Pts',(2.851774461349,5.338115133778,8.531386758241));
#10362=CARTESIAN_POINT('Ctrl Pts',(2.908733454569,7.604171154405,6.551009227177));
#10363=CARTESIAN_POINT('Ctrl Pts',(2.964209512671,9.131177249975,4.1039493498));
#10364=CARTESIAN_POINT('Ctrl Pts',(3.016568800539,9.90270445481,1.517092986446));
#10365=CARTESIAN_POINT('Ctrl Pts',(3.071803097392,9.941595835598,-1.301839918479));
#10366=CARTESIAN_POINT('Ctrl Pts',(3.127032390003,9.193461239408,-3.994083537067));
#10367=CARTESIAN_POINT('Ctrl Pts',(3.183761073013,7.704281985659,-6.408366259601));
#10368=CARTESIAN_POINT('Ctrl Pts',(3.240483503204,5.625540175968,-8.302465568664));
#10369=CARTESIAN_POINT('Ctrl Pts',(3.300321256141,2.983526985405,-9.584096703696));
#10370=CARTESIAN_POINT('Ctrl Pts',(3.358659795974,0.1800574192375,-10.0226903143));
#10371=CARTESIAN_POINT('Ctrl Pts',(3.417005424328,-2.598319166044,-9.668093048692));
#10372=CARTESIAN_POINT('Ctrl Pts',(3.473727610879,-5.09137920474,-8.628278711066));
#10373=CARTESIAN_POINT('Ctrl Pts',(3.533565233959,-7.301014562036,-6.872569069282));
#10374=CARTESIAN_POINT('Ctrl Pts',(3.593397152233,-8.913697419902,-4.585549575306));
#10375=CARTESIAN_POINT('Ctrl Pts',(3.654852374376,-9.84011752666,-1.898873733512));
#10376=CARTESIAN_POINT('Ctrl Pts',(3.716301542492,-9.987601591745,0.915878535228));
#10377=CARTESIAN_POINT('Ctrl Pts',(3.781127134665,-9.30019384545,3.778807777676));
#10378=CARTESIAN_POINT('Ctrl Pts',(3.8401819128,-7.9489655328,6.069383892022));
#10379=CARTESIAN_POINT('Ctrl Pts',(3.894761114368,-6.23255175462,7.776958554604));
#10380=CARTESIAN_POINT('Ctrl Pts',(3.943091930776,-4.43977168328,8.928185834597));
#10381=CARTESIAN_POINT('Ctrl Pts',(3.994077838808,-2.345281664252,9.697177884559));
#10382=CARTESIAN_POINT('Ctrl Pts',(4.04505895267,-0.1463351618685,9.97433327703));
#10383=CARTESIAN_POINT('Ctrl Pts',(4.097422890601,2.099759948049,9.75072705416));
#10384=CARTESIAN_POINT('Ctrl Pts',(4.149782085857,4.226752023668,9.040301077481));
#10385=CARTESIAN_POINT('Ctrl Pts',(4.205016685335,6.224995268343,7.807999405877));
#10386=CARTESIAN_POINT('Ctrl Pts',(4.258868470214,7.823898733578,6.191851485624));
#10387=CARTESIAN_POINT('Ctrl Pts',(4.312724689079,9.006242407026,4.275190452081));
#10388=CARTESIAN_POINT('Ctrl Pts',(4.365084864105,9.724105045093,2.221075706986));
#10389=CARTESIAN_POINT('Ctrl Pts',(4.420318117962,9.980287696353,-0.04308863148341));
#10390=CARTESIAN_POINT('Ctrl Pts',(4.47554848631,9.712465390989,-2.290878900521));
#10391=CARTESIAN_POINT('Ctrl Pts',(4.532275682893,8.926461780791,-4.458064323747));
#10392=CARTESIAN_POINT('Ctrl Pts',(4.588998595797,7.6793626529,-6.379260505071));
#10393=CARTESIAN_POINT('Ctrl Pts',(4.648835427476,5.941169829301,-8.031093430682));
#10394=CARTESIAN_POINT('Ctrl Pts',(4.705796625652,3.969866405037,-9.1512505544));
#10395=CARTESIAN_POINT('Ctrl Pts',(4.761270911609,1.877209272009,-9.78232631659));
#10396=CARTESIAN_POINT('Ctrl Pts',(4.81363032227,-0.1659474829821,-9.964056679779));
#10397=CARTESIAN_POINT('Ctrl Pts',(4.868863847837,-2.299177943101,-9.702014444678));
#10398=CARTESIAN_POINT('Ctrl Pts',(4.924094392268,-4.312674081636,-8.988499480568));
#10399=CARTESIAN_POINT('Ctrl Pts',(4.98082092962,-6.160278743264,-7.837308261717));
#10400=CARTESIAN_POINT('Ctrl Pts',(5.037544084191,-7.709902066967,-6.32701320527));
#10401=CARTESIAN_POINT('Ctrl Pts',(5.097380478556,-8.944280974016,-4.426045947399));
#10402=CARTESIAN_POINT('Ctrl Pts',(5.155720217017,-9.68867651099,-2.360002690674));
#10403=CARTESIAN_POINT('Ctrl Pts',(5.214064400365,-9.962390986734,-0.2004606752747));
#10404=CARTESIAN_POINT('Ctrl Pts',(5.270787577858,-9.787214282302,1.896449104621));
#10405=CARTESIAN_POINT('Ctrl Pts',(5.330624039076,-9.136410558622,4.00284280603));
#10406=CARTESIAN_POINT('Ctrl Pts',(5.390456522434,-8.040924077583,5.90049394147));
#10407=CARTESIAN_POINT('Ctrl Pts',(5.451910269002,-6.526083509557,7.540655594131));
#10408=CARTESIAN_POINT('Ctrl Pts',(5.513361201671,-4.699819752067,8.801673266671));
#10409=CARTESIAN_POINT('Ctrl Pts',(5.578180427707,-2.538219779906,9.655858910765));
#10410=CARTESIAN_POINT('Ctrl Pts',(5.656433494155,0.2228658005944,10.04683233335));
#10411=CARTESIAN_POINT('Ctrl Pts',(5.750967795369,3.544856904358,9.491623200611));
#10412=CARTESIAN_POINT('Ctrl Pts',(5.860058784373,6.837963916018,7.494726941177));
#10413=CARTESIAN_POINT('Ctrl Pts',(5.954092150787,8.784765584091,4.857244858461));
#10414=CARTESIAN_POINT('Ctrl Pts',(6.031848533407,9.678625449105,2.362425539034));
#10415=CARTESIAN_POINT('Ctrl Pts',(6.109599669898,10.03918548485,-0.2483035910115));
#10416=CARTESIAN_POINT('Ctrl Pts',(6.208361945381,9.502134891373,-3.562580309394));
#10417=CARTESIAN_POINT('Ctrl Pts',(6.326545161223,7.413042639145,-6.950994082156));
#10418=CARTESIAN_POINT('Ctrl Pts',(6.42841204636,4.648445932931,-8.9077494623));
#10419=CARTESIAN_POINT('Ctrl Pts',(6.512650755588,2.047603129869,-9.754781057605));
#10420=CARTESIAN_POINT('Ctrl Pts',(6.593767653259,-0.5581895064411,-10.02008224528));
#10421=CARTESIAN_POINT('Ctrl Pts',(6.694284983397,-3.748794479633,-9.404480359255));
#10422=CARTESIAN_POINT('Ctrl Pts',(6.812466309752,-6.949239453641,-7.380495885815));
#10423=CARTESIAN_POINT('Ctrl Pts',(6.914335208212,-8.831412606269,-4.762318492233));
#10424=CARTESIAN_POINT('Ctrl Pts',(6.998570933153,-9.691484049195,-2.299685217515));
#10425=CARTESIAN_POINT('Ctrl Pts',(7.082800357752,-10.03396976268,0.2720913705782));
#10426=CARTESIAN_POINT('Ctrl Pts',(7.18979366135,-9.504445672286,3.534297945965));
#10427=CARTESIAN_POINT('Ctrl Pts',(7.31782460081,-7.466417866017,6.881814935696));
#10428=CARTESIAN_POINT('Ctrl Pts',(7.428179168757,-4.766181805559,8.84019894034));
#10429=CARTESIAN_POINT('Ctrl Pts',(7.519439633211,-2.216684561873,9.715582707933));
#10430=CARTESIAN_POINT('Ctrl Pts',(7.598679961088,0.09412613015068,9.994904225642));
#10431=CARTESIAN_POINT('Ctrl Pts',(7.689600642624,2.732769367229,9.652074613499));
#10432=CARTESIAN_POINT('Ctrl Pts',(7.790291959777,5.404765026846,8.461181105762));
#10433=CARTESIAN_POINT('Ctrl Pts',(7.89651053567,7.707579729465,6.449529736397));
#10434=CARTESIAN_POINT('Ctrl Pts',(8.002718669719,9.278385148651,3.853824025455));
#10435=CARTESIAN_POINT('Ctrl Pts',(8.111810332059,10.00734483232,0.8598087627234));
#10436=CARTESIAN_POINT('Ctrl Pts',(8.22088933465,9.811717522264,-2.191780796515));
#10437=CARTESIAN_POINT('Ctrl Pts',(8.335961669781,8.638650917583,-5.163657340754));
#10438=CARTESIAN_POINT('Ctrl Pts',(8.448147078438,6.652712649661,-7.530933337456));
#10439=CARTESIAN_POINT('Ctrl Pts',(8.56035104699,4.078546275892,-9.166708067979));
#10440=CARTESIAN_POINT('Ctrl Pts',(8.669428794795,1.245547478129,-9.964323070439));
#10441=CARTESIAN_POINT('Ctrl Pts',(8.784500432771,-1.829571027658,-9.883995686446));
#10442=CARTESIAN_POINT('Ctrl Pts',(8.899558552668,-4.710306120159,-8.876330254844));
#10443=CARTESIAN_POINT('Ctrl Pts',(9.017740276475,-7.189461732817,-7.016572969056));
#10444=CARTESIAN_POINT('Ctrl Pts',(9.135908808537,-8.982838591381,-4.518624015185));
#10445=CARTESIAN_POINT('Ctrl Pts',(9.260570445759,-9.959931344613,-1.458295853656));
#10446=CARTESIAN_POINT('Ctrl Pts',(9.379231956729,-9.915205898444,1.574349704047));
#10447=CARTESIAN_POINT('Ctrl Pts',(9.494806334379,-9.021510328494,4.345214396021));
#10448=CARTESIAN_POINT('Ctrl Pts',(9.60388364569,-7.520156726234,6.623453134999));
#10449=CARTESIAN_POINT('Ctrl Pts',(9.718953995843,-5.354360547547,8.48113434737));
#10450=CARTESIAN_POINT('Ctrl Pts',(9.834012262197,-2.769316183451,9.637291315439));
#10451=CARTESIAN_POINT('Ctrl Pts',(9.952193047678,0.08246227862758,10.02469660234));
#10452=CARTESIAN_POINT('Ctrl Pts',(10.07036188135,2.907606053544,9.602740537799));
#10453=CARTESIAN_POINT('Ctrl Pts',(10.19502138102,5.608745408995,8.330615554118));
#10454=CARTESIAN_POINT('Ctrl Pts',(10.31655564063,7.738324508533,6.379792088543));
#10455=CARTESIAN_POINT('Ctrl Pts',(10.4381075447,9.209937247503,3.935821674245));
#10456=CARTESIAN_POINT('Ctrl Pts',(10.55627525891,9.941174537916,1.281388961036));
#10457=CARTESIAN_POINT('Ctrl Pts',(10.68093356137,9.904369817584,-1.596910208009));
#10458=CARTESIAN_POINT('Ctrl Pts',(10.80557984556,9.050369885582,-4.322335722807));
#10459=CARTESIAN_POINT('Ctrl Pts',(10.93360814581,7.432235261928,-6.73099219653));
#10460=CARTESIAN_POINT('Ctrl Pts',(11.06162334858,5.218425971494,-8.571979275693));
#10461=CARTESIAN_POINT('Ctrl Pts',(11.19667120088,2.446807132936,-9.742472067741));
#10462=CARTESIAN_POINT('Ctrl Pts',(11.32234992675,-0.3175045208521,-10.00829498843));
#10463=CARTESIAN_POINT('Ctrl Pts',(11.44157304834,-2.874918813465,-9.56008973717));
#10464=CARTESIAN_POINT('Ctrl Pts',(11.55064908819,-5.040971240016,-8.623659876276));
#10465=CARTESIAN_POINT('Ctrl Pts',(11.66571768488,-7.006874549379,-7.128614704053));
#10466=CARTESIAN_POINT('Ctrl Pts',(11.78077604332,-8.530273982483,-5.20692028254));
#10467=CARTESIAN_POINT('Ctrl Pts',(11.89895360161,-9.552815244576,-2.930932219629));
#10468=CARTESIAN_POINT('Ctrl Pts',(12.01712237188,-9.986604057142,-0.4916268833625));
#10469=CARTESIAN_POINT('Ctrl Pts',(12.1417788257,-9.784852867663,2.092107094218));
#10470=CARTESIAN_POINT('Ctrl Pts',(12.26331386783,-8.947651691175,4.456130768435));
#10471=CARTESIAN_POINT('Ctrl Pts',(12.38486214098,-7.566159348343,6.516876446049));
#10472=CARTESIAN_POINT('Ctrl Pts',(12.50302988756,-5.800628113458,8.135657921268));
#10473=CARTESIAN_POINT('Ctrl Pts',(12.62768550682,-3.597202901675,9.329170342563));
#10474=CARTESIAN_POINT('Ctrl Pts',(12.75233123821,-1.182783893802,9.926511845918));
#10475=CARTESIAN_POINT('Ctrl Pts',(12.88035650471,1.346681953262,9.90392007611));
#10476=CARTESIAN_POINT('Ctrl Pts',(13.008371234,3.77404256433,9.262111977938));
#10477=CARTESIAN_POINT('Ctrl Pts',(13.14341540041,6.057836948788,7.967500017022));
#10478=CARTESIAN_POINT('Ctrl Pts',(13.27196637515,7.817882600644,6.221318131274));
#10479=CARTESIAN_POINT('Ctrl Pts',(13.39716479777,9.054961547159,4.181506882152));
#10480=CARTESIAN_POINT('Ctrl Pts',(13.51533108686,9.764044822524,2.060600163554));
#10481=CARTESIAN_POINT('Ctrl Pts',(13.63998542053,9.981496115915,-0.2693709589827));
#10482=CARTESIAN_POINT('Ctrl Pts',(13.76463100146,9.647530475709,-2.568096228845));
#10483=CARTESIAN_POINT('Ctrl Pts',(13.89265425843,8.772249401771,-4.763317690741));
#10484=CARTESIAN_POINT('Ctrl Pts',(14.02066894952,7.422967201695,-6.682391083947));
#10485=CARTESIAN_POINT('Ctrl Pts',(14.1557104917,5.574335072514,-8.295280868249));
#10486=CARTESIAN_POINT('Ctrl Pts',(14.28737217479,3.457129547408,-9.367532652935));
#10487=CARTESIAN_POINT('Ctrl Pts',(14.4190461924,1.172185454409,-9.906948715218));
#10488=CARTESIAN_POINT('Ctrl Pts',(14.54705972885,-1.093693862796,-9.921271500629));
#10489=CARTESIAN_POINT('Ctrl Pts',(14.68210022466,-3.403189600156,-9.389759003266));
#10490=CARTESIAN_POINT('Ctrl Pts',(14.81713132223,-5.503231631033,-8.332345069814));
#10491=CARTESIAN_POINT('Ctrl Pts',(14.95582232783,-7.325113707026,-6.784188176382));
#10492=CARTESIAN_POINT('Ctrl Pts',(15.09450201067,-8.723409620354,-4.868126042101));
#10493=CARTESIAN_POINT('Ctrl Pts',(15.27215452837,-9.860301258981,-2.08037630417));
#10494=CARTESIAN_POINT('Ctrl Pts',(15.40231453405,-9.98721819046,0.1262673999355));
#10495=CARTESIAN_POINT('Ctrl Pts',(15.48514576006,-9.779424651505,1.475542816037));
#10496=CARTESIAN_POINT('Ctrl Pts',(0.5433086078663,-1.502205080152,9.380438730373));
#10497=CARTESIAN_POINT('Ctrl Pts',(0.5536696958959,-0.06222558577715,9.612402582864));
#10498=CARTESIAN_POINT('Ctrl Pts',(0.5713441148881,2.424293879832,9.421918209767));
#10499=CARTESIAN_POINT('Ctrl Pts',(0.596350336299,5.467642883913,7.949929233269));
#10500=CARTESIAN_POINT('Ctrl Pts',(0.6189396412016,7.6357398835,5.907289786716));
#10501=CARTESIAN_POINT('Ctrl Pts',(0.6415293057596,9.042872451705,3.358602966876));
#10502=CARTESIAN_POINT('Ctrl Pts',(0.6647294165683,9.627174526003,0.5027148549303));
#10503=CARTESIAN_POINT('Ctrl Pts',(0.6879295313916,9.357017451831,-2.339214494933));
#10504=CARTESIAN_POINT('Ctrl Pts',(0.7124015839961,8.220815619832,-5.055441120419));
#10505=CARTESIAN_POINT('Ctrl Pts',(0.7362631226353,6.401392829882,-7.199292015642));
#10506=CARTESIAN_POINT('Ctrl Pts',(0.7601246215003,4.102476206522,-8.699421661686));
#10507=CARTESIAN_POINT('Ctrl Pts',(0.7833247561805,1.601948121654,-9.488750639794));
#10508=CARTESIAN_POINT('Ctrl Pts',(0.807796781803,-1.110346136551,-9.564550727202));
#10509=CARTESIAN_POINT('Ctrl Pts',(0.8322688425335,-3.688748267973,-8.888740684233));
#10510=CARTESIAN_POINT('Ctrl Pts',(0.8574022915348,-5.997127698162,-7.52138882648));
#10511=CARTESIAN_POINT('Ctrl Pts',(0.8825357368452,-7.819012358927,-5.612321003601));
#10512=CARTESIAN_POINT('Ctrl Pts',(0.9090471099977,-9.087031505748,-3.190477512933));
#10513=CARTESIAN_POINT('Ctrl Pts',(0.9342865678734,-9.584900374319,-0.6800045588563));
#10514=CARTESIAN_POINT('Ctrl Pts',(0.9588645830856,-9.426490148926,1.756880754877));
#10515=CARTESIAN_POINT('Ctrl Pts',(0.9820646941706,-8.751865357076,3.928817039925));
#10516=CARTESIAN_POINT('Ctrl Pts',(1.006536725218,-7.529871871951,5.952403440298));
#10517=CARTESIAN_POINT('Ctrl Pts',(1.031008755818,-5.870352261947,7.590203465527));
#10518=CARTESIAN_POINT('Ctrl Pts',(1.056142197298,-3.841352599371,8.790218610474));
#10519=CARTESIAN_POINT('Ctrl Pts',(1.081275636166,-1.613349754573,9.461033501293));
#10520=CARTESIAN_POINT('Ctrl Pts',(1.107786987287,0.803665554624,9.56943300663));
#10521=CARTESIAN_POINT('Ctrl Pts',(1.133636952523,3.080478296111,9.084801717282));
#10522=CARTESIAN_POINT('Ctrl Pts',(1.159486906965,5.142530431059,8.086464909899));
#10523=CARTESIAN_POINT('Ctrl Pts',(1.184620333993,6.855049987946,6.703008258177));
#10524=CARTESIAN_POINT('Ctrl Pts',(1.211131684413,8.254401712648,4.887350578281));
#10525=CARTESIAN_POINT('Ctrl Pts',(1.237643045708,9.167839435824,2.814908795899));
#10526=CARTESIAN_POINT('Ctrl Pts',(1.264870921882,9.571937006741,0.5570916408979));
#10527=CARTESIAN_POINT('Ctrl Pts',(1.292098790881,9.439887598312,-1.706546368358));
#10528=CARTESIAN_POINT('Ctrl Pts',(1.320819427081,8.742258649727,-3.962425024687));
#10529=CARTESIAN_POINT('Ctrl Pts',(1.355488437377,7.273663971918,-6.366588937008));
#10530=CARTESIAN_POINT('Ctrl Pts',(1.397377827025,4.689258477988,-8.547871525652));
#10531=CARTESIAN_POINT('Ctrl Pts',(1.445711295621,1.033177420845,-9.704281446679));
#10532=CARTESIAN_POINT('Ctrl Pts',(1.487379866761,-2.189425267493,-9.395344240718));
#10533=CARTESIAN_POINT('Ctrl Pts',(1.521828070066,-4.590425842851,-8.39813807342));
#10534=CARTESIAN_POINT('Ctrl Pts',(1.556276234851,-6.709846146814,-6.934267482786));
#10535=CARTESIAN_POINT('Ctrl Pts',(1.600039227957,-8.720397913992,-4.361872774772));
#10536=CARTESIAN_POINT('Ctrl Pts',(1.652400452488,-9.7385651776,-0.6556733158865));
#10537=CARTESIAN_POINT('Ctrl Pts',(1.697541385461,-9.301461794185,2.563490838531));
#10538=CARTESIAN_POINT('Ctrl Pts',(1.734860242117,-8.20296766932,4.931981594662));
#10539=CARTESIAN_POINT('Ctrl Pts',(1.77080114656,-6.702407907972,6.922134210337));
#10540=CARTESIAN_POINT('Ctrl Pts',(1.815340329117,-4.224962060518,8.749440260869));
#10541=CARTESIAN_POINT('Ctrl Pts',(1.867701565479,-0.7846522135686,9.694070355921));
#10542=CARTESIAN_POINT('Ctrl Pts',(1.92293341594,2.89362716709,9.297646869483));
#10543=CARTESIAN_POINT('Ctrl Pts',(1.97816531049,6.10662916752,7.574077794664));
#10544=CARTESIAN_POINT('Ctrl Pts',(2.034889929604,8.473525420404,4.766691996894));
#10545=CARTESIAN_POINT('Ctrl Pts',(2.09161450079,9.640558837625,1.337569646741));
#10546=CARTESIAN_POINT('Ctrl Pts',(2.140517135161,9.476870631188,-1.729009218652));
#10547=CARTESIAN_POINT('Ctrl Pts',(2.180945828131,8.657228388887,-4.065895550819));
#10548=CARTESIAN_POINT('Ctrl Pts',(2.217231916348,7.525757568705,-5.959588982179));
#10549=CARTESIAN_POINT('Ctrl Pts',(2.259962104053,5.693739685518,-7.78197074592));
#10550=CARTESIAN_POINT('Ctrl Pts',(2.308295471815,3.133853003027,-9.127164250479));
#10551=CARTESIAN_POINT('Ctrl Pts',(2.359278667429,0.1689002482706,-9.657774596791));
#10552=CARTESIAN_POINT('Ctrl Pts',(2.410261882937,-2.781462841829,-9.24569768467));
#10553=CARTESIAN_POINT('Ctrl Pts',(2.462622985124,-5.496342966791,-7.933516473863));
#10554=CARTESIAN_POINT('Ctrl Pts',(2.514984106413,-7.662578179386,-5.881804722237));
#10555=CARTESIAN_POINT('Ctrl Pts',(2.570215857821,-9.142322620483,-3.148831287781));
#10556=CARTESIAN_POINT('Ctrl Pts',(2.624069724449,-9.651064609967,-0.1949552342872));
#10557=CARTESIAN_POINT('Ctrl Pts',(2.677923541678,-9.24349686089,2.726839494355));
#10558=CARTESIAN_POINT('Ctrl Pts',(2.730284618747,-8.054293791284,5.306352107207));
#10559=CARTESIAN_POINT('Ctrl Pts',(2.7855163391,-6.071368145779,7.506095022848));
#10560=CARTESIAN_POINT('Ctrl Pts',(2.840748087708,-3.53646759611,8.979047828002));
#10561=CARTESIAN_POINT('Ctrl Pts',(2.897472529031,-0.6372620771141,9.626095892807));
#10562=CARTESIAN_POINT('Ctrl Pts',(2.954197002,2.294116572744,9.379008447332));
#10563=CARTESIAN_POINT('Ctrl Pts',(3.014031303279,5.123538699613,8.19543626615));
#10564=CARTESIAN_POINT('Ctrl Pts',(3.070994997589,7.300701783574,6.294166957508));
#10565=CARTESIAN_POINT('Ctrl Pts',(3.12646588032,8.76796747336,3.944785213461));
#10566=CARTESIAN_POINT('Ctrl Pts',(3.17882687634,9.509916395286,1.460613094324));
#10567=CARTESIAN_POINT('Ctrl Pts',(3.234058521311,9.548312112571,-1.246529875488));
#10568=CARTESIAN_POINT('Ctrl Pts',(3.289290182354,8.830779953106,-3.832507304057));
#10569=CARTESIAN_POINT('Ctrl Pts',(3.346014540524,7.401597414357,-6.151554530572));
#10570=CARTESIAN_POINT('Ctrl Pts',(3.402738925825,5.405864105907,-7.971480866961));
#10571=CARTESIAN_POINT('Ctrl Pts',(3.462573145702,2.869134922651,-9.20330470746));
#10572=CARTESIAN_POINT('Ctrl Pts',(3.520914660267,0.1767595572246,-9.625630237754));
#10573=CARTESIAN_POINT('Ctrl Pts',(3.579256121743,-2.491526188774,-9.286188670528));
#10574=CARTESIAN_POINT('Ctrl Pts',(3.635980454248,-4.886328685852,-8.288520315303));
#10575=CARTESIAN_POINT('Ctrl Pts',(3.695814631484,-7.009028126615,-6.603326396304));
#10576=CARTESIAN_POINT('Ctrl Pts',(3.755648837422,-8.558805949418,-4.407473594528));
#10577=CARTESIAN_POINT('Ctrl Pts',(3.817100126827,-9.449570737985,-1.827746656951));
#10578=CARTESIAN_POINT('Ctrl Pts',(3.87855144606,-9.592369899227,0.875530921453));
#10579=CARTESIAN_POINT('Ctrl Pts',(3.943371723003,-8.93345112868,3.62514431467));
#10580=CARTESIAN_POINT('Ctrl Pts',(4.002432360429,-7.636577059947,5.825749107295));
#10581=CARTESIAN_POINT('Ctrl Pts',(4.057005115962,-5.989048122891,7.466219519828));
#10582=CARTESIAN_POINT('Ctrl Pts',(4.10533818771,-4.267706721966,8.572669913839));
#10583=CARTESIAN_POINT('Ctrl Pts',(4.1563210747,-2.256620130524,9.31205774147));
#10584=CARTESIAN_POINT('Ctrl Pts',(4.207303977797,-0.1448286028774,9.57919836465));
#10585=CARTESIAN_POINT('Ctrl Pts',(4.259664755719,2.012273196814,9.365440107986));
#10586=CARTESIAN_POINT('Ctrl Pts',(4.312025554486,4.055383412463,8.684072556825));
#10587=CARTESIAN_POINT('Ctrl Pts',(4.367256961388,5.974917030812,7.501531943057));
#10588=CARTESIAN_POINT('Ctrl Pts',(4.421110484678,7.51125624769,5.95007116848));
#10589=CARTESIAN_POINT('Ctrl Pts',(4.47496396503,8.647569644817,4.109947198154));
#10590=CARTESIAN_POINT('Ctrl Pts',(4.527324711085,9.337939234951,2.137505783737));
#10591=CARTESIAN_POINT('Ctrl Pts',(4.582556084782,9.585000546855,-0.03678828302131));
#10592=CARTESIAN_POINT('Ctrl Pts',(4.637787468873,9.328810579178,-2.195699642605));
#10593=CARTESIAN_POINT('Ctrl Pts',(4.694511551802,8.574985057959,-4.277298652339));
#10594=CARTESIAN_POINT('Ctrl Pts',(4.751235652293,7.378159643861,-6.123012169931));
#10595=CARTESIAN_POINT('Ctrl Pts',(4.811069575202,5.709671998587,-7.710163341059));
#10596=CARTESIAN_POINT('Ctrl Pts',(4.868032880534,3.816917354719,-8.786916427642));
#10597=CARTESIAN_POINT('Ctrl Pts',(4.92350339399,1.807580928191,-9.393950314212));
#10598=CARTESIAN_POINT('Ctrl Pts',(4.975864049335,-0.1545998968191,-9.569474014278));
#10599=CARTESIAN_POINT('Ctrl Pts',(5.031095322818,-2.203380102562,-9.318849022657));
#10600=CARTESIAN_POINT('Ctrl Pts',(5.086326605227,-4.13748992398,-8.63456868762));
#10601=CARTESIAN_POINT('Ctrl Pts',(5.14305058962,-5.912399567612,-7.529929937858));
#10602=CARTESIAN_POINT('Ctrl Pts',(5.199774583327,-7.401406346677,-6.080204447497));
#10603=CARTESIAN_POINT('Ctrl Pts',(5.259608400575,-8.587788612916,-4.255223248217));
#10604=CARTESIAN_POINT('Ctrl Pts',(5.317949504512,-9.303745051817,-2.271346840845));
#10605=CARTESIAN_POINT('Ctrl Pts',(5.376290560957,-9.567689214668,-0.1975881573447));
#10606=CARTESIAN_POINT('Ctrl Pts',(5.433014494205,-9.400515298275,1.816374137657));
#10607=CARTESIAN_POINT('Ctrl Pts',(5.492848256482,-8.776594412857,3.839579530346));
#10608=CARTESIAN_POINT('Ctrl Pts',(5.552682029579,-7.725456530626,5.662663465472));
#10609=CARTESIAN_POINT('Ctrl Pts',(5.614132898229,-6.271529923765,7.238566722796));
#10610=CARTESIAN_POINT('Ctrl Pts',(5.675583735987,-4.518273207474,8.450598212302));
#10611=CARTESIAN_POINT('Ctrl Pts',(5.74040364264,-2.442717707577,9.27206873803));
#10612=CARTESIAN_POINT('Ctrl Pts',(5.818648394139,0.2085238458925,9.649003201367));
#10613=CARTESIAN_POINT('Ctrl Pts',(5.913188901983,3.399413391114,9.117557454589));
#10614=CARTESIAN_POINT('Ctrl Pts',(6.022273031874,6.562995391358,7.201649153248));
#10615=CARTESIAN_POINT('Ctrl Pts',(6.116315166172,8.434250674054,4.669469264719));
#10616=CARTESIAN_POINT('Ctrl Pts',(6.194061566456,9.293932634583,2.274245221795));
#10617=CARTESIAN_POINT('Ctrl Pts',(6.271807728431,9.641695835499,-0.2327114652062));
#10618=CARTESIAN_POINT('Ctrl Pts',(6.370576677435,9.127737372218,-3.416198349991));
#10619=CARTESIAN_POINT('Ctrl Pts',(6.488750858892,7.12347249284,-6.671382095612));
#10620=CARTESIAN_POINT('Ctrl Pts',(6.590629654973,4.469195158297,-8.552365918182));
#10621=CARTESIAN_POINT('Ctrl Pts',(6.674854706286,1.972237685196,-9.367183761161));
#10622=CARTESIAN_POINT('Ctrl Pts',(6.755969702614,-0.5301206064113,-9.623544972588));
#10623=CARTESIAN_POINT('Ctrl Pts',(6.856490290944,-3.594790139923,-9.034167971255));
#10624=CARTESIAN_POINT('Ctrl Pts',(6.974664196406,-6.669516133018,-7.092398589846));
#10625=CARTESIAN_POINT('Ctrl Pts',(7.076542718368,-8.478834493134,-4.578821359164));
#10626=CARTESIAN_POINT('Ctrl Pts',(7.160767584229,-9.306191407067,-2.214536876973));
#10627=CARTESIAN_POINT('Ctrl Pts',(7.244992184224,-9.636716476926,0.2550200708508));
#10628=CARTESIAN_POINT('Ctrl Pts',(7.351991354503,-9.130143388643,3.388482446422));
#10629=CARTESIAN_POINT('Ctrl Pts',(7.480012719601,-7.175090999762,6.604491535292));
#10630=CARTESIAN_POINT('Ctrl Pts',(7.590380902329,-4.582721203419,8.487153270286));
#10631=CARTESIAN_POINT('Ctrl Pts',(7.681624161897,-2.135198677793,9.329309088717));
#10632=CARTESIAN_POINT('Ctrl Pts',(7.760868144492,0.0839887412174,9.599092659898));
#10633=CARTESIAN_POINT('Ctrl Pts',(7.851785153685,2.618242720099,9.271545455436));
#10634=CARTESIAN_POINT('Ctrl Pts',(7.952477305682,5.185184329463,8.129556426403));
#10635=CARTESIAN_POINT('Ctrl Pts',(8.058689685653,7.397995333108,6.199213709514));
#10636=CARTESIAN_POINT('Ctrl Pts',(8.164902149645,8.908345589748,3.707273479481));
#10637=CARTESIAN_POINT('Ctrl Pts',(8.273985008441,9.610380050174,0.8325553722533));
#10638=CARTESIAN_POINT('Ctrl Pts',(8.383067917382,9.424557488592,-2.09837794038));
#10639=CARTESIAN_POINT('Ctrl Pts',(8.498131006104,8.300075217789,-4.953131698515));
#10640=CARTESIAN_POINT('Ctrl Pts',(8.610323634599,6.394314999552,-7.228126835932));
#10641=CARTESIAN_POINT('Ctrl Pts',(8.722516010517,3.923481939877,-8.800737096866));
#10642=CARTESIAN_POINT('Ctrl Pts',(8.831598597243,1.203159103176,-9.568784225416));
#10643=CARTESIAN_POINT('Ctrl Pts',(8.946661394386,-1.750001420971,-9.493817215177));
#10644=CARTESIAN_POINT('Ctrl Pts',(9.061724257429,-4.51744461758,-8.528089629841));
#10645=CARTESIAN_POINT('Ctrl Pts',(9.179896689526,-6.899565831873,-6.743911792497));
#10646=CARTESIAN_POINT('Ctrl Pts',(9.298069163908,-8.623766443335,-4.346146820184));
#10647=CARTESIAN_POINT('Ctrl Pts',(9.422720079458,-9.564346706989,-1.407992725415));
#10648=CARTESIAN_POINT('Ctrl Pts',(9.541390808507,-9.523622810406,1.504761230624));
#10649=CARTESIAN_POINT('Ctrl Pts',(9.656951428357,-8.667482231157,4.166237332431));
#10650=CARTESIAN_POINT('Ctrl Pts',(9.766033312621,-7.227280237005,6.355455026244));
#10651=CARTESIAN_POINT('Ctrl Pts',(9.881095394372,-5.148821282032,8.141079963971));
#10652=CARTESIAN_POINT('Ctrl Pts',(9.996157503109,-2.666990586233,9.253457012922));
#10653=CARTESIAN_POINT('Ctrl Pts',(10.1143291613,0.0713305007991,9.627696906885));
#10654=CARTESIAN_POINT('Ctrl Pts',(10.23250083832,2.784950237501,9.224657080313));
#10655=CARTESIAN_POINT('Ctrl Pts',(10.35715093667,5.379923214413,8.005146524883));
#10656=CARTESIAN_POINT('Ctrl Pts',(10.47869137999,7.42678717746,6.133202782491));
#10657=CARTESIAN_POINT('Ctrl Pts',(10.60023150679,8.841936216576,3.787431202251));
#10658=CARTESIAN_POINT('Ctrl Pts',(10.71840271823,9.546387318234,1.238675001524));
#10659=CARTESIAN_POINT('Ctrl Pts',(10.84305237243,9.513394852913,-1.525465495195));
#10660=CARTESIAN_POINT('Ctrl Pts',(10.96770206081,8.695450868208,-4.143697177869));
#10661=CARTESIAN_POINT('Ctrl Pts',(11.0957203502,7.143530034104,-6.458123770923));
#10662=CARTESIAN_POINT('Ctrl Pts',(11.22373867359,5.01891686715,-8.228080042559));
#10663=CARTESIAN_POINT('Ctrl Pts',(11.3587751313,2.358289243997,-9.354487360806));
#10664=CARTESIAN_POINT('Ctrl Pts',(11.48446261262,-0.2964640032387,-9.612148157392));
#10665=CARTESIAN_POINT('Ctrl Pts',(11.60367105026,-2.752676333607,-9.183945525868));
#10666=CARTESIAN_POINT('Ctrl Pts',(11.71275121801,-4.8338194471,-8.286476627975));
#10667=CARTESIAN_POINT('Ctrl Pts',(11.82781146328,-6.723031264634,-6.852468438509));
#10668=CARTESIAN_POINT('Ctrl Pts',(11.94287169096,-8.18780848487,-5.00821971561));
#10669=CARTESIAN_POINT('Ctrl Pts',(12.06104140719,-9.171811664047,-2.82343270331));
#10670=CARTESIAN_POINT('Ctrl Pts',(12.17921109818,-9.590612184475,-0.4811288814958));
#10671=CARTESIAN_POINT('Ctrl Pts',(12.30385908781,-9.399211757355,2.000286267942));
#10672=CARTESIAN_POINT('Ctrl Pts',(12.42539740864,-8.597310341629,4.27148478923));
#10673=CARTESIAN_POINT('Ctrl Pts',(12.54693539548,-7.272542601883,6.251714665339));
#10674=CARTESIAN_POINT('Ctrl Pts',(12.66510449525,-5.578438989103,7.808032436972));
#10675=CARTESIAN_POINT('Ctrl Pts',(12.78975188489,-3.463543289938,8.956262146889));
#10676=CARTESIAN_POINT('Ctrl Pts',(12.91439926643,-1.145302387516,9.532227904952));
#10677=CARTESIAN_POINT('Ctrl Pts',(13.0424151492,1.283822223245,9.512941748621));
#10678=CARTESIAN_POINT('Ctrl Pts',(13.17043101358,3.615662278618,8.898884525018));
#10679=CARTESIAN_POINT('Ctrl Pts',(13.30546486652,5.810094461352,7.657862356322));
#10680=CARTESIAN_POINT('Ctrl Pts',(13.43402029681,7.502177208076,5.982514975778));
#10681=CARTESIAN_POINT('Ctrl Pts',(13.55920646557,8.692150251133,4.024902080536));
#10682=CARTESIAN_POINT('Ctrl Pts',(13.67737421878,9.375268121269,1.98869447022));
#10683=CARTESIAN_POINT('Ctrl Pts',(13.80202017679,9.586424635073,-0.2486241710434));
#10684=CARTESIAN_POINT('Ctrl Pts',(13.92666607586,9.268010507711,-2.456632262896));
#10685=CARTESIAN_POINT('Ctrl Pts',(14.05468043241,8.429691079981,-4.565650443634));
#10686=CARTESIAN_POINT('Ctrl Pts',(14.18269471781,7.135834108289,-6.41008373188));
#10687=CARTESIAN_POINT('Ctrl Pts',(14.31772691817,5.362218542358,-7.960902094487));
#10688=CARTESIAN_POINT('Ctrl Pts',(14.44939032944,3.329976350563,-8.992900543947));
#10689=CARTESIAN_POINT('Ctrl Pts',(14.58105328758,1.136285225239,-9.513313471757));
#10690=CARTESIAN_POINT('Ctrl Pts',(14.70906665139,-1.039816973229,-9.529481267462));
#10691=CARTESIAN_POINT('Ctrl Pts',(14.84409790079,-3.258256671348,-9.021531982581));
#10692=CARTESIAN_POINT('Ctrl Pts',(14.97912906542,-5.276251148466,-8.008274289208));
#10693=CARTESIAN_POINT('Ctrl Pts',(15.11780924495,-7.027527919092,-6.523540733962));
#10694=CARTESIAN_POINT('Ctrl Pts',(15.2564893323,-8.372533326849,-4.684911613838));
#10695=CARTESIAN_POINT('Ctrl Pts',(15.43412274516,-9.467415818624,-2.009132304968));
#10696=CARTESIAN_POINT('Ctrl Pts',(15.56431366173,-9.591805119113,0.1104226274555));
#10697=CARTESIAN_POINT('Ctrl Pts',(15.64705956214,-9.393757962153,1.405184914465));
#10698=CARTESIAN_POINT('Ctrl Pts',(0.3810336877018,-1.438584766458,8.993398852791));
#10699=CARTESIAN_POINT('Ctrl Pts',(0.3913759072864,-0.05900800361386,9.216141479061));
#10700=CARTESIAN_POINT('Ctrl Pts',(0.4090589385594,2.325387919096,9.033044284001));
#10701=CARTESIAN_POINT('Ctrl Pts',(0.4340635006463,5.243035629692,7.621441266638));
#10702=CARTESIAN_POINT('Ctrl Pts',(0.4566529085796,7.321473533103,5.662835783744));
#10703=CARTESIAN_POINT('Ctrl Pts',(0.4792436753284,8.670334091828,3.218967210898));
#10704=CARTESIAN_POINT('Ctrl Pts',(0.502442899543,9.230184884793,0.4809012839871));
#10705=CARTESIAN_POINT('Ctrl Pts',(0.5256442905519,8.970807055283,-2.243921810595));
#10706=CARTESIAN_POINT('Ctrl Pts',(0.5501154986657,7.881202790097,-4.847929338588));
#10707=CARTESIAN_POINT('Ctrl Pts',(0.5739790183882,6.136375913405,-6.903267949857));
#10708=CARTESIAN_POINT('Ctrl Pts',(0.5978391371558,3.932201177962,-8.341141662762));
#10709=CARTESIAN_POINT('Ctrl Pts',(0.6210405944173,1.534569839935,-9.09763547087));
#10710=CARTESIAN_POINT('Ctrl Pts',(0.6455116681966,-1.065771461302,-9.169944141648));
#10711=CARTESIAN_POINT('Ctrl Pts',(0.6699855441142,-3.537920590946,-8.521607625673));
#10712=CARTESIAN_POINT('Ctrl Pts',(0.6951180533454,-5.750816581794,-7.21036673912));
#10713=CARTESIAN_POINT('Ctrl Pts',(0.7202523880232,-7.497352348107,-5.379717802651));
#10714=CARTESIAN_POINT('Ctrl Pts',(0.7467633386498,-8.712710448083,-3.057619015312));
#10715=CARTESIAN_POINT('Ctrl Pts',(0.7720046114091,-9.189716717909,-0.6504318774602));
#10716=CARTESIAN_POINT('Ctrl Pts',(0.7965809859083,-9.037455722624,1.685758663898));
#10717=CARTESIAN_POINT('Ctrl Pts',(0.8197824985311,-8.390318152763,3.768153851745));
#10718=CARTESIAN_POINT('Ctrl Pts',(0.8442541771938,-7.218410146439,5.708053688593));
#10719=CARTESIAN_POINT('Ctrl Pts',(0.8687270304815,-5.627033087402,7.278100352424));
#10720=CARTESIAN_POINT('Ctrl Pts',(0.8938601738217,-3.681550936019,8.428299764586));
#10721=CARTESIAN_POINT('Ctrl Pts',(0.9189946583894,-1.545239143602,9.071097725702));
#10722=CARTESIAN_POINT('Ctrl Pts',(0.9455050483942,0.7720212683381,9.174642009227));
#10723=CARTESIAN_POINT('Ctrl Pts',(0.9713568962655,2.955009890164,8.709586012337));
#10724=CARTESIAN_POINT('Ctrl Pts',(0.9972056332381,4.931751285822,7.752120335375));
#10725=CARTESIAN_POINT('Ctrl Pts',(1.022340309896,6.573493180945,6.42537184569));
#10726=CARTESIAN_POINT('Ctrl Pts',(1.048851258193,7.914793840548,4.684384398247));
#10727=CARTESIAN_POINT('Ctrl Pts',(1.075363429005,8.790241089438,2.697200277369));
#10728=CARTESIAN_POINT('Ctrl Pts',(1.102591042579,9.177257123657,0.5324545139611));
#10729=CARTESIAN_POINT('Ctrl Pts',(1.129819666366,9.050264228329,-1.637864544334));
#10730=CARTESIAN_POINT('Ctrl Pts',(1.15854115185,8.380954667956,-3.800628909395));
#10731=CARTESIAN_POINT('Ctrl Pts',(1.193207603412,6.972625593804,-6.105214353737));
#10732=CARTESIAN_POINT('Ctrl Pts',(1.235101270654,4.494171923669,-8.196275774798));
#10733=CARTESIAN_POINT('Ctrl Pts',(1.283432784173,0.9887740818151,-9.304276691081));
#10734=CARTESIAN_POINT('Ctrl Pts',(1.325106438212,-2.101216370961,-9.007354837064));
#10735=CARTESIAN_POINT('Ctrl Pts',(1.359550663224,-4.402703556364,-8.050884523126));
#10736=CARTESIAN_POINT('Ctrl Pts',(1.393997923366,-6.43439488734,-6.64705306746));
#10737=CARTESIAN_POINT('Ctrl Pts',(1.43776434759,-8.361670139198,-4.18016135273));
#10738=CARTESIAN_POINT('Ctrl Pts',(1.490123937265,-9.337081472457,-0.6267008506951));
#10739=CARTESIAN_POINT('Ctrl Pts',(1.535270869581,-8.917212570884,2.459993538902));
#10740=CARTESIAN_POINT('Ctrl Pts',(1.572584616368,-7.863641085344,4.730229364805));
#10741=CARTESIAN_POINT('Ctrl Pts',(1.608525713702,-6.424585135147,6.638023916985));
#10742=CARTESIAN_POINT('Ctrl Pts',(1.653067106831,-4.048799015562,8.389531021092));
#10743=CARTESIAN_POINT('Ctrl Pts',(1.705429685901,-0.7500838283086,9.294434649989));
#10744=CARTESIAN_POINT('Ctrl Pts',(1.760659806414,2.77629818871,8.913572070487));
#10745=CARTESIAN_POINT('Ctrl Pts',(1.815896113683,5.856628944887,7.260212690269));
#10746=CARTESIAN_POINT('Ctrl Pts',(1.872617558748,8.125097701283,4.56820249946));
#10747=CARTESIAN_POINT('Ctrl Pts',(1.929343719332,9.243326520932,1.280161382667));
#10748=CARTESIAN_POINT('Ctrl Pts',(1.978252007176,9.085533648647,-1.660241849188));
#10749=CARTESIAN_POINT('Ctrl Pts',(2.018675167848,8.299223647153,-3.900218627259));
#10750=CARTESIAN_POINT('Ctrl Pts',(2.054963024767,7.213933964925,-5.715640890123));
#10751=CARTESIAN_POINT('Ctrl Pts',(2.097693549622,5.457002797372,-7.462421736177));
#10752=CARTESIAN_POINT('Ctrl Pts',(2.146027858949,3.002316642015,-8.751519847785));
#10753=CARTESIAN_POINT('Ctrl Pts',(2.197011043141,0.1595154403865,-9.259509827191));
#10754=CARTESIAN_POINT('Ctrl Pts',(2.247996342446,-2.669170958394,-8.863649904875));
#10755=CARTESIAN_POINT('Ctrl Pts',(2.300356006794,-5.271669588017,-7.604922415226));
#10756=CARTESIAN_POINT('Ctrl Pts',(2.352719688674,-7.348127100812,-5.637175377144));
#10757=CARTESIAN_POINT('Ctrl Pts',(2.407949979675,-8.766093565064,-3.016596201056));
#10758=CARTESIAN_POINT('Ctrl Pts',(2.461808296849,-9.253079365443,-0.1841797717856));
#10759=CARTESIAN_POINT('Ctrl Pts',(2.515658699219,-8.861545512933,2.616819815295));
#10760=CARTESIAN_POINT('Ctrl Pts',(2.568023029326,-7.720620675955,5.089768415325));
#10761=CARTESIAN_POINT('Ctrl Pts',(2.623252742476,-5.818941083716,7.198170599667));
#10762=CARTESIAN_POINT('Ctrl Pts',(2.678488819095,-3.387984767831,8.609764324809));
#10763=CARTESIAN_POINT('Ctrl Pts',(2.7352102241,-0.6083149067238,9.22926147618));
#10764=CARTESIAN_POINT('Ctrl Pts',(2.79193830133,2.20226205755,8.991514444292));
#10765=CARTESIAN_POINT('Ctrl Pts',(2.851769618675,4.914524480473,7.856009216178));
#10766=CARTESIAN_POINT('Ctrl Pts',(2.908739405806,7.001549752035,6.032315705493));
#10767=CARTESIAN_POINT('Ctrl Pts',(2.964206504933,8.407490484204,3.779541868468));
#10768=CARTESIAN_POINT('Ctrl Pts',(3.016570520458,9.118148918275,1.397475759248));
#10769=CARTESIAN_POINT('Ctrl Pts',(3.071800908329,9.154145250305,-1.197971628188));
#10770=CARTESIAN_POINT('Ctrl Pts',(3.127036323171,8.465359855257,-3.67723697211));
#10771=CARTESIAN_POINT('Ctrl Pts',(3.183757808874,7.094473264164,-5.900081115256));
#10772=CARTESIAN_POINT('Ctrl Pts',(3.240485585765,5.180379228512,-7.644433062605));
#10773=CARTESIAN_POINT('Ctrl Pts',(3.300317820018,2.747967357821,-8.824623227159));
#10774=CARTESIAN_POINT('Ctrl Pts',(3.358663794539,0.1663060256442,-9.228699066929));
#10775=CARTESIAN_POINT('Ctrl Pts',(3.417002605458,-2.391703191691,-8.902410832161));
#10776=CARTESIAN_POINT('Ctrl Pts',(3.473730551325,-4.687556598487,-7.945057066587));
#10777=CARTESIAN_POINT('Ctrl Pts',(3.53356285513,-6.722091780258,-6.328719277148));
#10778=CARTESIAN_POINT('Ctrl Pts',(3.593400904333,-8.207315991746,-4.222785533894));
#10779=CARTESIAN_POINT('Ctrl Pts',(3.65484989217,-9.060446131832,-1.749249029204));
#10780=CARTESIAN_POINT('Ctrl Pts',(3.716304976218,-9.196445798904,0.8427354499208));
#10781=CARTESIAN_POINT('Ctrl Pts',(3.781121689254,-8.563822762406,3.478584398451));
#10782=CARTESIAN_POINT('Ctrl Pts',(3.840189734767,-7.319510729261,5.588238086649));
#10783=CARTESIAN_POINT('Ctrl Pts',(3.894757521623,-5.739501206888,7.160319399929));
#10784=CARTESIAN_POINT('Ctrl Pts',(3.943094150191,-4.088655332448,8.220624531033));
#10785=CARTESIAN_POINT('Ctrl Pts',(3.994075403158,-2.160314539073,8.928783238524));
#10786=CARTESIAN_POINT('Ctrl Pts',(4.045061473074,-0.1354025010218,9.184176407071));
#10787=CARTESIAN_POINT('Ctrl Pts',(4.0974205301,1.932586003402,8.978470179848));
#10788=CARTESIAN_POINT('Ctrl Pts',(4.149784359278,3.891298715982,8.324434944889));
#10789=CARTESIAN_POINT('Ctrl Pts',(4.205014107845,5.73117824993,7.190006586804));
#10790=CARTESIAN_POINT('Ctrl Pts',(4.258870847404,7.203677014749,5.701887345491));
#10791=CARTESIAN_POINT('Ctrl Pts',(4.312723092256,8.292417037958,3.9372790189));
#10792=CARTESIAN_POINT('Ctrl Pts',(4.365085867118,8.953613344579,2.045863215279));
#10793=CARTESIAN_POINT('Ctrl Pts',(4.420316914347,9.189673752827,-0.03883403209939));
#10794=CARTESIAN_POINT('Ctrl Pts',(4.475550861782,8.943222238748,-2.108701126049));
#10795=CARTESIAN_POINT('Ctrl Pts',(4.532273444663,8.219721238941,-4.104107129519));
#10796=CARTESIAN_POINT('Ctrl Pts',(4.58900033606,7.071499766356,-5.873326881161));
#10797=CARTESIAN_POINT('Ctrl Pts',(4.648833071594,5.471252529336,-7.394349319709));
#10798=CARTESIAN_POINT('Ctrl Pts',(4.705800103669,3.656024844735,-8.426023309218));
#10799=CARTESIAN_POINT('Ctrl Pts',(4.761268452708,1.729402532088,-9.007209662296));
#10800=CARTESIAN_POINT('Ctrl Pts',(4.813631863653,-0.1520170825477,-9.174740157963));
#10801=CARTESIAN_POINT('Ctrl Pts',(4.868862497447,-2.116174196018,-8.933642367097));
#10802=CARTESIAN_POINT('Ctrl Pts',(4.924096124999,-3.970318613583,-8.276787565709));
#10803=CARTESIAN_POINT('Ctrl Pts',(4.98081922776,-5.671554153733,-7.217016167126));
#10804=CARTESIAN_POINT('Ctrl Pts',(5.037545726475,-7.098626406792,-5.826422430228));
#10805=CARTESIAN_POINT('Ctrl Pts',(5.097378749894,-8.235321921916,-4.076254227379));
#10806=CARTESIAN_POINT('Ctrl Pts',(5.155722945072,-8.920971884856,-2.173806940231));
#10807=CARTESIAN_POINT('Ctrl Pts',(5.214062628197,-9.173166477836,-0.1855189972873));
#10808=CARTESIAN_POINT('Ctrl Pts',(5.270789018488,-9.012048295291,1.745392517679));
#10809=CARTESIAN_POINT('Ctrl Pts',(5.330621897314,-8.413027740991,3.684862667025));
#10810=CARTESIAN_POINT('Ctrl Pts',(5.390458769302,-7.404425518903,5.432404584373));
#10811=CARTESIAN_POINT('Ctrl Pts',(5.451908637677,-6.009818985477,6.94266426315));
#10812=CARTESIAN_POINT('Ctrl Pts',(5.513361276264,-4.328316023014,8.104007441674));
#10813=CARTESIAN_POINT('Ctrl Pts',(5.578183831769,-2.337924689925,8.890714981713));
#10814=CARTESIAN_POINT('Ctrl Pts',(5.656422757595,0.2039328302226,9.250956145832));
#10815=CARTESIAN_POINT('Ctrl Pts',(5.75097241202,3.263278357029,8.740018306749));
#10816=CARTESIAN_POINT('Ctrl Pts',(5.860053163701,6.295466460043,6.901788605797));
#10817=CARTESIAN_POINT('Ctrl Pts',(5.954106989588,8.088600039797,4.472888696255));
#10818=CARTESIAN_POINT('Ctrl Pts',(6.031845867485,8.911618622453,2.17628650177));
#10819=CARTESIAN_POINT('Ctrl Pts',(6.109589654492,9.243950463648,-0.2273447211487));
#10820=CARTESIAN_POINT('Ctrl Pts',(6.208368447779,8.749677340691,-3.279594239094));
#10821=CARTESIAN_POINT('Ctrl Pts',(6.326537537227,6.826665604648,-6.399493908021));
#10822=CARTESIAN_POINT('Ctrl Pts',(6.428431518646,4.28057171816,-8.201868952109));
#10823=CARTESIAN_POINT('Ctrl Pts',(6.51264570332,1.886524135492,-8.981749944514));
#10824=CARTESIAN_POINT('Ctrl Pts',(6.593761607739,-0.5127663602641,-9.226406574898));
#10825=CARTESIAN_POINT('Ctrl Pts',(6.69428882469,-3.450941144306,-8.659808633625));
#10826=CARTESIAN_POINT('Ctrl Pts',(6.812459413309,-6.397856188081,-6.796711706869));
#10827=CARTESIAN_POINT('Ctrl Pts',(6.914350993742,-8.131503155131,-4.385582330277));
#10828=CARTESIAN_POINT('Ctrl Pts',(6.998567900435,-8.923444777003,-2.118615290344));
#10829=CARTESIAN_POINT('Ctrl Pts',(7.082790731479,-9.239153390926,0.2491906266468));
#10830=CARTESIAN_POINT('Ctrl Pts',(7.189799510662,-8.751843479222,3.253421648222));
#10831=CARTESIAN_POINT('Ctrl Pts',(7.317815961743,-6.875885590194,6.335719297676));
#10832=CARTESIAN_POINT('Ctrl Pts',(7.428201607036,-4.389036274778,8.139613107273));
#10833=CARTESIAN_POINT('Ctrl Pts',(7.519431005452,-2.042385058282,8.945608741381));
#10834=CARTESIAN_POINT('Ctrl Pts',(7.598681580957,0.08558528914785,9.203161344593));
#10835=CARTESIAN_POINT('Ctrl Pts',(7.689598282181,2.515137167558,8.887775439499));
#10836=CARTESIAN_POINT('Ctrl Pts',(7.790295004089,4.975701990628,7.791473473264));
#10837=CARTESIAN_POINT('Ctrl Pts',(7.896505230546,7.096178466721,5.939605734437));
#10838=CARTESIAN_POINT('Ctrl Pts',(8.002726017672,8.542986314266,3.549437610842));
#10839=CARTESIAN_POINT('Ctrl Pts',(8.111804298417,9.214463885358,0.7930177600641));
#10840=CARTESIAN_POINT('Ctrl Pts',(8.220895309828,9.034676052807,-2.017128077364));
#10841=CARTESIAN_POINT('Ctrl Pts',(8.335953720575,7.955035334262,-4.753409283588));
#10842=CARTESIAN_POINT('Ctrl Pts',(8.448157943362,6.126404627557,-6.933713746759));
#10843=CARTESIAN_POINT('Ctrl Pts',(8.560343249055,3.756733316758,-8.439955485738));
#10844=CARTESIAN_POINT('Ctrl Pts',(8.669435059571,1.147959153195,-9.174838461686));
#10845=CARTESIAN_POINT('Ctrl Pts',(8.784493755118,-1.683257714491,-9.101256862232));
#10846=CARTESIAN_POINT('Ctrl Pts',(8.899566061941,-4.336205158884,-8.173672229248));
#10847=CARTESIAN_POINT('Ctrl Pts',(9.017734169455,-6.618941386712,-6.461738376389));
#10848=CARTESIAN_POINT('Ctrl Pts',(9.135915528514,-8.270717504355,-4.161677445695));
#10849=CARTESIAN_POINT('Ctrl Pts',(9.26056111901,-9.17072035194,-1.344263391955));
#10850=CARTESIAN_POINT('Ctrl Pts',(9.379246094381,-9.129887957943,1.448658611635));
#10851=CARTESIAN_POINT('Ctrl Pts',(9.494798034587,-8.307479097691,3.999637296001));
#10852=CARTESIAN_POINT('Ctrl Pts',(9.603889288166,-6.925227177035,6.097857441287));
#10853=CARTESIAN_POINT('Ctrl Pts',(9.718948259819,-4.931433041069,7.808492461625));
#10854=CARTESIAN_POINT('Ctrl Pts',(9.834019353434,-2.551086976058,8.873511661271));
#10855=CARTESIAN_POINT('Ctrl Pts',(9.952187304806,0.07444590048846,9.230567454734));
#10856=CARTESIAN_POINT('Ctrl Pts',(10.07036723461,2.676059246574,8.842392983904));
#10857=CARTESIAN_POINT('Ctrl Pts',(10.19501380698,5.16315140491,7.671550378732));
#10858=CARTESIAN_POINT('Ctrl Pts',(10.31656609319,7.124555530223,5.875305122411));
#10859=CARTESIAN_POINT('Ctrl Pts',(10.43810028732,8.479720786515,3.625465083321));
#10860=CARTESIAN_POINT('Ctrl Pts',(10.55628067817,9.153490120162,1.181185195407));
#10861=CARTESIAN_POINT('Ctrl Pts',(10.6809278196,9.120011304345,-1.468872597508));
#10862=CARTESIAN_POINT('Ctrl Pts',(10.80558702765,8.333978021974,-3.978747646907));
#10863=CARTESIAN_POINT('Ctrl Pts',(10.93360176823,6.844533610641,-6.196596406477));
#10864=CARTESIAN_POINT('Ctrl Pts',(11.06162965438,4.806188893301,-7.892211055682));
#10865=CARTESIAN_POINT('Ctrl Pts',(11.19666175541,2.254606216658,-8.970297035093));
#10866=CARTESIAN_POINT('Ctrl Pts',(11.32236442579,-0.2911355205843,-9.215485093819));
#10867=CARTESIAN_POINT('Ctrl Pts',(11.44156451174,-2.645563396589,-8.803229937348));
#10868=CARTESIAN_POINT('Ctrl Pts',(11.55065460927,-4.640414583506,-7.941233600086));
#10869=CARTESIAN_POINT('Ctrl Pts',(11.66571273721,-6.450637944353,-6.565039339745));
#10870=CARTESIAN_POINT('Ctrl Pts',(11.78078107853,-7.853765659669,-4.795680421383));
#10871=CARTESIAN_POINT('Ctrl Pts',(11.89894951074,-8.795577817759,-2.70031424811));
#10872=CARTESIAN_POINT('Ctrl Pts',(12.01712669528,-9.195409166499,-0.4541755324285));
#10873=CARTESIAN_POINT('Ctrl Pts',(12.1417733313,-9.010073598509,1.924722171171));
#10874=CARTESIAN_POINT('Ctrl Pts',(12.26332183335,-8.239482223218,4.10182149845));
#10875=CARTESIAN_POINT('Ctrl Pts',(12.38485663205,-6.967897379586,5.999320728851));
#10876=CARTESIAN_POINT('Ctrl Pts',(12.50303400416,-5.342380591598,7.490266576402));
#10877=CARTESIAN_POINT('Ctrl Pts',(12.62768062622,-3.313852430811,8.589510544906));
#10878=CARTESIAN_POINT('Ctrl Pts',(12.75233712472,-1.090626562763,9.139968585376));
#10879=CARTESIAN_POINT('Ctrl Pts',(12.88035149557,1.238259750853,9.119586724312));
#10880=CARTESIAN_POINT('Ctrl Pts',(13.00837637763,3.473590270009,8.528985685142));
#10881=CARTESIAN_POINT('Ctrl Pts',(13.14340848084,5.57650184392,7.337436428636));
#10882=CARTESIAN_POINT('Ctrl Pts',(13.27197646533,7.197604725252,5.72967911038));
#10883=CARTESIAN_POINT('Ctrl Pts',(13.39715851921,8.336871814313,3.851916033165));
#10884=CARTESIAN_POINT('Ctrl Pts',(13.51533544449,8.990217158699,1.898994340572));
#10885=CARTESIAN_POINT('Ctrl Pts',(13.63998132752,9.190829779274,-0.2462111179662));
#10886=CARTESIAN_POINT('Ctrl Pts',(13.76463587994,8.88370639473,-2.363026430442));
#10887=CARTESIAN_POINT('Ctrl Pts',(13.89265010192,8.078211227418,-4.384350427301));
#10888=CARTESIAN_POINT('Ctrl Pts',(14.02067278917,6.836095854709,-6.15173382162));
#10889=CARTESIAN_POINT('Ctrl Pts',(14.15570517953,5.134327212559,-7.637088270363));
#10890=CARTESIAN_POINT('Ctrl Pts',(14.28737961437,3.184865479793,-8.624862259359));
#10891=CARTESIAN_POINT('Ctrl Pts',(14.41904107387,1.081238263836,-9.121910385935));
#10892=CARTESIAN_POINT('Ctrl Pts',(14.54706361244,-1.005265420899,-9.135527432468));
#10893=CARTESIAN_POINT('Ctrl Pts',(14.68209570429,-3.131766237499,-8.646585973107));
#10894=CARTESIAN_POINT('Ctrl Pts',(14.81713707451,-5.065769575821,-7.673266197585));
#10895=CARTESIAN_POINT('Ctrl Pts',(14.95581711935,-6.743485808584,-6.248219112468));
#10896=CARTESIAN_POINT('Ctrl Pts',(15.0945083566,-8.031450091982,-4.484078329282));
#10897=CARTESIAN_POINT('Ctrl Pts',(15.27213688484,-9.078754477391,-1.917760938274));
#10898=CARTESIAN_POINT('Ctrl Pts',(15.40236885142,-9.196095505553,0.1151270891674));
#10899=CARTESIAN_POINT('Ctrl Pts',(15.48503696033,-9.004989795929,1.355057428362));
#10900=CARTESIAN_POINT('Ctrl Pts',(0.1067850138483,-1.418544863055,8.880889984912));
#10901=CARTESIAN_POINT('Ctrl Pts',(0.117127933913,-0.05641637222082,9.101568778212));
#10902=CARTESIAN_POINT('Ctrl Pts',(0.1348108522405,2.298371933882,8.91977374817));
#10903=CARTESIAN_POINT('Ctrl Pts',(0.159816158396,5.179356095131,7.525233765349));
#10904=CARTESIAN_POINT('Ctrl Pts',(0.1824057109126,7.231454719014,5.59053668507));
#10905=CARTESIAN_POINT('Ctrl Pts',(0.2049971884755,8.562962021423,3.176764760893));
#10906=CARTESIAN_POINT('Ctrl Pts',(0.2281964717022,9.115182554816,0.4727042970413));
#10907=CARTESIAN_POINT('Ctrl Pts',(0.2513985782839,8.858367295099,-2.218153766246));
#10908=CARTESIAN_POINT('Ctrl Pts',(0.2758698962352,7.781710568223,-4.789436231592));
#10909=CARTESIAN_POINT('Ctrl Pts',(0.2997343322787,6.058045090284,-6.818769035858));
#10910=CARTESIAN_POINT('Ctrl Pts',(0.3235944084702,3.880990468357,-8.238132809526));
#10911=CARTESIAN_POINT('Ctrl Pts',(0.346796579811,1.512988238109,-8.984583412217));
#10912=CARTESIAN_POINT('Ctrl Pts',(0.371267745272,-1.054951057599,-9.055290337445));
#10913=CARTESIAN_POINT('Ctrl Pts',(0.3957425007618,-3.496180876317,-8.414337232236));
#10914=CARTESIAN_POINT('Ctrl Pts',(0.4208751080355,-5.681117709401,-7.118823181818));
#10915=CARTESIAN_POINT('Ctrl Pts',(0.4460100726108,-7.405394878314,-5.310463302575));
#10916=CARTESIAN_POINT('Ctrl Pts',(0.4725212940927,-8.604936112738,-3.016951228013));
#10917=CARTESIAN_POINT('Ctrl Pts',(0.4977634593061,-9.075302318792,-0.6395552141617));
#10918=CARTESIAN_POINT('Ctrl Pts',(0.5223397293992,-8.924231452327,1.667438414873));
#10919=CARTESIAN_POINT('Ctrl Pts',(0.5455419886339,-8.284519691704,3.723738215118));
#10920=CARTESIAN_POINT('Ctrl Pts',(0.5700139305705,-7.126610554688,5.639099584669));
#10921=CARTESIAN_POINT('Ctrl Pts',(0.5944873880169,-5.554551282801,7.189106401664));
#10922=CARTESIAN_POINT('Ctrl Pts',(0.6196208185187,-3.632945875385,8.324359167463));
#10923=CARTESIAN_POINT('Ctrl Pts',(0.6447559809524,-1.523011006548,8.958463954908));
#10924=CARTESIAN_POINT('Ctrl Pts',(0.6712664946873,0.7653918876502,9.059963892512));
#10925=CARTESIAN_POINT('Ctrl Pts',(0.6971192725818,2.921081311914,8.59996634948));
#10926=CARTESIAN_POINT('Ctrl Pts',(0.7229680451582,4.8728476651,7.653776041011));
#10927=CARTESIAN_POINT('Ctrl Pts',(0.7481034636642,6.493713820899,6.342977767679));
#10928=CARTESIAN_POINT('Ctrl Pts',(0.7746146980534,7.81769874589,4.623222898501));
#10929=CARTESIAN_POINT('Ctrl Pts',(0.801127501802,8.681560044473,2.660469468794));
#10930=CARTESIAN_POINT('Ctrl Pts',(0.8283554516694,9.062984480563,0.5225591919433));
#10931=CARTESIAN_POINT('Ctrl Pts',(0.8555847096739,8.936800730937,-1.62069931364));
#10932=CARTESIAN_POINT('Ctrl Pts',(0.8843068749425,8.275030676839,-3.75629580927));
#10933=CARTESIAN_POINT('Ctrl Pts',(0.9189731243499,6.883438596083,-6.0316111073));
#10934=CARTESIAN_POINT('Ctrl Pts',(0.9608686679676,4.435006306845,-8.095767859449));
#10935=CARTESIAN_POINT('Ctrl Pts',(1.009200362915,0.9728836528522,-9.188626117724));
#10936=CARTESIAN_POINT('Ctrl Pts',(1.050876122064,-2.078610170551,-8.894171393371));
#10937=CARTESIAN_POINT('Ctrl Pts',(1.085319723856,-4.350963597263,-7.948732141648));
#10938=CARTESIAN_POINT('Ctrl Pts',(1.119767267749,-6.35678116111,-6.561603324215));
#10939=CARTESIAN_POINT('Ctrl Pts',(1.163535362211,-8.259102891925,-4.124604135534));
#10940=CARTESIAN_POINT('Ctrl Pts',(1.215895302095,-9.22090091282,-0.6150303986355));
#10941=CARTESIAN_POINT('Ctrl Pts',(1.26104466568,-8.804930885256,2.433157934761));
#10942=CARTESIAN_POINT('Ctrl Pts',(1.298357517752,-7.763553373896,4.674565225741));
#10943=CARTESIAN_POINT('Ctrl Pts',(1.334299246519,-6.34161545734,6.557991897357));
#10944=CARTESIAN_POINT('Ctrl Pts',(1.378841985743,-3.994622398568,8.286680015866));
#10945=CARTESIAN_POINT('Ctrl Pts',(1.431205773487,-0.7365689280494,9.178851035823));
#10946=CARTESIAN_POINT('Ctrl Pts',(1.486436284476,2.745688146437,8.801157326544));
#10947=CARTESIAN_POINT('Ctrl Pts',(1.54167474515,5.78696705247,7.166939523718));
#10948=CARTESIAN_POINT('Ctrl Pts',(1.598396179562,8.025882074546,4.507447169138));
#10949=CARTESIAN_POINT('Ctrl Pts',(1.655123730261,9.128671343857,1.259808911341));
#10950=CARTESIAN_POINT('Ctrl Pts',(1.704034424381,8.971396337719,-1.643996228685));
#10951=CARTESIAN_POINT('Ctrl Pts',(1.744456644812,8.193820889226,-3.855591406758));
#10952=CARTESIAN_POINT('Ctrl Pts',(1.780745609446,7.121153616658,-5.647902832003));
#10953=CARTESIAN_POINT('Ctrl Pts',(1.823476930684,5.385234998639,-7.372061516215));
#10954=CARTESIAN_POINT('Ctrl Pts',(1.87181230264,2.960464789097,-8.643881846732));
#10955=CARTESIAN_POINT('Ctrl Pts',(1.922796327856,0.1528139147291,-9.144107747583));
#10956=CARTESIAN_POINT('Ctrl Pts',(1.973783067516,-2.640471062594,-8.751719351789));
#10957=CARTESIAN_POINT('Ctrl Pts',(2.026143189361,-5.209879933078,-7.507328435633));
#10958=CARTESIAN_POINT('Ctrl Pts',(2.078508480213,-7.259471076593,-5.562971516915));
#10959=CARTESIAN_POINT('Ctrl Pts',(2.133739280456,-8.658374489788,-2.974297172894));
#10960=CARTESIAN_POINT('Ctrl Pts',(2.18759978171,-9.137773519608,-0.1768260127907));
#10961=CARTESIAN_POINT('Ctrl Pts',(2.241450107917,-8.749593314655,2.5890196546));
#10962=CARTESIAN_POINT('Ctrl Pts',(2.293816265895,-7.621496023732,5.030584120563));
#10963=CARTESIAN_POINT('Ctrl Pts',(2.349046342483,-5.742346993561,7.111645898205));
#10964=CARTESIAN_POINT('Ctrl Pts',(2.404284607788,-3.340813429475,8.504317200692));
#10965=CARTESIAN_POINT('Ctrl Pts',(2.461006114975,-0.5954533341796,9.114499072223));
#10966=CARTESIAN_POINT('Ctrl Pts',(2.517736206783,2.180032838294,8.878087590564));
#10967=CARTESIAN_POINT('Ctrl Pts',(2.577567708757,4.857816273989,7.755162143212));
#10968=CARTESIAN_POINT('Ctrl Pts',(2.634540236621,6.917835581446,5.95288831507));
#10969=CARTESIAN_POINT('Ctrl Pts',(2.690007212936,8.304886589844,3.727375863227));
#10970=CARTESIAN_POINT('Ctrl Pts',(2.742373021855,9.005274147166,1.374509643874));
#10971=CARTESIAN_POINT('Ctrl Pts',(2.797604021558,9.039242238168,-1.188618744478));
#10972=CARTESIAN_POINT('Ctrl Pts',(2.852841494504,8.357492757719,-3.636631844755));
#10973=CARTESIAN_POINT('Ctrl Pts',(2.909563163992,7.002318008502,-5.830905553353));
#10974=CARTESIAN_POINT('Ctrl Pts',(2.966292929746,5.110936053829,-7.552364484108));
#10975=CARTESIAN_POINT('Ctrl Pts',(3.026125671456,2.708093304993,-8.716305542113));
#10976=CARTESIAN_POINT('Ctrl Pts',(3.08447397872,0.1582663173687,-9.11370297937));
#10977=CARTESIAN_POINT('Ctrl Pts',(3.142813082529,-2.367639318429,-8.789826813551));
#10978=CARTESIAN_POINT('Ctrl Pts',(3.199543103207,-4.634319333689,-7.842879935741));
#10979=CARTESIAN_POINT('Ctrl Pts',(3.259375964483,-6.642432336827,-6.24534463081));
#10980=CARTESIAN_POINT('Ctrl Pts',(3.319216216888,-8.107785892252,-4.164608725209));
#10981=CARTESIAN_POINT('Ctrl Pts',(3.380665679191,-8.948618746367,-1.721330187066));
#10982=CARTESIAN_POINT('Ctrl Pts',(3.442122984363,-9.081166800486,0.8385130538956));
#10983=CARTESIAN_POINT('Ctrl Pts',(3.506939889967,-8.454632735225,3.441063105304));
#10984=CARTESIAN_POINT('Ctrl Pts',(3.566011167504,-7.224306045471,5.523660582508));
#10985=CARTESIAN_POINT('Ctrl Pts',(3.620578547858,-5.662917350353,7.075013778242));
#10986=CARTESIAN_POINT('Ctrl Pts',(3.668917118698,-4.031850786055,8.120981707499));
#10987=CARTESIAN_POINT('Ctrl Pts',(3.719898868779,-2.12704100321,8.818948444256));
#10988=CARTESIAN_POINT('Ctrl Pts',(3.770886821162,-0.1271259917252,9.069722711966));
#10989=CARTESIAN_POINT('Ctrl Pts',(3.823246386577,1.914940995687,8.865093976478));
#10990=CARTESIAN_POINT('Ctrl Pts',(3.875612093193,3.848822537375,8.217775241865));
#10991=CARTESIAN_POINT('Ctrl Pts',(3.930842434875,5.664946047475,7.096142438038));
#10992=CARTESIAN_POINT('Ctrl Pts',(3.984701141428,7.118041582263,5.625446557419));
#10993=CARTESIAN_POINT('Ctrl Pts',(4.038554080133,8.191908036207,3.88201828383));
#10994=CARTESIAN_POINT('Ctrl Pts',(4.090918463642,8.843469706657,2.013641675754));
#10995=CARTESIAN_POINT('Ctrl Pts',(4.146150503762,9.075024857248,-0.04526925888797));
#10996=CARTESIAN_POINT('Ctrl Pts',(4.201386277701,8.830071236186,-2.089203091512));
#10997=CARTESIAN_POINT('Ctrl Pts',(4.258109555146,8.114065079492,-4.059193672724));
#10998=CARTESIAN_POINT('Ctrl Pts',(4.314838378026,6.978767042054,-5.805527054594));
#10999=CARTESIAN_POINT('Ctrl Pts',(4.374671974229,5.397280139015,-7.306363260247));
#11000=CARTESIAN_POINT('Ctrl Pts',(4.431641220513,3.603815387581,-8.323794501026));
#11001=CARTESIAN_POINT('Ctrl Pts',(4.487110067623,1.700750623632,-8.896222693889));
#11002=CARTESIAN_POINT('Ctrl Pts',(4.539475335134,-0.1574033652627,-9.06018509898));
#11003=CARTESIAN_POINT('Ctrl Pts',(4.594706912097,-2.096903856437,-8.820526639301));
#11004=CARTESIAN_POINT('Ctrl Pts',(4.649942344581,-3.927457737889,-8.170357277327));
#11005=CARTESIAN_POINT('Ctrl Pts',(4.706666361613,-5.606646852873,-7.122415184397));
#11006=CARTESIAN_POINT('Ctrl Pts',(4.763394752703,-7.014839237125,-5.747959685539));
#11007=CARTESIAN_POINT('Ctrl Pts',(4.823228794222,-8.135945524283,-4.018661663481));
#11008=CARTESIAN_POINT('Ctrl Pts',(4.881575093671,-8.811501297529,-2.139307561032));
#11009=CARTESIAN_POINT('Ctrl Pts',(4.939915606085,-9.058903781743,-0.1755822181117));
#11010=CARTESIAN_POINT('Ctrl Pts',(4.996643899634,-8.898178505686,1.731177229519));
#11011=CARTESIAN_POINT('Ctrl Pts',(5.056477793115,-8.304989848644,3.645986320348));
#11012=CARTESIAN_POINT('Ctrl Pts',(5.116316829963,-7.307451409477,5.370943216534));
#11013=CARTESIAN_POINT('Ctrl Pts',(5.177767722627,-5.928928466544,6.861200583133));
#11014=CARTESIAN_POINT('Ctrl Pts',(5.239222210321,-4.267352531483,8.006655729104));
#11015=CARTESIAN_POINT('Ctrl Pts',(5.304046911555,-2.301037523153,8.781850619376));
#11016=CARTESIAN_POINT('Ctrl Pts',(5.382285890722,0.2094271495089,9.135393745649));
#11017=CARTESIAN_POINT('Ctrl Pts',(5.476840255008,3.230323060101,8.628123212177));
#11018=CARTESIAN_POINT('Ctrl Pts',(5.585922463766,6.223106606784,6.810099186764));
#11019=CARTESIAN_POINT('Ctrl Pts',(5.679981726042,7.991786896528,4.40972879359));
#11020=CARTESIAN_POINT('Ctrl Pts',(5.757720144806,8.802435514785,2.141039663553));
#11021=CARTESIAN_POINT('Ctrl Pts',(5.835465062839,9.128449075282,-0.2329462248619));
#11022=CARTESIAN_POINT('Ctrl Pts',(5.934248929842,8.637498847818,-3.246831485981));
#11023=CARTESIAN_POINT('Ctrl Pts',(6.052419302487,6.735543786797,-6.326069068529));
#11024=CARTESIAN_POINT('Ctrl Pts',(6.154319978748,4.219321536324,-8.10366627332));
#11025=CARTESIAN_POINT('Ctrl Pts',(6.238532966578,1.854428886048,-8.871511558973));
#11026=CARTESIAN_POINT('Ctrl Pts',(6.319651100831,-0.5152346843149,-9.110839398734));
#11027=CARTESIAN_POINT('Ctrl Pts',(6.420182598912,-3.416342046058,-8.548434023333));
#11028=CARTESIAN_POINT('Ctrl Pts',(6.538355098588,-6.324735221447,-6.705667639896));
#11029=CARTESIAN_POINT('Ctrl Pts',(6.640252869598,-8.034470449217,-4.322735450563));
#11030=CARTESIAN_POINT('Ctrl Pts',(6.724469498481,-8.814253279021,-2.083262730988));
#11031=CARTESIAN_POINT('Ctrl Pts',(6.808693955524,-9.123667001354,0.2553694839019));
#11032=CARTESIAN_POINT('Ctrl Pts',(6.915708140187,-8.639360864198,3.221790138721));
#11033=CARTESIAN_POINT('Ctrl Pts',(7.043726428635,-6.783619097821,6.263777033666));
#11034=CARTESIAN_POINT('Ctrl Pts',(7.154119830391,-4.325722420083,8.04270096114));
#11035=CARTESIAN_POINT('Ctrl Pts',(7.245347550441,-2.007545493504,8.836159803649));
#11036=CARTESIAN_POINT('Ctrl Pts',(7.324602094163,0.09426168628418,9.088281102236));
#11037=CARTESIAN_POINT('Ctrl Pts',(7.415521061083,2.493237230017,8.774236541106));
#11038=CARTESIAN_POINT('Ctrl Pts',(7.516221722453,4.922033256529,7.688928973543));
#11039=CARTESIAN_POINT('Ctrl Pts',(7.622434154116,7.01410670967,5.857830779863));
#11040=CARTESIAN_POINT('Ctrl Pts',(7.728660149597,8.440330052302,3.495775167575));
#11041=CARTESIAN_POINT('Ctrl Pts',(7.837740060734,9.100405866457,0.7729555345698));
#11042=CARTESIAN_POINT('Ctrl Pts',(7.946836358567,8.919728815308,-2.002077296295));
#11043=CARTESIAN_POINT('Ctrl Pts',(8.061896610782,7.850469603645,-4.703063736549));
#11044=CARTESIAN_POINT('Ctrl Pts',(8.17410725724,6.042067937381,-6.854226746328));
#11045=CARTESIAN_POINT('Ctrl Pts',(8.286293678576,3.700207441131,-8.338982815093));
#11046=CARTESIAN_POINT('Ctrl Pts',(8.395391232751,1.1229866502,-9.061732853961));
#11047=CARTESIAN_POINT('Ctrl Pts',(8.510452056439,-1.672883871849,-8.985770555571));
#11048=CARTESIAN_POINT('Ctrl Pts',(8.625530391733,-4.291791717905,-8.066588758368));
#11049=CARTESIAN_POINT('Ctrl Pts',(8.743700722254,-6.544066879813,-6.373266593412));
#11050=CARTESIAN_POINT('Ctrl Pts',(8.861888116878,-8.172570522251,-4.099798093382));
#11051=CARTESIAN_POINT('Ctrl Pts',(8.986535940939,-9.057962986383,-1.316387650069));
#11052=CARTESIAN_POINT('Ctrl Pts',(9.105228566548,-9.014222193544,1.44183200166));
#11053=CARTESIAN_POINT('Ctrl Pts',(9.220781544773,-8.1989173112,3.959996884043));
#11054=CARTESIAN_POINT('Ctrl Pts',(9.32987887224,-6.831226446025,6.030449670133));
#11055=CARTESIAN_POINT('Ctrl Pts',(9.444940552847,-4.86010942436,7.717288611493));
#11056=CARTESIAN_POINT('Ctrl Pts',(9.560017851173,-2.507977549866,8.766072393783));
#11057=CARTESIAN_POINT('Ctrl Pts',(9.678188521997,0.08532188617488,9.115332819526));
#11058=CARTESIAN_POINT('Ctrl Pts',(9.796374631108,2.654122436648,8.728632886442));
#11059=CARTESIAN_POINT('Ctrl Pts',(9.921024293736,5.108735534898,7.569138631994));
#11060=CARTESIAN_POINT('Ctrl Pts',(10.04258397499,7.043440184854,5.792614617942));
#11061=CARTESIAN_POINT('Ctrl Pts',(10.1641205401,8.378749749361,3.569001938476));
#11062=CARTESIAN_POINT('Ctrl Pts',(10.28230756982,9.040896385402,1.154173824755));
#11063=CARTESIAN_POINT('Ctrl Pts',(10.40695827742,9.004267629191,-1.462859977979));
#11064=CARTESIAN_POINT('Ctrl Pts',(10.5316245263,8.224584964629,-3.940504144359));
#11065=CARTESIAN_POINT('Ctrl Pts',(10.65964276123,6.750638909026,-6.128707589259));
#11066=CARTESIAN_POINT('Ctrl Pts',(10.78767792936,4.735257580319,-7.800450114197));
#11067=CARTESIAN_POINT('Ctrl Pts',(10.92271369359,2.213929076827,-8.861560782171));
#11068=CARTESIAN_POINT('Ctrl Pts',(11.04842527125,-0.3005886524839,-9.100115158975));
#11069=CARTESIAN_POINT('Ctrl Pts',(11.16762736817,-2.625097387955,-8.689645306558));
#11070=CARTESIAN_POINT('Ctrl Pts',(11.27672440592,-4.593961274453,-7.835492088295));
#11071=CARTESIAN_POINT('Ctrl Pts',(11.39178628369,-6.379674879178,-6.47380434687));
#11072=CARTESIAN_POINT('Ctrl Pts',(11.50686134841,-7.762808885477,-4.724369927611));
#11073=CARTESIAN_POINT('Ctrl Pts',(11.62503399882,-8.689831193708,-2.653684345478));
#11074=CARTESIAN_POINT('Ctrl Pts',(11.74321795687,-9.081376089524,-0.4348422965498));
#11075=CARTESIAN_POINT('Ctrl Pts',(11.86786917768,-8.894798931734,1.914192446314));
#11076=CARTESIAN_POINT('Ctrl Pts',(11.98942546328,-8.130492881971,4.063116830463));
#11077=CARTESIAN_POINT('Ctrl Pts',(12.11096430617,-6.871848784217,5.935078776185));
#11078=CARTESIAN_POINT('Ctrl Pts',(12.22914892002,-5.264229581977,7.40503498305));
#11079=CARTESIAN_POINT('Ctrl Pts',(12.3538005428,-3.259229512277,8.48748397567));
#11080=CARTESIAN_POINT('Ctrl Pts',(12.47846491125,-1.06273820227,9.027654014098));
#11081=CARTESIAN_POINT('Ctrl Pts',(12.60648435384,1.237157050588,9.00387363973));
#11082=CARTESIAN_POINT('Ctrl Pts',(12.73451736813,3.443813307438,8.417067305143));
#11083=CARTESIAN_POINT('Ctrl Pts',(12.86955495846,5.518678537373,7.236980512598));
#11084=CARTESIAN_POINT('Ctrl Pts',(12.99813225177,7.117089694765,5.646549235629));
#11085=CARTESIAN_POINT('Ctrl Pts',(13.12331880969,8.239135132442,3.790293911139));
#11086=CARTESIAN_POINT('Ctrl Pts',(13.24150378973,8.881183324278,1.86053095565));
#11087=CARTESIAN_POINT('Ctrl Pts',(13.3661554613,9.07576456131,-0.2583446815739));
#11088=CARTESIAN_POINT('Ctrl Pts',(13.49081835713,8.768932373617,-2.348386627435));
#11089=CARTESIAN_POINT('Ctrl Pts',(13.618838676,7.970058202611,-4.343240953033));
#11090=CARTESIAN_POINT('Ctrl Pts',(13.74686996437,6.740366343215,-6.086597684225));
#11091=CARTESIAN_POINT('Ctrl Pts',(13.88190908185,5.057210338532,-7.550596841389));
#11092=CARTESIAN_POINT('Ctrl Pts',(14.01359321945,3.130222028645,-8.522768680787));
#11093=CARTESIAN_POINT('Ctrl Pts',(14.14526093681,1.051875649881,-9.009989342015));
#11094=CARTESIAN_POINT('Ctrl Pts',(14.27329267848,-1.008774839848,-9.019789890305));
#11095=CARTESIAN_POINT('Ctrl Pts',(14.40833207656,-3.108000905263,-8.533170895329));
#11096=CARTESIAN_POINT('Ctrl Pts',(14.54338350253,-5.016291366593,-7.568477997954));
#11097=CARTESIAN_POINT('Ctrl Pts',(14.68207099205,-6.670610842677,-6.158120698121));
#11098=CARTESIAN_POINT('Ctrl Pts',(14.82077298364,-7.939411259468,-4.413515872913));
#11099=CARTESIAN_POINT('Ctrl Pts',(14.99841004948,-8.96902269009,-1.877179994779));
#11100=CARTESIAN_POINT('Ctrl Pts',(15.12866101525,-9.081155792547,0.1308751067495));
#11101=CARTESIAN_POINT('Ctrl Pts',(15.21131184298,-8.890099296234,1.354684291884));
#11102=CARTESIAN_POINT('Ctrl Pts',(-0.03686472316913,-1.418485421954,8.886577200778));
#11103=CARTESIAN_POINT('Ctrl Pts',(-0.02652171374331,-0.05539844038771,
9.107788096287));
#11104=CARTESIAN_POINT('Ctrl Pts',(-0.008838622871781,2.300941108063,8.925340944084));
#11105=CARTESIAN_POINT('Ctrl Pts',(0.01616690155107,5.183693010093,7.529598130011));
#11106=CARTESIAN_POINT('Ctrl Pts',(0.03875666892998,7.236931454139,5.593332154861));
#11107=CARTESIAN_POINT('Ctrl Pts',(0.06134834082275,8.569028680439,3.177780112883));
#11108=CARTESIAN_POINT('Ctrl Pts',(0.08454785127212,9.12127247508,0.4718312131749));
#11109=CARTESIAN_POINT('Ctrl Pts',(0.1077501577629,8.863931696981,-2.220796926733));
#11110=CARTESIAN_POINT('Ctrl Pts',(0.1322217174655,7.78620571539,-4.793661456333));
#11111=CARTESIAN_POINT('Ctrl Pts',(0.1560863431086,6.061107807169,-6.824117297876));
#11112=CARTESIAN_POINT('Ctrl Pts',(0.1799466702597,3.88239062655,-8.244130439915));
#11113=CARTESIAN_POINT('Ctrl Pts',(0.2031490341336,1.512695050526,-8.990743043377));
#11114=CARTESIAN_POINT('Ctrl Pts',(0.2276204504925,-1.056980407683,-9.061123876091));
#11115=CARTESIAN_POINT('Ctrl Pts',(0.2520954056304,-3.499750583451,-8.419379345071));
#11116=CARTESIAN_POINT('Ctrl Pts',(0.2772282654545,-5.685959899967,-7.122665149603));
#11117=CARTESIAN_POINT('Ctrl Pts',(0.3023634557932,-7.411115705263,-5.312827183596));
#11118=CARTESIAN_POINT('Ctrl Pts',(0.3288749366657,-8.611103535366,-3.017586966433));
#11119=CARTESIAN_POINT('Ctrl Pts',(0.3541173098742,-9.081406184584,-0.638523349354));
#11120=CARTESIAN_POINT('Ctrl Pts',(0.3786938436587,-8.929860766035,1.669997566769));
#11121=CARTESIAN_POINT('Ctrl Pts',(0.4018963004429,-8.289382085273,3.727570245578));
#11122=CARTESIAN_POINT('Ctrl Pts',(0.4263684827511,-7.130376512039,5.644025254487));
#11123=CARTESIAN_POINT('Ctrl Pts',(0.4508421628533,-5.55700042221,7.194806043895));
#11124=CARTESIAN_POINT('Ctrl Pts',(0.475975838151,-3.63390989828,8.330491322653));
#11125=CARTESIAN_POINT('Ctrl Pts',(0.5011112256744,-1.522449689864,8.964654778573));
#11126=CARTESIAN_POINT('Ctrl Pts',(0.5276220127837,0.7675092433078,9.06581898057));
#11127=CARTESIAN_POINT('Ctrl Pts',(0.553475009173,2.924560993638,8.605127410001));
#11128=CARTESIAN_POINT('Ctrl Pts',(0.5793240501399,4.877467719664,7.657947137356));
#11129=CARTESIAN_POINT('Ctrl Pts',(0.6044596937629,6.499180097837,6.34597195968));
#11130=CARTESIAN_POINT('Ctrl Pts',(0.6309711932277,7.823734525566,4.624815451061));
#11131=CARTESIAN_POINT('Ctrl Pts',(0.6574842407954,8.687805186494,2.660582269904));
#11132=CARTESIAN_POINT('Ctrl Pts',(0.6847124598897,9.069077930093,0.521163228427));
#11133=CARTESIAN_POINT('Ctrl Pts',(0.7119419735727,8.942394949579,-1.623509216403));
#11134=CARTESIAN_POINT('Ctrl Pts',(0.7406644047707,8.279763296048,-3.760409366112));
#11135=CARTESIAN_POINT('Ctrl Pts',(0.7753310401176,6.886782970314,-6.036979759287));
#11136=CARTESIAN_POINT('Ctrl Pts',(0.8172269279205,4.436293580528,-8.102026058613));
#11137=CARTESIAN_POINT('Ctrl Pts',(0.8655591337732,0.97161783721,-9.194907115931));
#11138=CARTESIAN_POINT('Ctrl Pts',(0.907235221828,-2.081858375401,-8.899616242793));
#11139=CARTESIAN_POINT('Ctrl Pts',(0.9416792250085,-4.355541487925,-7.953057187032));
#11140=CARTESIAN_POINT('Ctrl Pts',(0.9761271337988,-6.362409057614,-6.564563695869));
#11141=CARTESIAN_POINT('Ctrl Pts',(1.019895610561,-8.265474816879,-4.125515041077));
#11142=CARTESIAN_POINT('Ctrl Pts',(1.072256105327,-9.227139286562,-0.6133670062906));
#11143=CARTESIAN_POINT('Ctrl Pts',(1.117405822781,-8.810201492421,2.436768925667));
#11144=CARTESIAN_POINT('Ctrl Pts',(1.154719129811,-7.767607832673,4.679448438463));
#11145=CARTESIAN_POINT('Ctrl Pts',(1.190661225768,-6.344277049676,6.563810575064));
#11146=CARTESIAN_POINT('Ctrl Pts',(1.235204384945,-3.995302404585,8.293107684455));
#11147=CARTESIAN_POINT('Ctrl Pts',(1.28756867926,-0.734847713575,9.185100680648));
#11148=CARTESIAN_POINT('Ctrl Pts',(1.342799790201,2.74966078236,8.806307190424));
#11149=CARTESIAN_POINT('Ctrl Pts',(1.398038745975,5.792576904573,7.170242423078));
#11150=CARTESIAN_POINT('Ctrl Pts',(1.454760813558,8.032332557355,4.508398248333));
#11151=CARTESIAN_POINT('Ctrl Pts',(1.511488937773,9.135033457505,1.258295822711));
#11152=CARTESIAN_POINT('Ctrl Pts',(1.560400039432,8.976902752148,-1.647414797538));
#11153=CARTESIAN_POINT('Ctrl Pts',(1.600822770722,8.198223456463,-3.860298344215));
#11154=CARTESIAN_POINT('Ctrl Pts',(1.637112091101,7.124361803158,-5.653529569507));
#11155=CARTESIAN_POINT('Ctrl Pts',(1.679843856523,5.386816061041,-7.378383894287));
#11156=CARTESIAN_POINT('Ctrl Pts',(1.728179722013,2.960072436933,-8.650403790258));
#11157=CARTESIAN_POINT('Ctrl Pts',(1.779164290408,0.1503964249841,-9.150197701816));
#11158=CARTESIAN_POINT('Ctrl Pts',(1.830151536203,-2.64465645496,-8.756771874428));
#11159=CARTESIAN_POINT('Ctrl Pts',(1.882512242202,-5.215445593594,-7.510822525772));
#11160=CARTESIAN_POINT('Ctrl Pts',(1.934878051487,-7.265861493642,-5.564577359387));
#11161=CARTESIAN_POINT('Ctrl Pts',(1.990109473712,-8.664962183739,-2.973758127446));
#11162=CARTESIAN_POINT('Ctrl Pts',(2.043970482167,-9.143868999353,-0.1742694755001));
#11163=CARTESIAN_POINT('Ctrl Pts',(2.097821447971,-8.754612472196,2.593325509457));
#11164=CARTESIAN_POINT('Ctrl Pts',(2.150188125534,-7.62502986459,5.036194109933));
#11165=CARTESIAN_POINT('Ctrl Pts',(2.205418840591,-5.743987987576,7.118090955741));
#11166=CARTESIAN_POINT('Ctrl Pts',(2.260657640767,-3.340417149311,8.510965508348));
#11167=CARTESIAN_POINT('Ctrl Pts',(2.317379825919,-0.5930188120461,9.120711993088));
#11168=CARTESIAN_POINT('Ctrl Pts',(2.374110486564,2.184258596135,8.883276005347));
#11169=CARTESIAN_POINT('Ctrl Pts',(2.433942708964,4.863492352385,7.758748502206));
#11170=CARTESIAN_POINT('Ctrl Pts',(2.490915770869,6.924319254492,5.954607480174));
#11171=CARTESIAN_POINT('Ctrl Pts',(2.546383431135,8.311587661691,3.727147055792));
#11172=CARTESIAN_POINT('Ctrl Pts',(2.598749784556,9.011679327647,1.372470899369));
#11173=CARTESIAN_POINT('Ctrl Pts',(2.653981431223,9.044826840345,-1.192395136753));
#11174=CARTESIAN_POINT('Ctrl Pts',(2.709219470845,8.361805715292,-3.641827049968));
#11175=CARTESIAN_POINT('Ctrl Pts',(2.765941837739,7.004980594748,-5.83712523031));
#11176=CARTESIAN_POINT('Ctrl Pts',(2.822672198676,5.11174324144,-7.559100261167));
#11177=CARTESIAN_POINT('Ctrl Pts',(2.882505667125,2.706882123045,-8.723002772298));
#11178=CARTESIAN_POINT('Ctrl Pts',(2.940854575301,0.1552037199217,-9.119785124162));
#11179=CARTESIAN_POINT('Ctrl Pts',(2.999194401935,-2.372291961275,-8.794807934328));
#11180=CARTESIAN_POINT('Ctrl Pts',(3.055925028353,-4.640162387242,-7.846424780062));
#11181=CARTESIAN_POINT('Ctrl Pts',(3.115758625911,-6.649060475689,-6.247097370054));
#11182=CARTESIAN_POINT('Ctrl Pts',(3.175599520268,-8.114651608613,-4.164435143753));
#11183=CARTESIAN_POINT('Ctrl Pts',(3.237049751801,-8.955164603879,-1.71920354357));
#11184=CARTESIAN_POINT('Ctrl Pts',(3.298507726269,-9.086863932821,0.8424105086166));
#11185=CARTESIAN_POINT('Ctrl Pts',(3.36332547435,-8.458943458902,3.446485188876));
#11186=CARTESIAN_POINT('Ctrl Pts',(3.422397336674,-7.2270122561,5.53002194003));
#11187=CARTESIAN_POINT('Ctrl Pts',(3.476965457493,-5.663984167103,7.081834661405));
#11188=CARTESIAN_POINT('Ctrl Pts',(3.525304560236,-4.031423139033,8.12788692625));
#11189=CARTESIAN_POINT('Ctrl Pts',(3.576286959507,-2.125061502626,8.82559614309));
#11190=CARTESIAN_POINT('Ctrl Pts',(3.627275483972,-0.1237039305449,9.075768700568));
#11191=CARTESIAN_POINT('Ctrl Pts',(3.679635723345,1.91966149161,8.870209289786));
#11192=CARTESIAN_POINT('Ctrl Pts',(3.732002026314,3.854591785468,8.221698702274));
#11193=CARTESIAN_POINT('Ctrl Pts',(3.787233083828,5.671499019731,7.09859347525));
#11194=CARTESIAN_POINT('Ctrl Pts',(3.841092406853,7.124988938508,5.626330526938));
#11195=CARTESIAN_POINT('Ctrl Pts',(3.894946040915,8.198882748572,3.881296363546));
#11196=CARTESIAN_POINT('Ctrl Pts',(3.947311049878,8.850130786986,2.011398469713));
#11197=CARTESIAN_POINT('Ctrl Pts',(4.002543794373,9.081006777054,-0.04899535059086));
#11198=CARTESIAN_POINT('Ctrl Pts',(4.057780226089,8.835052793625,-2.094206145714));
#11199=CARTESIAN_POINT('Ctrl Pts',(4.114504252692,8.117751994629,-4.065231786396));
#11200=CARTESIAN_POINT('Ctrl Pts',(4.171233754976,6.980964631748,-5.812270928133));
#11201=CARTESIAN_POINT('Ctrl Pts',(4.231068144116,5.397782671263,-7.313459369348));
#11202=CARTESIAN_POINT('Ctrl Pts',(4.288038062925,3.60268132403,-8.330820706171));
#11203=CARTESIAN_POINT('Ctrl Pts',(4.34350766679,1.698088162521,-8.902828331998));
#11204=CARTESIAN_POINT('Ctrl Pts',(4.395873572645,-0.1613881768701,-9.066107805453));
#11205=CARTESIAN_POINT('Ctrl Pts',(4.451105885164,-2.102095163584,-8.82545391879));
#11206=CARTESIAN_POINT('Ctrl Pts',(4.506342005549,-3.933601972204,-8.174053931558));
#11207=CARTESIAN_POINT('Ctrl Pts',(4.563066788338,-5.613468466693,-7.124672314293));
#11208=CARTESIAN_POINT('Ctrl Pts',(4.61979589133,-7.022007502282,-5.748672132907));
#11209=CARTESIAN_POINT('Ctrl Pts',(4.679630747676,-8.143107039406,-4.017710620368));
#11210=CARTESIAN_POINT('Ctrl Pts',(4.737977777092,-8.818282133435,-2.136788588998));
#11211=CARTESIAN_POINT('Ctrl Pts',(4.796319099755,-9.064971941054,-0.1716253616848));
#11212=CARTESIAN_POINT('Ctrl Pts',(4.853048121877,-8.903278258823,1.736348024801));
#11213=CARTESIAN_POINT('Ctrl Pts',(4.912882846041,-8.308819236558,3.652181730448));
#11214=CARTESIAN_POINT('Ctrl Pts',(4.972722650279,-7.309819119779,5.377846276285));
#11215=CARTESIAN_POINT('Ctrl Pts',(5.034174403377,-5.929678376341,6.86847633343));
#11216=CARTESIAN_POINT('Ctrl Pts',(5.09562971714,-4.266449265327,8.013934519817));
#11217=CARTESIAN_POINT('Ctrl Pts',(5.160455264208,-2.29844545911,8.788735115675));
#11218=CARTESIAN_POINT('Ctrl Pts',(5.238695452381,0.2138863791529,9.141336694749));
#11219=CARTESIAN_POINT('Ctrl Pts',(5.333251001321,3.236579516354,8.632289408798));
#11220=CARTESIAN_POINT('Ctrl Pts',(5.442334828338,6.230515881108,6.811596712206));
#11221=CARTESIAN_POINT('Ctrl Pts',(5.536395229329,7.999222479007,4.408748532096));
#11222=CARTESIAN_POINT('Ctrl Pts',(5.614134869647,8.809308648677,2.138124439878));
#11223=CARTESIAN_POINT('Ctrl Pts',(5.691880993955,9.134370429963,-0.2376308060787));
#11224=CARTESIAN_POINT('Ctrl Pts',(5.790666138928,8.641587818377,-3.253306355976));
#11225=CARTESIAN_POINT('Ctrl Pts',(5.908838363581,6.736790599711,-6.333672442138));
#11226=CARTESIAN_POINT('Ctrl Pts',(6.010740283403,4.217964955895,-8.111185446997));
#11227=CARTESIAN_POINT('Ctrl Pts',(6.094954692694,1.851071359505,-8.878335110111));
#11228=CARTESIAN_POINT('Ctrl Pts',(6.17607407788,-0.5203214508413,-9.116596052653));
#11229=CARTESIAN_POINT('Ctrl Pts',(6.276606992617,-3.423096805821,-8.552293768425));
#11230=CARTESIAN_POINT('Ctrl Pts',(6.394781390141,-6.332487997391,-6.706738615493));
#11231=CARTESIAN_POINT('Ctrl Pts',(6.496680509277,-8.042103727944,-4.321282704278));
#11232=CARTESIAN_POINT('Ctrl Pts',(6.580898564399,-8.821208250949,-2.07986874446));
#11233=CARTESIAN_POINT('Ctrl Pts',(6.665124423843,-9.129561245506,0.2605186705596));
#11234=CARTESIAN_POINT('Ctrl Pts',(6.7721401473,-8.64330261825,3.228681333402));
#11235=CARTESIAN_POINT('Ctrl Pts',(6.900160608263,-6.784613394477,6.271705569428));
#11236=CARTESIAN_POINT('Ctrl Pts',(7.01055547714,-4.32405926662,8.050453881769));
#11237=CARTESIAN_POINT('Ctrl Pts',(7.101784912796,-2.003854725287,8.843141521359));
#11238=CARTESIAN_POINT('Ctrl Pts',(7.181040679137,0.09951968957917,9.094236136037));
#11239=CARTESIAN_POINT('Ctrl Pts',(7.271961165262,2.499943437078,8.778601985565));
#11240=CARTESIAN_POINT('Ctrl Pts',(7.37266343868,4.929758462541,7.691152662809));
#11241=CARTESIAN_POINT('Ctrl Pts',(7.478877722786,7.02218398891,5.857587848565));
#11242=CARTESIAN_POINT('Ctrl Pts',(7.585105389552,8.447981920102,3.493090317061));
#11243=CARTESIAN_POINT('Ctrl Pts',(7.694187272348,9.106886630791,0.7680256322149));
#11244=CARTESIAN_POINT('Ctrl Pts',(7.803285336168,8.924420853064,-2.008781282265));
#11245=CARTESIAN_POINT('Ctrl Pts',(7.918347715939,7.85279621587,-4.710958127676));
#11246=CARTESIAN_POINT('Ctrl Pts',(8.030560155668,6.04185162421,-6.862473412196));
#11247=CARTESIAN_POINT('Ctrl Pts',(8.142748720147,3.69747825634,-8.346794378515));
#11248=CARTESIAN_POINT('Ctrl Pts',(8.25184810826,1.118057053686,-9.068428813884));
#11249=CARTESIAN_POINT('Ctrl Pts',(8.366911127647,-1.679670622563,-8.990656091488));
#11250=CARTESIAN_POINT('Ctrl Pts',(8.481991435685,-4.299774202643,-8.069187072325));
#11251=CARTESIAN_POINT('Ctrl Pts',(8.600164067878,-6.552499545573,-6.373266963687));
#11252=CARTESIAN_POINT('Ctrl Pts',(8.718353552549,-8.180640100543,-4.097199248525));
#11253=CARTESIAN_POINT('Ctrl Pts',(8.843003886807,-9.064818500372,-1.311310815312));
#11254=CARTESIAN_POINT('Ctrl Pts',(8.961698559753,-9.019229145761,1.448754345259));
#11255=CARTESIAN_POINT('Ctrl Pts',(9.077253955726,-8.201691214786,3.968097058996));
#11256=CARTESIAN_POINT('Ctrl Pts',(9.186353300163,-6.831679631301,6.039041132946));
#11257=CARTESIAN_POINT('Ctrl Pts',(9.30141735007,-4.858074645886,7.725697545962));
#11258=CARTESIAN_POINT('Ctrl Pts',(9.416496827018,-2.50362421095,8.773589398496));
#11259=CARTESIAN_POINT('Ctrl Pts',(9.534669994218,0.09168821681577,9.121301532239));
#11260=CARTESIAN_POINT('Ctrl Pts',(9.65285841323,2.661971518364,8.732552417356));
#11261=CARTESIAN_POINT('Ctrl Pts',(9.777510774248,5.117450109554,7.570542967754));
#11262=CARTESIAN_POINT('Ctrl Pts',(9.899072823353,7.052216185549,5.791438009866));
#11263=CARTESIAN_POINT('Ctrl Pts',(10.02061210955,8.386851481556,3.565348742743));
#11264=CARTESIAN_POINT('Ctrl Pts',(10.13880155788,9.047710104326,1.148394730098));
#11265=CARTESIAN_POINT('Ctrl Pts',(10.26345506561,9.009153638059,-1.470404673123));
#11266=CARTESIAN_POINT('Ctrl Pts',(10.38812392301,8.227120620131,-3.949169883493));
#11267=CARTESIAN_POINT('Ctrl Pts',(10.5161451208,6.750543936983,-6.137782092343));
#11268=CARTESIAN_POINT('Ctrl Pts',(10.64418304384,4.732535392857,-7.809162459402));
#11269=CARTESIAN_POINT('Ctrl Pts',(10.77922204242,2.208675797633,-8.869099639539));
#11270=CARTESIAN_POINT('Ctrl Pts',(10.90493628576,-0.3077425644074,-9.105902814686));
#11271=CARTESIAN_POINT('Ctrl Pts',(11.02414136002,-2.633533835809,-8.693365438623));
#11272=CARTESIAN_POINT('Ctrl Pts',(11.13324085887,-4.603084943967,-7.837103498646));
#11273=CARTESIAN_POINT('Ctrl Pts',(11.24830557516,-6.388963316593,-6.473087417981));
#11274=CARTESIAN_POINT('Ctrl Pts',(11.36338332776,-7.771670172914,-4.721365836954));
#11275=CARTESIAN_POINT('Ctrl Pts',(11.48155894987,-8.697688369719,-2.648521746351));
#11276=CARTESIAN_POINT('Ctrl Pts',(11.59974575308,-9.087729094002,-0.4278437023437));
#11277=CARTESIAN_POINT('Ctrl Pts',(11.72440019538,-8.89913051839,1.922657508543));
#11278=CARTESIAN_POINT('Ctrl Pts',(11.84595943375,-8.132553243435,4.072436478861));
#11279=CARTESIAN_POINT('Ctrl Pts',(11.96750152039,-6.871507643074,5.94465695469));
#11280=CARTESIAN_POINT('Ctrl Pts',(12.08568912347,-5.261568683568,7.414296107824));
#11281=CARTESIAN_POINT('Ctrl Pts',(12.21034411707,-3.254284587474,8.49582156091));
#11282=CARTESIAN_POINT('Ctrl Pts',(12.33501170846,-1.055827683848,9.034518644523));
#11283=CARTESIAN_POINT('Ctrl Pts',(12.46303471763,1.245635198025,9.00877357021));
#11284=CARTESIAN_POINT('Ctrl Pts',(12.59107114355,3.453310947065,8.419677918842));
#11285=CARTESIAN_POINT('Ctrl Pts',(12.72611261554,5.528593516104,7.236987005048));
#11286=CARTESIAN_POINT('Ctrl Pts',(12.85469336406,7.126723778877,5.644069390388));
#11287=CARTESIAN_POINT('Ctrl Pts',(12.97988364834,8.247918142209,3.785544973239));
#11288=CARTESIAN_POINT('Ctrl Pts',(13.09807195904,8.888704342676,1.853881838132));
#11289=CARTESIAN_POINT('Ctrl Pts',(13.22272736845,9.081532789838,-0.2666345501622));
#11290=CARTESIAN_POINT('Ctrl Pts',(13.34739388518,8.772611186662,-2.357846403715));
#11291=CARTESIAN_POINT('Ctrl Pts',(13.4754181522,7.971376335412,-4.353360484399));
#11292=CARTESIAN_POINT('Ctrl Pts',(13.60345327792,6.739240958756,-6.096801772743));
#11293=CARTESIAN_POINT('Ctrl Pts',(13.73849668342,5.053567685221,-7.56026726905));
#11294=CARTESIAN_POINT('Ctrl Pts',(13.8701848382,3.124340380546,-8.531322620587));
#11295=CARTESIAN_POINT('Ctrl Pts',(14.00185688229,1.044091851433,-9.01693440363));
#11296=CARTESIAN_POINT('Ctrl Pts',(14.1298926926,-1.017998852515,-9.02479483715));
#11297=CARTESIAN_POINT('Ctrl Pts',(14.26493661958,-3.118222822506,-8.535836679755));
#11298=CARTESIAN_POINT('Ctrl Pts',(14.39999245468,-5.026913056083,-7.568638705175));
#11299=CARTESIAN_POINT('Ctrl Pts',(14.53868475916,-6.681018591522,-6.155693344651));
#11300=CARTESIAN_POINT('Ctrl Pts',(14.67739141875,-7.948996300224,-4.408632433216));
#11301=CARTESIAN_POINT('Ctrl Pts',(14.8550349602,-8.976822847747,-1.869506032039));
#11302=CARTESIAN_POINT('Ctrl Pts',(14.98528986727,-9.087027875386,0.1400542999261));
#11303=CARTESIAN_POINT('Ctrl Pts',(15.06794526721,-8.894603341008,1.364552132777));
#11304=CARTESIAN_POINT('Ctrl Pts',(-0.04987765881754,-1.418563921561,8.887611730422));
#11305=CARTESIAN_POINT('Ctrl Pts',(-0.03953464009119,-0.05530895698272,
9.108883792567));
#11306=CARTESIAN_POINT('Ctrl Pts',(-0.02185153336171,2.301308221775,8.926366843168));
#11307=CARTESIAN_POINT('Ctrl Pts',(0.003154009946084,5.184388809594,7.530433569738));
#11308=CARTESIAN_POINT('Ctrl Pts',(0.02574379778945,7.237850548751,5.5939122153));
#11309=CARTESIAN_POINT('Ctrl Pts',(0.04833548588912,8.570079008238,3.178057911533));
#11310=CARTESIAN_POINT('Ctrl Pts',(0.07153501849121,9.122357218126,0.4717796122434));
#11311=CARTESIAN_POINT('Ctrl Pts',(0.0947373416881,8.864953823187,-2.221166083875));
#11312=CARTESIAN_POINT('Ctrl Pts',(0.1192089247703,7.787067881216,-4.794324407092));
#11313=CARTESIAN_POINT('Ctrl Pts',(0.1430735652554,6.061739616575,-6.825000484716));
#11314=CARTESIAN_POINT('Ctrl Pts',(0.1669339173366,3.882744298743,-8.245155591937));
#11315=CARTESIAN_POINT('Ctrl Pts',(0.190136297193,1.512756987019,-8.991826451594));
#11316=CARTESIAN_POINT('Ctrl Pts',(0.2146077379107,-1.057226102755,-9.062181866341));
#11317=CARTESIAN_POINT('Ctrl Pts',(0.2390827090361,-3.500278357098,-8.420328199096));
#11318=CARTESIAN_POINT('Ctrl Pts',(0.2642155933552,-5.686730871825,-7.123429434193));
#11319=CARTESIAN_POINT('Ctrl Pts',(0.2893508033081,-7.412067034562,-5.313351861795));
#11320=CARTESIAN_POINT('Ctrl Pts',(0.3158623086228,-8.61216549438,-3.017820865269));
#11321=CARTESIAN_POINT('Ctrl Pts',(0.3411046985878,-9.082489827993,-0.6384673693063));
#11322=CARTESIAN_POINT('Ctrl Pts',(0.3656812588184,-8.930892596715,1.670327085585));
#11323=CARTESIAN_POINT('Ctrl Pts',(0.3888837319428,-8.290307018111,3.728135155662));
#11324=CARTESIAN_POINT('Ctrl Pts',(0.4133559368493,-7.131134377937,5.644801324224));
#11325=CARTESIAN_POINT('Ctrl Pts',(0.4378296363676,-5.557547094994,7.195742808326));
#11326=CARTESIAN_POINT('Ctrl Pts',(0.4629633345995,-3.634209587678,8.33153366453));
#11327=CARTESIAN_POINT('Ctrl Pts',(0.4880987414687,-1.522487903876,8.96573950228));
#11328=CARTESIAN_POINT('Ctrl Pts',(0.5146095550186,0.7677459749664,9.066879198477));
#11329=CARTESIAN_POINT('Ctrl Pts',(0.5404625690418,2.925047005993,8.606097884948));
#11330=CARTESIAN_POINT('Ctrl Pts',(0.5663116363289,4.878171338607,7.658772511278));
#11331=CARTESIAN_POINT('Ctrl Pts',(0.591447299031,6.500055055975,6.346614115915));
#11332=CARTESIAN_POINT('Ctrl Pts',(0.6179588234345,7.824738544903,4.625229987973));
#11333=CARTESIAN_POINT('Ctrl Pts',(0.6444718923844,8.68887862755,2.660748020608));
#11334=CARTESIAN_POINT('Ctrl Pts',(0.6717001366154,9.070159949449,0.5210672080344));
#11335=CARTESIAN_POINT('Ctrl Pts',(0.6989296728448,8.943424326086,-1.623858603212));
#11336=CARTESIAN_POINT('Ctrl Pts',(0.7276521274084,8.28067595835,-3.761001694247));
#11337=CARTESIAN_POINT('Ctrl Pts',(0.7623188016696,6.887488259388,-6.037819089586));
#11338=CARTESIAN_POINT('Ctrl Pts',(0.8042147155187,4.436669607277,-8.103066380999));
#11339=CARTESIAN_POINT('Ctrl Pts',(0.8525469709957,0.9715598902416,-9.196013432928));
#11340=CARTESIAN_POINT('Ctrl Pts',(0.8942230826268,-2.082273894556,-8.900629708836));
#11341=CARTESIAN_POINT('Ctrl Pts',(0.9286671280178,-4.356210791588,-7.953913775066));
#11342=CARTESIAN_POINT('Ctrl Pts',(0.9631150716016,-6.363290838792,-6.565215380012));
#11343=CARTESIAN_POINT('Ctrl Pts',(1.006883579037,-8.266535024629,-4.125838758282));
#11344=CARTESIAN_POINT('Ctrl Pts',(1.059244127054,-9.228243630809,-0.6132520835276));
#11345=CARTESIAN_POINT('Ctrl Pts',(1.104393869173,-8.811193977711,2.437238029077));
#11346=CARTESIAN_POINT('Ctrl Pts',(1.14170722484,-7.768429042492,4.6801643741));
#11347=CARTESIAN_POINT('Ctrl Pts',(1.177649354353,-6.344888826411,6.564721352307));
#11348=CARTESIAN_POINT('Ctrl Pts',(1.22219254928,-3.995597537437,8.29417458445));
#11349=CARTESIAN_POINT('Ctrl Pts',(1.274556888468,-0.734734852686,9.186203623543));
#11350=CARTESIAN_POINT('Ctrl Pts',(1.329788056936,2.750181442221,8.807288327558));
#11351=CARTESIAN_POINT('Ctrl Pts',(1.385027052473,5.793423431284,7.170960823244));
#11352=CARTESIAN_POINT('Ctrl Pts',(1.441749182548,8.033386403544,4.508747810159));
#11353=CARTESIAN_POINT('Ctrl Pts',(1.498477357474,9.136143584182,1.258232272336));
#11354=CARTESIAN_POINT('Ctrl Pts',(1.547388489196,8.977926305528,-1.647820342685));
#11355=CARTESIAN_POINT('Ctrl Pts',(1.587811274829,8.199101373192,-3.860950432602));
#11356=CARTESIAN_POINT('Ctrl Pts',(1.62410062563,7.125068787663,-5.654369662773));
#11357=CARTESIAN_POINT('Ctrl Pts',(1.666832431506,5.387274114081,-7.37938782755));
#11358=CARTESIAN_POINT('Ctrl Pts',(1.715168341198,2.96020992502,-8.651500139927));
#11359=CARTESIAN_POINT('Ctrl Pts',(1.766152959624,0.1501862117618,-9.151284131039));
#11360=CARTESIAN_POINT('Ctrl Pts',(1.817140249273,-2.645190056755,-8.757741372995));
#11361=CARTESIAN_POINT('Ctrl Pts',(1.869501010958,-5.216254622152,-7.511577971437));
#11362=CARTESIAN_POINT('Ctrl Pts',(1.9218668646,-7.266864963088,-5.565048111448));
#11363=CARTESIAN_POINT('Ctrl Pts',(1.977098346024,-8.666065359333,-2.973883030399));
#11364=CARTESIAN_POINT('Ctrl Pts',(2.030959395307,-9.144955568413,-0.1740482944372));
#11365=CARTESIAN_POINT('Ctrl Pts',(2.084810424512,-8.755578771254,2.593867204236));
#11366=CARTESIAN_POINT('Ctrl Pts',(2.137177145624,-7.625795674337,5.036996542633));
#11367=CARTESIAN_POINT('Ctrl Pts',(2.19240792212,-5.744472268607,7.119090841867));
#11368=CARTESIAN_POINT('Ctrl Pts',(2.247646765834,-3.340576643441,8.512065097728));
#11369=CARTESIAN_POINT('Ctrl Pts',(2.30436901742,-0.5928328509599,9.121807857037));
#11370=CARTESIAN_POINT('Ctrl Pts',(2.361099725686,2.184768939359,8.884265205239));
#11371=CARTESIAN_POINT('Ctrl Pts',(2.42093201836,4.864290879517,7.759526742424));
#11372=CARTESIAN_POINT('Ctrl Pts',(2.477905121398,6.925311117574,5.955111398166));
#11373=CARTESIAN_POINT('Ctrl Pts',(2.533372849635,8.312680485787,3.727344092952));
#11374=CARTESIAN_POINT('Ctrl Pts',(2.585739249208,9.012786206809,1.372366508905));
#11375=CARTESIAN_POINT('Ctrl Pts',(2.640970957106,9.045861328356,-1.192806955833));
#11376=CARTESIAN_POINT('Ctrl Pts',(2.696209043952,8.362685168411,-3.642510361896));
#11377=CARTESIAN_POINT('Ctrl Pts',(2.752931478854,7.00563113804,-5.838029853619));
#11378=CARTESIAN_POINT('Ctrl Pts',(2.809661890119,5.1121151852,-7.560152157535));
#11379=CARTESIAN_POINT('Ctrl Pts',(2.869495428106,2.706930528195,-8.724119270858));
#11380=CARTESIAN_POINT('Ctrl Pts',(2.927844385727,0.154935516377,-9.120869074074));
#11381=CARTESIAN_POINT('Ctrl Pts',(2.986184282416,-2.372852129327,-8.795773141789));
#11382=CARTESIAN_POINT('Ctrl Pts',(3.042914959841,-4.640962770654,-7.847204525046));
#11383=CARTESIAN_POINT('Ctrl Pts',(3.102748627668,-6.650049517508,-6.247621216056));
#11384=CARTESIAN_POINT('Ctrl Pts',(3.162589576062,-8.115747730999,-4.164662931252));
#11385=CARTESIAN_POINT('Ctrl Pts',(3.224039881463,-8.956280948116,-1.719111333576));
#11386=CARTESIAN_POINT('Ctrl Pts',(3.28549791259,-9.087911101896,0.8428126696492));
#11387=CARTESIAN_POINT('Ctrl Pts',(3.35031574295,-8.459828260841,3.447177894637));
#11388=CARTESIAN_POINT('Ctrl Pts',(3.409387649342,-7.227679939021,5.530921180121));
#11389=CARTESIAN_POINT('Ctrl Pts',(3.463955844901,-5.664411776889,7.082866481328));
#11390=CARTESIAN_POINT('Ctrl Pts',(3.512294991927,-4.031620092531,8.128987419089));
#11391=CARTESIAN_POINT('Ctrl Pts',(3.563277453131,-2.125006346241,8.826714143203));
#11392=CARTESIAN_POINT('Ctrl Pts',(3.614266026093,-0.1234012717936,9.076846801271));
#11393=CARTESIAN_POINT('Ctrl Pts',(3.666626329795,1.92020133016,8.87119106683));
#11394=CARTESIAN_POINT('Ctrl Pts',(3.718992683675,3.855339588873,8.222534658512));
#11395=CARTESIAN_POINT('Ctrl Pts',(3.774223809292,5.672424123587,7.099230348471));
#11396=CARTESIAN_POINT('Ctrl Pts',(3.828083184835,7.126034620229,5.626739501162));
#11397=CARTESIAN_POINT('Ctrl Pts',(3.881936884556,8.199993741561,3.881457795395));
#11398=CARTESIAN_POINT('Ctrl Pts',(3.934301948432,8.851251406987,2.011312876819));
#11399=CARTESIAN_POINT('Ctrl Pts',(3.989534758217,9.082079380715,-0.04933574556452));
#11400=CARTESIAN_POINT('Ctrl Pts',(4.044771247117,8.836020430985,-2.094781652229));
#11401=CARTESIAN_POINT('Ctrl Pts',(4.101495344681,8.118560397,-4.066016366849));
#11402=CARTESIAN_POINT('Ctrl Pts',(4.158224905841,6.98157174578,-5.813221458834));
#11403=CARTESIAN_POINT('Ctrl Pts',(4.21805936956,5.398143635065,-7.314529617238));
#11404=CARTESIAN_POINT('Ctrl Pts',(4.275029345376,3.602789263333,-8.331944017499));
#11405=CARTESIAN_POINT('Ctrl Pts',(4.330499021779,1.697946193568,-8.903947034185));
#11406=CARTESIAN_POINT('Ctrl Pts',(4.382864982776,-0.1617585038042,-9.067174174182));
#11407=CARTESIAN_POINT('Ctrl Pts',(4.438097363868,-2.102688277997,-8.826416054497));
#11408=CARTESIAN_POINT('Ctrl Pts',(4.493333544499,-3.934388378041,-8.174866553296));
#11409=CARTESIAN_POINT('Ctrl Pts',(4.550058398963,-5.614414487852,-7.125293165279));
#11410=CARTESIAN_POINT('Ctrl Pts',(4.606787564199,-7.023067190484,-5.749072702611));
#11411=CARTESIAN_POINT('Ctrl Pts',(4.666622496622,-8.14423168787,-4.017859271308));
#11412=CARTESIAN_POINT('Ctrl Pts',(4.724969589172,-8.819411730974,-2.136685387739));
#11413=CARTESIAN_POINT('Ctrl Pts',(4.783310988255,-9.066051424291,-0.1712769480549));
#11414=CARTESIAN_POINT('Ctrl Pts',(4.84004007422,-8.904260579098,1.73691783598));
#11415=CARTESIAN_POINT('Ctrl Pts',(4.899874876039,-8.309651716672,3.652956409815));
#11416=CARTESIAN_POINT('Ctrl Pts',(4.959714746847,-7.310460866898,5.378785823694));
#11417=CARTESIAN_POINT('Ctrl Pts',(5.021166580493,-5.930092860976,6.869536841146));
#11418=CARTESIAN_POINT('Ctrl Pts',(5.082621967943,-4.266616818859,8.015062211255));
#11419=CARTESIAN_POINT('Ctrl Pts',(5.147447589398,-2.298345101031,8.789872384682));
#11420=CARTESIAN_POINT('Ctrl Pts',(5.225687896584,0.2143030407079,9.142409300509));
#11421=CARTESIAN_POINT('Ctrl Pts',(5.320243542534,3.237335290544,8.633171344297));
#11422=CARTESIAN_POINT('Ctrl Pts',(5.429327523017,6.23155123323,6.812130390481));
#11423=CARTESIAN_POINT('Ctrl Pts',(5.523388013429,8.000363366799,4.408917738205));
#11424=CARTESIAN_POINT('Ctrl Pts',(5.601127776155,8.810446138891,2.137985304927));
#11425=CARTESIAN_POINT('Ctrl Pts',(5.678874014671,9.135440649135,-0.2380692416915));
#11426=CARTESIAN_POINT('Ctrl Pts',(5.777659264324,8.642463330487,-3.254082860644));
#11427=CARTESIAN_POINT('Ctrl Pts',(5.895831666229,6.737297162062,-6.334731420552));
#11428=CARTESIAN_POINT('Ctrl Pts',(5.997733680514,4.218089008241,-8.112340428489));
#11429=CARTESIAN_POINT('Ctrl Pts',(6.081948235035,1.850875335241,-8.879472152635));
#11430=CARTESIAN_POINT('Ctrl Pts',(6.163067734208,-0.5208127416809,-9.117650305179));
#11431=CARTESIAN_POINT('Ctrl Pts',(6.26360077064,-3.423908645047,-8.553143289095));
#11432=CARTESIAN_POINT('Ctrl Pts',(6.381775347293,-6.333560431379,-6.707227508602));
#11433=CARTESIAN_POINT('Ctrl Pts',(6.483674573328,-8.043265037797,-4.321403993898));
#11434=CARTESIAN_POINT('Ctrl Pts',(6.567892770282,-8.82235384775,-2.079682836633));
#11435=CARTESIAN_POINT('Ctrl Pts',(6.652118761193,-9.130628727765,0.2610004973433));
#11436=CARTESIAN_POINT('Ctrl Pts',(6.759134613658,-8.644164891412,3.229494135845));
#11437=CARTESIAN_POINT('Ctrl Pts',(6.88715528115,-6.78509987118,6.272790375722));
#11438=CARTESIAN_POINT('Ctrl Pts',(6.997550262069,-4.324161770682,8.05162648377));
#11439=CARTESIAN_POINT('Ctrl Pts',(7.088779873992,-2.003637387848,8.844290839704));
#11440=CARTESIAN_POINT('Ctrl Pts',(7.168035744209,0.1000017344956,9.09530706197));
#11441=CARTESIAN_POINT('Ctrl Pts',(7.258956370627,2.500697028135,8.77951049178));
#11442=CARTESIAN_POINT('Ctrl Pts',(7.35965878645,4.930746289371,7.691803655545));
#11443=CARTESIAN_POINT('Ctrl Pts',(7.465873243969,7.023326107145,5.857908137574));
#11444=CARTESIAN_POINT('Ctrl Pts',(7.57210105364,8.449168736788,3.49305142682));
#11445=CARTESIAN_POINT('Ctrl Pts',(7.681183124027,9.10800594552,0.7676238771438));
#11446=CARTESIAN_POINT('Ctrl Pts',(7.790281339763,8.925367498191,-2.009505821369));
#11447=CARTESIAN_POINT('Ctrl Pts',(7.905343921612,7.853465868148,-4.711948650746));
#11448=CARTESIAN_POINT('Ctrl Pts',(8.017556511161,6.042185322568,-6.863621355116));
#11449=CARTESIAN_POINT('Ctrl Pts',(8.12974528231,3.697447047829,-8.347989857747));
#11450=CARTESIAN_POINT('Ctrl Pts',(8.238844827116,1.117675999577,-9.069565342887));
#11451=CARTESIAN_POINT('Ctrl Pts',(8.353908054094,-1.680383635818,-8.991624089668));
#11452=CARTESIAN_POINT('Ctrl Pts',(8.468988531316,-4.300748441544,-8.069894120088));
#11453=CARTESIAN_POINT('Ctrl Pts',(8.587161381153,-6.553646415493,-6.373639439927));
#11454=CARTESIAN_POINT('Ctrl Pts',(8.705351046546,-8.181849131158,-4.097203431308));
#11455=CARTESIAN_POINT('Ctrl Pts',(8.83000161897,-9.06596929938,-1.310927461615));
#11456=CARTESIAN_POINT('Ctrl Pts',(8.948696461629,-9.020209874072,1.449465798559));
#11457=CARTESIAN_POINT('Ctrl Pts',(9.064252091682,-8.20242180332,3.969062812058));
#11458=CARTESIAN_POINT('Ctrl Pts',(9.173351609474,-6.832120041583,6.040172231484));
#11459=CARTESIAN_POINT('Ctrl Pts',(9.288415881649,-4.858174217176,7.726910817033));
#11460=CARTESIAN_POINT('Ctrl Pts',(9.403495547343,-2.503376341195,8.774783049347));
#11461=CARTESIAN_POINT('Ctrl Pts',(9.521668949299,0.09227031077578,9.122375299141));
#11462=CARTESIAN_POINT('Ctrl Pts',(9.639857570113,2.66283798052,8.733417876583));
#11463=CARTESIAN_POINT('Ctrl Pts',(9.76451018425,5.118538657969,7.571112592998));
#11464=CARTESIAN_POINT('Ctrl Pts',(9.886072435753,7.053423188898,5.791670069304));
#11465=CARTESIAN_POINT('Ctrl Pts',(10.00761198034,8.388075571773,3.565226139685));
#11466=CARTESIAN_POINT('Ctrl Pts',(10.12580163925,9.048856092464,1.147938477358));
#11467=CARTESIAN_POINT('Ctrl Pts',(10.25045540814,9.010122766328,-1.471174079115));
#11468=CARTESIAN_POINT('Ctrl Pts',(10.37512449316,8.227831210878,-3.950185534684));
#11469=CARTESIAN_POINT('Ctrl Pts',(10.50314596845,6.750929838963,-6.138962855731));
#11470=CARTESIAN_POINT('Ctrl Pts',(10.63118413254,4.732565517035,-7.810407999508));
#11471=CARTESIAN_POINT('Ctrl Pts',(10.76622343469,2.208328932178,-8.870300905526));
#11472=CARTESIAN_POINT('Ctrl Pts',(10.89193790343,-0.3084083232664,-9.106959294433));
#11473=CARTESIAN_POINT('Ctrl Pts',(11.01114326286,-2.634452035248,-8.6942104935));
#11474=CARTESIAN_POINT('Ctrl Pts',(11.12024297523,-4.604180319315,-7.837707563911));
#11475=CARTESIAN_POINT('Ctrl Pts',(11.23530795568,-6.390178120893,-6.473400782963));
#11476=CARTESIAN_POINT('Ctrl Pts',(11.35038594507,-7.772927017127,-4.721369754702));
#11477=CARTESIAN_POINT('Ctrl Pts',(11.46856184251,-8.698908444402,-2.648208883556));
#11478=CARTESIAN_POINT('Ctrl Pts',(11.5867488978,-9.088835703433,-0.4272348539562));
#11479=CARTESIAN_POINT('Ctrl Pts',(11.71140363851,-8.900042992449,1.92353670129));
#11480=CARTESIAN_POINT('Ctrl Pts',(11.83296313534,-8.133215258841,4.073518563144));
#11481=CARTESIAN_POINT('Ctrl Pts',(11.95450552486,-6.871878333903,5.945872040798));
#11482=CARTESIAN_POINT('Ctrl Pts',(12.07269339227,-5.261635245133,7.415568284649));
#11483=CARTESIAN_POINT('Ctrl Pts',(12.19734869727,-3.254026840987,8.497073355579));
#11484=CARTESIAN_POINT('Ctrl Pts',(12.32201657339,-1.055263536438,9.035668478607));
#11485=CARTESIAN_POINT('Ctrl Pts',(12.45003991296,1.246475996348,9.009743942719));
#11486=CARTESIAN_POINT('Ctrl Pts',(12.57807664112,3.454373002745,8.420406533185));
#11487=CARTESIAN_POINT('Ctrl Pts',(12.71311847285,5.529814798516,7.237410534699));
#11488=CARTESIAN_POINT('Ctrl Pts',(12.84169952294,7.128012883455,5.644174767833));
#11489=CARTESIAN_POINT('Ctrl Pts',(12.96689015577,8.249195807678,3.785336020489));
#11490=CARTESIAN_POINT('Ctrl Pts',(13.08507876106,8.889905102026,1.853387989042));
#11491=CARTESIAN_POINT('Ctrl Pts',(13.20973451474,9.082586070815,-0.2674010587974));
#11492=CARTESIAN_POINT('Ctrl Pts',(13.33440135346,8.773457173433,-2.358841002217));
#11493=CARTESIAN_POINT('Ctrl Pts',(13.46242598419,7.971961627962,-4.35453158056));
#11494=CARTESIAN_POINT('Ctrl Pts',(13.59046145216,6.739532960434,-6.098082353402));
#11495=CARTESIAN_POINT('Ctrl Pts',(13.72550525225,5.053533067924,-7.561585116855));
#11496=CARTESIAN_POINT('Ctrl Pts',(13.85719376238,3.123990336272,-8.532596035288));
#11497=CARTESIAN_POINT('Ctrl Pts',(13.98886620685,1.04344778305,-9.018090513598));
#11498=CARTESIAN_POINT('Ctrl Pts',(14.11690237969,-1.018893796067,-9.025775669844));
#11499=CARTESIAN_POINT('Ctrl Pts',(14.25194672257,-3.119331002815,-8.536577035954));
#11500=CARTESIAN_POINT('Ctrl Pts',(14.38700295019,-5.028168907397,-7.569095681858));
#11501=CARTESIAN_POINT('Ctrl Pts',(14.52569569821,-6.682351836308,-6.155833234556));
#11502=CARTESIAN_POINT('Ctrl Pts',(14.66440277291,-7.950329079664,-4.408447851373));
#11503=CARTESIAN_POINT('Ctrl Pts',(14.84204691707,-8.978054075346,-1.868920021998));
#11504=CARTESIAN_POINT('Ctrl Pts',(14.97230213286,-9.088090870643,0.1408933023241));
#11505=CARTESIAN_POINT('Ctrl Pts',(15.05495805649,-8.8955312065,1.365526918207));
#11506=CARTESIAN_POINT('Ctrl Pts',(15.00000000741,-9.999872443958,-0.05050846035306));
#11507=CARTESIAN_POINT('Ctrl Pts',(15.13034523386,-9.999831104602,-0.05869297669127));
#11508=CARTESIAN_POINT('Ctrl Pts',(15.39103568515,-9.891555618296,-0.07451556145013));
#11509=CARTESIAN_POINT('Ctrl Pts',(15.55300796109,-9.499703433161,-0.08270711149584));
#11510=CARTESIAN_POINT('Ctrl Pts',(15.39103567353,-9.107953987957,-0.07055783552904));
#11511=CARTESIAN_POINT('Ctrl Pts',(15.13034521903,-8.999843859074,-0.05364235493506));
#11512=CARTESIAN_POINT('Ctrl Pts',(14.99999999259,-8.999885198429,-0.04545783859684));
#11513=CARTESIAN_POINT('Origin',(15.,-9.499878821194,-0.04798314947495));
#11514=CARTESIAN_POINT('Ctrl Pts',(-0.01106559666552,0.03078257597388,-0.1874588541402));
#11515=CARTESIAN_POINT('Ctrl Pts',(-0.01106559666552,-0.50278207424,3.061827950956));
#11516=CARTESIAN_POINT('Ctrl Pts',(-0.01106559666552,-1.036346724454,6.311114756053));
#11517=CARTESIAN_POINT('Ctrl Pts',(-0.01106559666552,-1.569911374668,9.560401561149));
#11518=CARTESIAN_POINT('Ctrl Pts',(-0.007377064443679,0.02052785817013,
-0.1891695618994));
#11519=CARTESIAN_POINT('Ctrl Pts',(-0.007377064443679,-0.335288350112,3.089769511024));
#11520=CARTESIAN_POINT('Ctrl Pts',(-0.007377064443679,-0.6911045583942,
6.368708583947));
#11521=CARTESIAN_POINT('Ctrl Pts',(-0.007377064443679,-1.046920766676,9.64764765687));
#11522=CARTESIAN_POINT('Ctrl Pts',(0.003074495081134,-0.008659281225738,
-0.1915226315537));
#11523=CARTESIAN_POINT('Ctrl Pts',(0.003074495081134,0.1414349266871,3.128202982043));
#11524=CARTESIAN_POINT('Ctrl Pts',(0.003074495081134,0.2915291345998,6.44792859564));
#11525=CARTESIAN_POINT('Ctrl Pts',(0.003074495081134,0.4416233425126,9.767654209237));
#11526=CARTESIAN_POINT('Ctrl Pts',(0.0208526675175,-0.05730419014585,-0.1841837756917));
#11527=CARTESIAN_POINT('Ctrl Pts',(0.0208526675175,0.9359684390489,3.008335002965));
#11528=CARTESIAN_POINT('Ctrl Pts',(0.0208526675175,1.929241068244,6.200853781622));
#11529=CARTESIAN_POINT('Ctrl Pts',(0.0208526675175,2.922513697438,9.393372560279));
#11530=CARTESIAN_POINT('Ctrl Pts',(0.04226892064358,-0.1094228752944,-0.1589514854707));
#11531=CARTESIAN_POINT('Ctrl Pts',(0.04226892064358,1.787240296475,2.596207596022));
#11532=CARTESIAN_POINT('Ctrl Pts',(0.04226892064358,3.683903468245,5.351366677514));
#11533=CARTESIAN_POINT('Ctrl Pts',(0.04226892064358,5.580566640015,8.106525759006));
#11534=CARTESIAN_POINT('Ctrl Pts',(0.06485931045421,-0.1527685436963,-0.118076433941));
#11535=CARTESIAN_POINT('Ctrl Pts',(0.06485931045421,2.495219547039,1.928581754369));
#11536=CARTESIAN_POINT('Ctrl Pts',(0.06485931045421,5.143207637775,3.975239942679));
#11537=CARTESIAN_POINT('Ctrl Pts',(0.06485931045421,7.79119572851,6.021898130989));
#11538=CARTESIAN_POINT('Ctrl Pts',(0.08744970026484,-0.1808887253492,-0.06708833890561));
#11539=CARTESIAN_POINT('Ctrl Pts',(0.08744970026484,2.95451584737,1.095776202125));
#11540=CARTESIAN_POINT('Ctrl Pts',(0.08744970026484,6.089920420088,2.258640743155));
#11541=CARTESIAN_POINT('Ctrl Pts',(0.08744970026484,9.225324992807,3.421505284186));
#11542=CARTESIAN_POINT('Ctrl Pts',(0.1106506411514,-0.1925484218905,-0.009962971044989));
#11543=CARTESIAN_POINT('Ctrl Pts',(0.1106506411514,3.144957557545,0.1627285270682));
#11544=CARTESIAN_POINT('Ctrl Pts',(0.1106506411514,6.482463536981,0.3354200251813));
#11545=CARTESIAN_POINT('Ctrl Pts',(0.1106506411514,9.819969516417,0.5081115232945));
#11546=CARTESIAN_POINT('Ctrl Pts',(0.133851582038,-0.1871178208605,0.04687506889951));
#11547=CARTESIAN_POINT('Ctrl Pts',(0.133851582038,3.056257740721,-0.7656261253587));
#11548=CARTESIAN_POINT('Ctrl Pts',(0.133851582038,6.299633302302,-1.578127319617));
#11549=CARTESIAN_POINT('Ctrl Pts',(0.133851582038,9.543008863883,-2.390628513875));
#11550=CARTESIAN_POINT('Ctrl Pts',(0.1583245043329,-0.1643663275119,0.1011904202638));
#11551=CARTESIAN_POINT('Ctrl Pts',(0.1583245043329,2.684650016028,-1.652776864309));
#11552=CARTESIAN_POINT('Ctrl Pts',(0.1583245043329,5.533666359569,-3.406744148882));
#11553=CARTESIAN_POINT('Ctrl Pts',(0.1583245043329,8.382682703109,-5.160711433455));
#11554=CARTESIAN_POINT('Ctrl Pts',(0.1821868755517,-0.1279550945584,0.1440507307075));
#11555=CARTESIAN_POINT('Ctrl Pts',(0.1821868755517,2.08993321112,-2.352828601556));
#11556=CARTESIAN_POINT('Ctrl Pts',(0.1821868755517,4.307821516799,-4.849707933819));
#11557=CARTESIAN_POINT('Ctrl Pts',(0.1821868755517,6.525709822477,-7.346587266083));
#11558=CARTESIAN_POINT('Ctrl Pts',(0.2060492467706,-0.08195972129032,0.1740309140112));
#11559=CARTESIAN_POINT('Ctrl Pts',(0.2060492467706,1.338675447742,-2.84250492885));
#11560=CARTESIAN_POINT('Ctrl Pts',(0.2060492467706,2.759310616774,-5.859040771711));
#11561=CARTESIAN_POINT('Ctrl Pts',(0.2060492467706,4.179945785806,-8.875576614572));
#11562=CARTESIAN_POINT('Ctrl Pts',(0.2292501876572,-0.03193917022733,0.1897919852493));
#11563=CARTESIAN_POINT('Ctrl Pts',(0.2292501876572,0.5216731137131,-3.099935759072));
#11564=CARTESIAN_POINT('Ctrl Pts',(0.2292501876572,1.075285397654,-6.389663503393));
#11565=CARTESIAN_POINT('Ctrl Pts',(0.2292501876572,1.628897681594,-9.679391247714));
#11566=CARTESIAN_POINT('Ctrl Pts',(0.2537231099521,0.02230952742733,0.191279236286));
#11567=CARTESIAN_POINT('Ctrl Pts',(0.2537231099521,-0.3643889479797,-3.124227526004));
#11568=CARTESIAN_POINT('Ctrl Pts',(0.2537231099521,-0.7510874233866,-6.439734288294));
#11569=CARTESIAN_POINT('Ctrl Pts',(0.2537231099521,-1.137785898794,-9.755241050584));
#11570=CARTESIAN_POINT('Ctrl Pts',(0.2781960322469,0.07387209299121,0.1777346345929));
#11571=CARTESIAN_POINT('Ctrl Pts',(0.2781960322469,-1.206577518856,-2.902999031685));
#11572=CARTESIAN_POINT('Ctrl Pts',(0.2781960322469,-2.487027130704,-5.983732697962));
#11573=CARTESIAN_POINT('Ctrl Pts',(0.2781960322469,-3.767476742552,-9.064466364239));
#11574=CARTESIAN_POINT('Ctrl Pts',(0.303330384874,0.1200262844505,0.1503611612024));
#11575=CARTESIAN_POINT('Ctrl Pts',(0.303330384874,-1.960429312691,-2.455898966306));
#11576=CARTESIAN_POINT('Ctrl Pts',(0.303330384874,-4.040884909833,-5.062159093815));
#11577=CARTESIAN_POINT('Ctrl Pts',(0.303330384874,-6.121340506975,-7.668419221323));
#11578=CARTESIAN_POINT('Ctrl Pts',(0.3284647375012,0.1564438857971,0.1121579660808));
#11579=CARTESIAN_POINT('Ctrl Pts',(0.3284647375012,-2.555250134686,-1.831913445986));
#11580=CARTESIAN_POINT('Ctrl Pts',(0.3284647375012,-5.266944155169,-3.775984858052));
#11581=CARTESIAN_POINT('Ctrl Pts',(0.3284647375012,-7.978638175652,-5.720056270119));
#11582=CARTESIAN_POINT('Ctrl Pts',(0.3549770699873,0.1817775243926,0.06370483968368));
#11583=CARTESIAN_POINT('Ctrl Pts',(0.3549770699873,-2.969032898412,-1.0405123815));
#11584=CARTESIAN_POINT('Ctrl Pts',(0.3549770699873,-6.119843321217,-2.144729602684));
#11585=CARTESIAN_POINT('Ctrl Pts',(0.3549770699873,-9.270653744022,-3.248946823867));
#11586=CARTESIAN_POINT('Ctrl Pts',(0.3802174210651,0.1917060674738,0.01348779152496));
#11587=CARTESIAN_POINT('Ctrl Pts',(0.3802174210651,-3.131199102071,-0.2203005949076));
#11588=CARTESIAN_POINT('Ctrl Pts',(0.3802174210651,-6.454104271616,-0.4540889813402));
#11589=CARTESIAN_POINT('Ctrl Pts',(0.3802174210651,-9.777009441161,-0.6878773677728));
#11590=CARTESIAN_POINT('Ctrl Pts',(0.4047963418106,0.1885089494862,-0.03524984422364));
#11591=CARTESIAN_POINT('Ctrl Pts',(0.4047963418106,-3.078979508274,0.5757474556528));
#11592=CARTESIAN_POINT('Ctrl Pts',(0.4047963418106,-6.346467966034,1.186744755529));
#11593=CARTESIAN_POINT('Ctrl Pts',(0.4047963418106,-9.613956423794,1.797742055406));
#11594=CARTESIAN_POINT('Ctrl Pts',(0.4279972826972,0.1749899271684,-0.07868204269371));
#11595=CARTESIAN_POINT('Ctrl Pts',(0.4279972826972,-2.858168810418,1.285140030664));
#11596=CARTESIAN_POINT('Ctrl Pts',(0.4279972826972,-5.891327548004,2.648962104022));
#11597=CARTESIAN_POINT('Ctrl Pts',(0.4279972826972,-8.92448628559,4.012784177379));
#11598=CARTESIAN_POINT('Ctrl Pts',(0.4524702049921,0.1505245511886,-0.1191403882622));
#11599=CARTESIAN_POINT('Ctrl Pts',(0.4524702049921,-2.458567669414,1.945959674949));
#11600=CARTESIAN_POINT('Ctrl Pts',(0.4524702049921,-5.067659890018,4.011059738161));
#11601=CARTESIAN_POINT('Ctrl Pts',(0.4524702049921,-7.676752110621,6.076159801373));
#11602=CARTESIAN_POINT('Ctrl Pts',(0.4769431272869,0.1173127228772,-0.1518771016972));
#11603=CARTESIAN_POINT('Ctrl Pts',(0.4769431272869,-1.916107806993,2.48065932772));
#11604=CARTESIAN_POINT('Ctrl Pts',(0.4769431272869,-3.949528336864,5.113195757138));
#11605=CARTESIAN_POINT('Ctrl Pts',(0.4769431272869,-5.982948866735,7.745732186555));
#11606=CARTESIAN_POINT('Ctrl Pts',(0.502077479914,0.07671622658448,-0.1758528672806));
#11607=CARTESIAN_POINT('Ctrl Pts',(0.502077479914,-1.25303170088,2.872263498917));
#11608=CARTESIAN_POINT('Ctrl Pts',(0.502077479914,-2.582779628344,5.920379865114));
#11609=CARTESIAN_POINT('Ctrl Pts',(0.502077479914,-3.912527555808,8.968496231311));
#11610=CARTESIAN_POINT('Ctrl Pts',(0.5272118325412,0.03214602417069,-0.1892413657626));
#11611=CARTESIAN_POINT('Ctrl Pts',(0.5272118325412,-0.5250517281213,3.090942307456));
#11612=CARTESIAN_POINT('Ctrl Pts',(0.5272118325412,-1.082249480413,6.371125980674));
#11613=CARTESIAN_POINT('Ctrl Pts',(0.5272118325412,-1.639447232705,9.651309653892));
#11614=CARTESIAN_POINT('Ctrl Pts',(0.5537241650273,-0.01619747396816,-0.1913783039839));
#11615=CARTESIAN_POINT('Ctrl Pts',(0.5537241650273,0.26455874148,3.125845631738));
#11616=CARTESIAN_POINT('Ctrl Pts',(0.5537241650273,0.5453149569281,6.443069567459));
#11617=CARTESIAN_POINT('Ctrl Pts',(0.5537241650273,0.8260711723762,9.76029350318));
#11618=CARTESIAN_POINT('Ctrl Pts',(0.5795750671811,-0.06172905557327,-0.1816555730849));
#11619=CARTESIAN_POINT('Ctrl Pts',(0.5795750671811,1.00824124103,2.967041027053));
#11620=CARTESIAN_POINT('Ctrl Pts',(0.5795750671811,2.078211537633,6.115737627191));
#11621=CARTESIAN_POINT('Ctrl Pts',(0.5795750671811,3.148181834237,9.264434227329));
#11622=CARTESIAN_POINT('Ctrl Pts',(0.6054259693348,-0.1029583907407,-0.16166079965));
#11623=CARTESIAN_POINT('Ctrl Pts',(0.6054259693348,1.681653715432,2.640459727616));
#11624=CARTESIAN_POINT('Ctrl Pts',(0.6054259693348,3.466265821604,5.442580254882));
#11625=CARTESIAN_POINT('Ctrl Pts',(0.6054259693348,5.250877927777,8.244700782148));
#11626=CARTESIAN_POINT('Ctrl Pts',(0.630560321962,-0.1371914933525,-0.1339676804279));
#11627=CARTESIAN_POINT('Ctrl Pts',(0.630560321962,2.240794391424,2.188138780322));
#11628=CARTESIAN_POINT('Ctrl Pts',(0.630560321962,4.6187802762,4.510245241072));
#11629=CARTESIAN_POINT('Ctrl Pts',(0.630560321962,6.996766160977,6.832351701823));
#11630=CARTESIAN_POINT('Ctrl Pts',(0.6570726544481,-0.1651549009832,-0.0976341712825));
#11631=CARTESIAN_POINT('Ctrl Pts',(0.6570726544481,2.697530049393,1.594691464281));
#11632=CARTESIAN_POINT('Ctrl Pts',(0.6570726544481,5.560214999768,3.287017099844));
#11633=CARTESIAN_POINT('Ctrl Pts',(0.6570726544481,8.422899950144,4.979342735407));
#11634=CARTESIAN_POINT('Ctrl Pts',(0.6835849869341,-0.1833958051544,-0.05617124250088));
#11635=CARTESIAN_POINT('Ctrl Pts',(0.6835849869341,2.995464817523,0.9174636275145));
#11636=CARTESIAN_POINT('Ctrl Pts',(0.6835849869341,6.1743254402,1.89109849753));
#11637=CARTESIAN_POINT('Ctrl Pts',(0.6835849869341,9.353186062877,2.864733367545));
#11638=CARTESIAN_POINT('Ctrl Pts',(0.7108138689469,-0.1914465899885,-0.01100759982312));
#11639=CARTESIAN_POINT('Ctrl Pts',(0.7108138689469,3.126960969812,0.1797907971109));
#11640=CARTESIAN_POINT('Ctrl Pts',(0.7108138689469,6.445368529612,0.370589194045));
#11641=CARTESIAN_POINT('Ctrl Pts',(0.7108138689469,9.763776089412,0.561387590979));
#11642=CARTESIAN_POINT('Ctrl Pts',(0.7380427509596,-0.1887735588459,0.034264983123));
#11643=CARTESIAN_POINT('Ctrl Pts',(0.7380427509596,3.08330146115,-0.5596613910089));
#11644=CARTESIAN_POINT('Ctrl Pts',(0.7380427509596,6.355376481145,-1.153587765141));
#11645=CARTESIAN_POINT('Ctrl Pts',(0.7380427509596,9.62745150114,-1.747514139273));
#11646=CARTESIAN_POINT('Ctrl Pts',(0.7667644444862,-0.1747882304766,0.07937425020118));
#11647=CARTESIAN_POINT('Ctrl Pts',(0.7667644444862,2.854874431118,-1.296446086619));
#11648=CARTESIAN_POINT('Ctrl Pts',(0.7667644444862,5.884537092713,-2.67226642344));
#11649=CARTESIAN_POINT('Ctrl Pts',(0.7667644444862,8.914199754307,-4.04808676026));
#11650=CARTESIAN_POINT('Ctrl Pts',(0.8014347710654,-0.1453804167765,0.1274380989297));
#11651=CARTESIAN_POINT('Ctrl Pts',(0.8014347710654,2.37454680735,-2.081488949185));
#11652=CARTESIAN_POINT('Ctrl Pts',(0.8014347710654,4.894474031476,-4.290415997301));
#11653=CARTESIAN_POINT('Ctrl Pts',(0.8014347710654,7.414401255602,-6.499343045416));
#11654=CARTESIAN_POINT('Ctrl Pts',(0.8433257121055,-0.09365824579888,0.1710273675848));
#11655=CARTESIAN_POINT('Ctrl Pts',(0.8433257121055,1.529751348048,-2.793447003884));
#11656=CARTESIAN_POINT('Ctrl Pts',(0.8433257121055,3.153160941896,-5.757921375353));
#11657=CARTESIAN_POINT('Ctrl Pts',(0.8433257121055,4.776570535743,-8.722395746822));
#11658=CARTESIAN_POINT('Ctrl Pts',(0.8916610056192,-0.02051643432064,0.19410157388));
#11659=CARTESIAN_POINT('Ctrl Pts',(0.8916610056192,0.3351017605704,-3.170325706706));
#11660=CARTESIAN_POINT('Ctrl Pts',(0.8916610056192,0.6907199554614,-6.534752987293));
#11661=CARTESIAN_POINT('Ctrl Pts',(0.8916610056192,1.046338150352,-9.899180267879));
#11662=CARTESIAN_POINT('Ctrl Pts',(0.9333311165537,0.04393332667733,0.18787324383));
#11663=CARTESIAN_POINT('Ctrl Pts',(0.9333311165537,-0.717577669063,-3.06859631589));
#11664=CARTESIAN_POINT('Ctrl Pts',(0.9333311165537,-1.479088664803,-6.325065875609));
#11665=CARTESIAN_POINT('Ctrl Pts',(0.9333311165537,-2.240599660544,-9.581535435329));
#11666=CARTESIAN_POINT('Ctrl Pts',(0.9677806130273,0.09193964077192,0.1678910800114));
#11667=CARTESIAN_POINT('Ctrl Pts',(0.9677806130273,-1.501680799275,-2.742220973519));
#11668=CARTESIAN_POINT('Ctrl Pts',(0.9677806130273,-3.095301239321,-5.652333027049));
#11669=CARTESIAN_POINT('Ctrl Pts',(0.9677806130273,-4.688921679368,-8.562445080579));
#11670=CARTESIAN_POINT('Ctrl Pts',(1.002230109501,0.1343067020821,0.1385792750971));
#11671=CARTESIAN_POINT('Ctrl Pts',(1.002230109501,-2.193676134008,-2.263461493252));
#11672=CARTESIAN_POINT('Ctrl Pts',(1.002230109501,-4.521658970098,-4.665502261601));
#11673=CARTESIAN_POINT('Ctrl Pts',(1.002230109501,-6.849641806188,-7.06754302995));
#11674=CARTESIAN_POINT('Ctrl Pts',(1.045994749821,0.1744783113529,0.08709738223097));
#11675=CARTESIAN_POINT('Ctrl Pts',(1.045994749821,-2.849812418763,-1.422590576439));
#11676=CARTESIAN_POINT('Ctrl Pts',(1.045994749821,-5.87410314888,-2.932278535109));
#11677=CARTESIAN_POINT('Ctrl Pts',(1.045994749821,-8.898393878996,-4.44196649378));
#11678=CARTESIAN_POINT('Ctrl Pts',(1.098357984461,0.1947823133735,0.01295396045721));
#11679=CARTESIAN_POINT('Ctrl Pts',(1.098357984461,-3.181444451767,-0.2115813541345));
#11680=CARTESIAN_POINT('Ctrl Pts',(1.098357984461,-6.557671216908,-0.4361166687261));
#11681=CARTESIAN_POINT('Ctrl Pts',(1.098357984461,-9.933897982048,-0.6606519833178));
#11682=CARTESIAN_POINT('Ctrl Pts',(1.14350060464,0.1859866849455,-0.05142455521851));
#11683=CARTESIAN_POINT('Ctrl Pts',(1.14350060464,-3.037782520777,0.8399344019024));
#11684=CARTESIAN_POINT('Ctrl Pts',(1.14350060464,-6.2615517265,1.731293359023));
#11685=CARTESIAN_POINT('Ctrl Pts',(1.14350060464,-9.485320932222,2.622652316144));
#11686=CARTESIAN_POINT('Ctrl Pts',(1.180820892486,0.1639762741169,-0.09877776322593));
#11687=CARTESIAN_POINT('Ctrl Pts',(1.180820892486,-2.678279143909,1.61337013269));
#11688=CARTESIAN_POINT('Ctrl Pts',(1.180820892486,-5.520534561934,3.325518028606));
#11689=CARTESIAN_POINT('Ctrl Pts',(1.180820892486,-8.36278997996,5.037665924522));
#11690=CARTESIAN_POINT('Ctrl Pts',(1.216763200474,0.1339302334805,-0.1385569658176));
#11691=CARTESIAN_POINT('Ctrl Pts',(1.216763200474,-2.187527146848,2.263097108354));
#11692=CARTESIAN_POINT('Ctrl Pts',(1.216763200474,-4.508984527175,4.664751182525));
#11693=CARTESIAN_POINT('Ctrl Pts',(1.216763200474,-6.830441907503,7.066405256696));
#11694=CARTESIAN_POINT('Ctrl Pts',(1.261304102781,0.0843480422501,-0.1750620261402));
#11695=CARTESIAN_POINT('Ctrl Pts',(1.261304102781,-1.377684690085,2.859346426957));
#11696=CARTESIAN_POINT('Ctrl Pts',(1.261304102781,-2.83971742242,5.893754880054));
#11697=CARTESIAN_POINT('Ctrl Pts',(1.261304102781,-4.301750154755,8.928163333152));
#11698=CARTESIAN_POINT('Ctrl Pts',(1.313667337421,0.01552271179917,-0.1938953989184));
#11699=CARTESIAN_POINT('Ctrl Pts',(1.313667337421,-0.2535376260532,3.166958182333));
#11700=CARTESIAN_POINT('Ctrl Pts',(1.313667337421,-0.5225979639055,6.527811763585));
#11701=CARTESIAN_POINT('Ctrl Pts',(1.313667337421,-0.7916583017579,9.888665344837));
#11702=CARTESIAN_POINT('Ctrl Pts',(1.368901363433,-0.0580387891354,-0.1859014296622));
#11703=CARTESIAN_POINT('Ctrl Pts',(1.368901363433,0.9479668892115,3.036390017815));
#11704=CARTESIAN_POINT('Ctrl Pts',(1.368901363433,1.953972567558,6.258681465293));
#11705=CARTESIAN_POINT('Ctrl Pts',(1.368901363433,2.959978245905,9.48097291277));
#11706=CARTESIAN_POINT('Ctrl Pts',(1.424135389446,-0.1222702894157,-0.1513707834152));
#11707=CARTESIAN_POINT('Ctrl Pts',(1.424135389446,1.99708139379,2.472389462447));
#11708=CARTESIAN_POINT('Ctrl Pts',(1.424135389446,4.116433076995,5.09614970831));
#11709=CARTESIAN_POINT('Ctrl Pts',(1.424135389446,6.2357847602,7.719909954173));
#11710=CARTESIAN_POINT('Ctrl Pts',(1.480862226973,-0.1695586754616,-0.09517750113683));
#11711=CARTESIAN_POINT('Ctrl Pts',(1.480862226973,2.769458365872,1.554565851902));
#11712=CARTESIAN_POINT('Ctrl Pts',(1.480862226973,5.708475407206,3.20430920494));
#11713=CARTESIAN_POINT('Ctrl Pts',(1.480862226973,8.64749244854,4.854052557978));
#11714=CARTESIAN_POINT('Ctrl Pts',(1.537589064499,-0.1928364649771,-0.02657055551231));
#11715=CARTESIAN_POINT('Ctrl Pts',(1.537589064499,3.149662261292,0.4339857400344));
#11716=CARTESIAN_POINT('Ctrl Pts',(1.537589064499,6.492160987562,0.8945420355812));
#11717=CARTESIAN_POINT('Ctrl Pts',(1.537589064499,9.834659713831,1.355098331128));
#11718=CARTESIAN_POINT('Ctrl Pts',(1.586493569693,-0.1895045876912,0.0347603048641));
#11719=CARTESIAN_POINT('Ctrl Pts',(1.586493569693,3.095241598956,-0.5677516461136));
#11720=CARTESIAN_POINT('Ctrl Pts',(1.586493569693,6.379987785603,-1.170263597091));
#11721=CARTESIAN_POINT('Ctrl Pts',(1.586493569693,9.66473397225,-1.772775548069));
#11722=CARTESIAN_POINT('Ctrl Pts',(1.626923881527,-0.1730663906487,0.08148419761458));
#11723=CARTESIAN_POINT('Ctrl Pts',(1.626923881527,2.826751047262,-1.330908561038));
#11724=CARTESIAN_POINT('Ctrl Pts',(1.626923881527,5.826568485173,-2.743301319691));
#11725=CARTESIAN_POINT('Ctrl Pts',(1.626923881527,8.826385923084,-4.155694078343));
#11726=CARTESIAN_POINT('Ctrl Pts',(1.663211420579,-0.15039954544,0.1193377326688));
#11727=CARTESIAN_POINT('Ctrl Pts',(1.663211420579,2.456525908853,-1.949182966924));
#11728=CARTESIAN_POINT('Ctrl Pts',(1.663211420579,5.063451363145,-4.017703666518));
#11729=CARTESIAN_POINT('Ctrl Pts',(1.663211420579,7.670376817438,-6.086224366111));
#11730=CARTESIAN_POINT('Ctrl Pts',(1.705943312105,-0.1137222101377,0.155751106989));
#11731=CARTESIAN_POINT('Ctrl Pts',(1.705943312105,1.857462765583,-2.543934747487));
#11732=CARTESIAN_POINT('Ctrl Pts',(1.705943312105,3.828647741303,-5.243620601964));
#11733=CARTESIAN_POINT('Ctrl Pts',(1.705943312105,5.799832717024,-7.94330645644));
#11734=CARTESIAN_POINT('Ctrl Pts',(1.754278605619,-0.06249589762271,0.1826055440585));
#11735=CARTESIAN_POINT('Ctrl Pts',(1.754278605619,1.020766327838,-2.982557219622));
#11736=CARTESIAN_POINT('Ctrl Pts',(1.754278605619,2.104028553298,-6.147719983303));
#11737=CARTESIAN_POINT('Ctrl Pts',(1.754278605619,3.187290778758,-9.312882746984));
#11738=CARTESIAN_POINT('Ctrl Pts',(1.8052638604,-0.003183852332973,0.1931589503044));
#11739=CARTESIAN_POINT('Ctrl Pts',(1.8052638604,0.05200292143855,-3.154929521638));
#11740=CARTESIAN_POINT('Ctrl Pts',(1.8052638604,0.1071896952101,-6.503017993581));
#11741=CARTESIAN_POINT('Ctrl Pts',(1.8052638604,0.1623764689816,-9.851106465523));
#11742=CARTESIAN_POINT('Ctrl Pts',(1.856249115181,0.05581743672392,0.1848573964962));
#11743=CARTESIAN_POINT('Ctrl Pts',(1.856249115181,-0.9116847998241,-3.019337476104));
#11744=CARTESIAN_POINT('Ctrl Pts',(1.856249115181,-1.879187036372,-6.223532348705));
#11745=CARTESIAN_POINT('Ctrl Pts',(1.856249115181,-2.84668927292,-9.427727221306));
#11746=CARTESIAN_POINT('Ctrl Pts',(1.908612349821,0.1100903662809,0.1585571037342));
#11747=CARTESIAN_POINT('Ctrl Pts',(1.908612349821,-1.798142649254,-2.589766027658));
#11748=CARTESIAN_POINT('Ctrl Pts',(1.908612349821,-3.70637566479,-5.33808915905));
#11749=CARTESIAN_POINT('Ctrl Pts',(1.908612349821,-5.614608680325,-8.086412290442));
#11750=CARTESIAN_POINT('Ctrl Pts',(1.960975584461,0.1533742839377,0.1174763056448));
#11751=CARTESIAN_POINT('Ctrl Pts',(1.960975584461,-2.505113304315,-1.918779658865));
#11752=CARTESIAN_POINT('Ctrl Pts',(1.960975584461,-5.163600892568,-3.955035623376));
#11753=CARTESIAN_POINT('Ctrl Pts',(1.960975584461,-7.822088480821,-5.991291587886));
#11754=CARTESIAN_POINT('Ctrl Pts',(2.016209610473,0.1829130252175,0.06278353335568));
#11755=CARTESIAN_POINT('Ctrl Pts',(2.016209610473,-2.987579411886,-1.025464378143));
#11756=CARTESIAN_POINT('Ctrl Pts',(2.016209610473,-6.158071848989,-2.113712289641));
#11757=CARTESIAN_POINT('Ctrl Pts',(2.016209610473,-9.328564286092,-3.20196020114));
#11758=CARTESIAN_POINT('Ctrl Pts',(2.070065656627,0.1930254913884,0.003692805522608));
#11759=CARTESIAN_POINT('Ctrl Pts',(2.070065656627,-3.152749692677,-0.06031582353594));
#11760=CARTESIAN_POINT('Ctrl Pts',(2.070065656627,-6.498524876742,-0.1243244525945));
#11761=CARTESIAN_POINT('Ctrl Pts',(2.070065656627,-9.844300060807,-0.188333081653));
#11762=CARTESIAN_POINT('Ctrl Pts',(2.123921702781,0.1848109605018,-0.05473672146409));
#11763=CARTESIAN_POINT('Ctrl Pts',(2.123921702781,-3.018579021529,0.8940331172469));
#11764=CARTESIAN_POINT('Ctrl Pts',(2.123921702781,-6.221969003561,1.842802955958));
#11765=CARTESIAN_POINT('Ctrl Pts',(2.123921702781,-9.425358985592,2.791572794669));
#11766=CARTESIAN_POINT('Ctrl Pts',(2.176284937421,0.1609698186475,-0.1063032227825));
#11767=CARTESIAN_POINT('Ctrl Pts',(2.176284937421,-2.629173704575,1.736285972113));
#11768=CARTESIAN_POINT('Ctrl Pts',(2.176284937421,-5.419317227798,3.578875167009));
#11769=CARTESIAN_POINT('Ctrl Pts',(2.176284937421,-8.20946075102,5.421464361905));
#11770=CARTESIAN_POINT('Ctrl Pts',(2.231518963433,0.1212612645451,-0.1502562774372));
#11771=CARTESIAN_POINT('Ctrl Pts',(2.231518963433,-1.980600654237,2.454185864807));
#11772=CARTESIAN_POINT('Ctrl Pts',(2.231518963433,-4.082462573019,5.058628007052));
#11773=CARTESIAN_POINT('Ctrl Pts',(2.231518963433,-6.184324491801,7.663070149296));
#11774=CARTESIAN_POINT('Ctrl Pts',(2.286752989446,0.0705283853083,-0.1796601211984));
#11775=CARTESIAN_POINT('Ctrl Pts',(2.286752989446,-1.151963626702,2.93444864624));
#11776=CARTESIAN_POINT('Ctrl Pts',(2.286752989446,-2.374455638713,6.048557413679));
#11777=CARTESIAN_POINT('Ctrl Pts',(2.286752989446,-3.596947650724,9.162666181118));
#11778=CARTESIAN_POINT('Ctrl Pts',(2.343479826973,0.01252727982333,-0.1925363488217));
#11779=CARTESIAN_POINT('Ctrl Pts',(2.343479826973,-0.2046122371144,3.144760364088));
#11780=CARTESIAN_POINT('Ctrl Pts',(2.343479826973,-0.4217517540522,6.482057076998));
#11781=CARTESIAN_POINT('Ctrl Pts',(2.343479826973,-0.63889127099,9.819353789908));
#11782=CARTESIAN_POINT('Ctrl Pts',(2.400206664499,-0.04609709726239,-0.1875276493628));
#11783=CARTESIAN_POINT('Ctrl Pts',(2.400206664499,0.7529192552857,3.062951606259));
#11784=CARTESIAN_POINT('Ctrl Pts',(2.400206664499,1.551935607834,6.313430861882));
#11785=CARTESIAN_POINT('Ctrl Pts',(2.400206664499,2.350951960382,9.563910117504));
#11786=CARTESIAN_POINT('Ctrl Pts',(2.460043526013,-0.102660679892,-0.1637900282123));
#11787=CARTESIAN_POINT('Ctrl Pts',(2.460043526013,1.676791104903,2.675237127467));
#11788=CARTESIAN_POINT('Ctrl Pts',(2.460043526013,3.456242889698,5.514264283147));
#11789=CARTESIAN_POINT('Ctrl Pts',(2.460043526013,5.235694674492,8.353291438827));
#11790=CARTESIAN_POINT('Ctrl Pts',(2.517009596154,-0.1461614388551,-0.1257123217956));
#11791=CARTESIAN_POINT('Ctrl Pts',(2.517009596154,2.3873035013,2.053301255994));
#11792=CARTESIAN_POINT('Ctrl Pts',(2.517009596154,4.920768441455,4.232314833784));
#11793=CARTESIAN_POINT('Ctrl Pts',(2.517009596154,7.45423338161,6.411328411574));
#11794=CARTESIAN_POINT('Ctrl Pts',(2.572482854781,-0.1754526526673,-0.07868814710288));
#11795=CARTESIAN_POINT('Ctrl Pts',(2.572482854781,2.865726660232,1.285239736014));
#11796=CARTESIAN_POINT('Ctrl Pts',(2.572482854781,5.906905973132,2.64916761913));
#11797=CARTESIAN_POINT('Ctrl Pts',(2.572482854781,8.948085286031,4.013095502247));
#11798=CARTESIAN_POINT('Ctrl Pts',(2.624846089421,-0.1902331727723,-0.02898496256624));
#11799=CARTESIAN_POINT('Ctrl Pts',(2.624846089421,3.107141821947,0.4734210552485));
#11800=CARTESIAN_POINT('Ctrl Pts',(2.624846089421,6.404516816667,0.9758270730633));
#11801=CARTESIAN_POINT('Ctrl Pts',(2.624846089421,9.701891811386,1.478233090878));
#11802=CARTESIAN_POINT('Ctrl Pts',(2.680080115433,-0.1909360899918,0.02516111823395));
#11803=CARTESIAN_POINT('Ctrl Pts',(2.680080115433,3.118622803199,-0.4109649311545));
#11804=CARTESIAN_POINT('Ctrl Pts',(2.680080115433,6.428181696389,-0.8470909805428));
#11805=CARTESIAN_POINT('Ctrl Pts',(2.680080115433,9.73774058958,-1.283217029931));
#11806=CARTESIAN_POINT('Ctrl Pts',(2.735314141446,-0.1765220901868,0.07686544301046));
#11807=CARTESIAN_POINT('Ctrl Pts',(2.735314141446,2.883194139718,-1.255468902504));
#11808=CARTESIAN_POINT('Ctrl Pts',(2.735314141446,5.942910369622,-2.587803248019));
#11809=CARTESIAN_POINT('Ctrl Pts',(2.735314141446,9.002626599527,-3.920137593533));
#11810=CARTESIAN_POINT('Ctrl Pts',(2.792040978973,-0.1478803715825,0.1232133520422));
#11811=CARTESIAN_POINT('Ctrl Pts',(2.792040978973,2.415379402514,-2.012484750023));
#11812=CARTESIAN_POINT('Ctrl Pts',(2.792040978973,4.978639176612,-4.148182852088));
#11813=CARTESIAN_POINT('Ctrl Pts',(2.792040978973,7.541898950709,-6.283880954154));
#11814=CARTESIAN_POINT('Ctrl Pts',(2.848767816499,-0.1079189570303,0.1595640314224));
#11815=CARTESIAN_POINT('Ctrl Pts',(2.848767816499,1.762676298162,-2.606212513232));
#11816=CARTESIAN_POINT('Ctrl Pts',(2.848767816499,3.633271553355,-5.371989057887));
#11817=CARTESIAN_POINT('Ctrl Pts',(2.848767816499,5.503866808547,-8.137765602542));
#11818=CARTESIAN_POINT('Ctrl Pts',(2.908604678013,-0.05715136834222,0.1841381516705));
#11819=CARTESIAN_POINT('Ctrl Pts',(2.908604678013,0.9334723495895,-3.007589810618));
#11820=CARTESIAN_POINT('Ctrl Pts',(2.908604678013,1.924096067521,-6.199317772906));
#11821=CARTESIAN_POINT('Ctrl Pts',(2.908604678013,2.914719785453,-9.391045735194));
#11822=CARTESIAN_POINT('Ctrl Pts',(2.966948728013,-0.003290881303637,0.1925170058718));
#11823=CARTESIAN_POINT('Ctrl Pts',(2.966948728013,0.05375106129273,-3.144444429239));
#11824=CARTESIAN_POINT('Ctrl Pts',(2.966948728013,0.1107930038891,-6.48140586435));
#11825=CARTESIAN_POINT('Ctrl Pts',(2.966948728013,0.1678349464855,-9.818367299461));
#11826=CARTESIAN_POINT('Ctrl Pts',(3.025292778013,0.05006849378429,0.1856598094782));
#11827=CARTESIAN_POINT('Ctrl Pts',(3.025292778013,-0.8177853984767,-3.032443554811));
#11828=CARTESIAN_POINT('Ctrl Pts',(3.025292778013,-1.685639290738,-6.2505469191));
#11829=CARTESIAN_POINT('Ctrl Pts',(3.025292778013,-2.553493182999,-9.46865028339));
#11830=CARTESIAN_POINT('Ctrl Pts',(3.082019615539,0.0979409327776,0.1656439147141));
#11831=CARTESIAN_POINT('Ctrl Pts',(3.082019615539,-1.599701902034,-2.705517273663));
#11832=CARTESIAN_POINT('Ctrl Pts',(3.082019615539,-3.297344736846,-5.57667846204));
#11833=CARTESIAN_POINT('Ctrl Pts',(3.082019615539,-4.994987571658,-8.447839650417));
#11834=CARTESIAN_POINT('Ctrl Pts',(3.141856477053,0.1403529833581,0.1318833742771));
#11835=CARTESIAN_POINT('Ctrl Pts',(3.141856477053,-2.292432061515,-2.154095113193));
#11836=CARTESIAN_POINT('Ctrl Pts',(3.141856477053,-4.725217106389,-4.440073600663));
#11837=CARTESIAN_POINT('Ctrl Pts',(3.141856477053,-7.158002151262,-6.726052088133));
#11838=CARTESIAN_POINT('Ctrl Pts',(3.201693338567,0.1712922539001,0.08792372136335));
#11839=CARTESIAN_POINT('Ctrl Pts',(3.201693338567,-2.797773480369,-1.436087448935));
#11840=CARTESIAN_POINT('Ctrl Pts',(3.201693338567,-5.766839214638,-2.960098619233));
#11841=CARTESIAN_POINT('Ctrl Pts',(3.201693338567,-8.735904948906,-4.484109789531));
#11842=CARTESIAN_POINT('Ctrl Pts',(3.263147412554,0.1890399711083,0.03630328678082));
#11843=CARTESIAN_POINT('Ctrl Pts',(3.263147412554,-3.087652861435,-0.5929536840868));
#11844=CARTESIAN_POINT('Ctrl Pts',(3.263147412554,-6.364345693978,-1.222210654954));
#11845=CARTESIAN_POINT('Ctrl Pts',(3.263147412554,-9.641038526521,-1.851467625822));
#11846=CARTESIAN_POINT('Ctrl Pts',(3.324601486541,0.1918237577033,-0.01776846469376));
#11847=CARTESIAN_POINT('Ctrl Pts',(3.324601486541,-3.133121375821,0.2902182566648));
#11848=CARTESIAN_POINT('Ctrl Pts',(3.324601486541,-6.458066509346,0.5982049780234));
#11849=CARTESIAN_POINT('Ctrl Pts',(3.324601486541,-9.783011642871,0.9061916993819));
#11850=CARTESIAN_POINT('Ctrl Pts',(3.389424753181,0.1785705003369,-0.07274541655123));
#11851=CARTESIAN_POINT('Ctrl Pts',(3.389424753181,-2.916651505502,1.188175137003));
#11852=CARTESIAN_POINT('Ctrl Pts',(3.389424753181,-6.011873511341,2.449095690558));
#11853=CARTESIAN_POINT('Ctrl Pts',(3.389424753181,-9.10709551718,3.710016244113));
#11854=CARTESIAN_POINT('Ctrl Pts',(3.448488034566,0.1525718291424,-0.1167240605297));
#11855=CARTESIAN_POINT('Ctrl Pts',(3.448488034566,-2.492006542659,1.906492988652));
#11856=CARTESIAN_POINT('Ctrl Pts',(3.448488034566,-5.13658491446,3.929710037833));
#11857=CARTESIAN_POINT('Ctrl Pts',(3.448488034566,-7.781163286261,5.952927087014));
#11858=CARTESIAN_POINT('Ctrl Pts',(3.503063312105,0.1195746318265,-0.1494896012845));
#11859=CARTESIAN_POINT('Ctrl Pts',(3.503063312105,-1.953052319834,2.441663487648));
#11860=CARTESIAN_POINT('Ctrl Pts',(3.503063312105,-4.025679271494,5.03281657658));
#11861=CARTESIAN_POINT('Ctrl Pts',(3.503063312105,-6.098306223154,7.623969665512));
#11862=CARTESIAN_POINT('Ctrl Pts',(3.551398605619,0.08511560286003,-0.1715718898542));
#11863=CARTESIAN_POINT('Ctrl Pts',(3.551398605619,-1.390221513381,2.802340867619));
#11864=CARTESIAN_POINT('Ctrl Pts',(3.551398605619,-2.865558629621,5.776253625093));
#11865=CARTESIAN_POINT('Ctrl Pts',(3.551398605619,-4.340895745862,8.750166382567));
#11866=CARTESIAN_POINT('Ctrl Pts',(3.6023838604,0.04487141815498,-0.1863041689255));
#11867=CARTESIAN_POINT('Ctrl Pts',(3.6023838604,-0.7328998298647,3.042968092449));
#11868=CARTESIAN_POINT('Ctrl Pts',(3.6023838604,-1.510671077884,6.272240353824));
#11869=CARTESIAN_POINT('Ctrl Pts',(3.6023838604,-2.288442325904,9.501512615198));
#11870=CARTESIAN_POINT('Ctrl Pts',(3.653369115181,0.002626181950992,-0.1915878238111));
#11871=CARTESIAN_POINT('Ctrl Pts',(3.653369115181,-0.04289430519953,3.129267788915));
#11872=CARTESIAN_POINT('Ctrl Pts',(3.653369115181,-0.08841479235005,6.45012340164));
#11873=CARTESIAN_POINT('Ctrl Pts',(3.653369115181,-0.1339352795006,9.770979014366));
#11874=CARTESIAN_POINT('Ctrl Pts',(3.705732349821,-0.04051175749726,-0.1872513415613));
#11875=CARTESIAN_POINT('Ctrl Pts',(3.705732349821,0.6616920391218,3.058438578834));
#11876=CARTESIAN_POINT('Ctrl Pts',(3.705732349821,1.363895835741,6.304128499229));
#11877=CARTESIAN_POINT('Ctrl Pts',(3.705732349821,2.06609963236,9.549818419625));
#11878=CARTESIAN_POINT('Ctrl Pts',(3.758095584461,-0.0813563566536,-0.1735650574797));
#11879=CARTESIAN_POINT('Ctrl Pts',(3.758095584461,1.328820492009,2.834895938835));
#11880=CARTESIAN_POINT('Ctrl Pts',(3.758095584461,2.738997340671,5.84335693515));
#11881=CARTESIAN_POINT('Ctrl Pts',(3.758095584461,4.149174189334,8.851817931464));
#11882=CARTESIAN_POINT('Ctrl Pts',(3.813329610473,-0.119714783205,-0.1498579515776));
#11883=CARTESIAN_POINT('Ctrl Pts',(3.813329610473,1.955341459014,2.447679875767));
#11884=CARTESIAN_POINT('Ctrl Pts',(3.813329610473,4.030397701233,5.045217703112));
#11885=CARTESIAN_POINT('Ctrl Pts',(3.813329610473,6.105453943453,7.642755530457));
#11886=CARTESIAN_POINT('Ctrl Pts',(3.867185656627,-0.1503979952226,-0.1187827940046));
#11887=CARTESIAN_POINT('Ctrl Pts',(3.867185656627,2.456500588636,1.940118968742));
#11888=CARTESIAN_POINT('Ctrl Pts',(3.867185656627,5.063399172495,3.999020731488));
#11889=CARTESIAN_POINT('Ctrl Pts',(3.867185656627,7.670297756353,6.057922494234));
#11890=CARTESIAN_POINT('Ctrl Pts',(3.921041702781,-0.1730715785177,-0.08194544115554));
#11891=CARTESIAN_POINT('Ctrl Pts',(3.921041702781,2.826835782456,1.338442205541));
#11892=CARTESIAN_POINT('Ctrl Pts',(3.921041702781,5.82674314343,2.758829852237));
#11893=CARTESIAN_POINT('Ctrl Pts',(3.921041702781,8.826650504403,4.179217498933));
#11894=CARTESIAN_POINT('Ctrl Pts',(3.973404937421,-0.1868216034894,-0.04247449832717));
#11895=CARTESIAN_POINT('Ctrl Pts',(3.973404937421,3.05141952366,0.6937501393437));
#11896=CARTESIAN_POINT('Ctrl Pts',(3.973404937421,6.289660650808,1.429974777015));
#11897=CARTESIAN_POINT('Ctrl Pts',(3.973404937421,9.527901777957,2.166199414686));
#11898=CARTESIAN_POINT('Ctrl Pts',(4.028638963433,-0.1916986573882,0.001020719254571));
#11899=CARTESIAN_POINT('Ctrl Pts',(4.028638963433,3.131078070674,-0.01667174782467));
#11900=CARTESIAN_POINT('Ctrl Pts',(4.028638963433,6.453854798736,-0.03436421490391));
#11901=CARTESIAN_POINT('Ctrl Pts',(4.028638963433,9.776631526798,-0.05205668198315));
#11902=CARTESIAN_POINT('Ctrl Pts',(4.083872989446,-0.1865101967872,0.04419330083308));
#11903=CARTESIAN_POINT('Ctrl Pts',(4.083872989446,3.046333214191,-0.721823913607));
#11904=CARTESIAN_POINT('Ctrl Pts',(4.083872989446,6.279176625169,-1.487841128047));
#11905=CARTESIAN_POINT('Ctrl Pts',(4.083872989446,9.512020036147,-2.253858342487));
#11906=CARTESIAN_POINT('Ctrl Pts',(4.140599826973,-0.1713704016076,0.08580457065508));
#11907=CARTESIAN_POINT('Ctrl Pts',(4.140599826973,2.799049892924,-1.401474654033));
#11908=CARTESIAN_POINT('Ctrl Pts',(4.140599826973,5.769470187455,-2.888753878721));
#11909=CARTESIAN_POINT('Ctrl Pts',(4.140599826973,8.739890481987,-4.376033103409));
#11910=CARTESIAN_POINT('Ctrl Pts',(4.197326664499,-0.147376883734,0.1226843198179));
#11911=CARTESIAN_POINT('Ctrl Pts',(4.197326664499,2.407155767655,-2.003843890359));
#11912=CARTESIAN_POINT('Ctrl Pts',(4.197326664499,4.961688419044,-4.130372100535));
#11913=CARTESIAN_POINT('Ctrl Pts',(4.197326664499,7.516221070433,-6.256900310712));
#11914=CARTESIAN_POINT('Ctrl Pts',(4.257163526013,-0.1139571204501,0.154377940318));
#11915=CARTESIAN_POINT('Ctrl Pts',(4.257163526013,1.861299634018,-2.521506358527));
#11916=CARTESIAN_POINT('Ctrl Pts',(4.257163526013,3.836556388486,-5.197390657372));
#11917=CARTESIAN_POINT('Ctrl Pts',(4.257163526013,5.811813142955,-7.873274956217));
#11918=CARTESIAN_POINT('Ctrl Pts',(4.314129596154,-0.07606714041713,0.175855811926));
#11919=CARTESIAN_POINT('Ctrl Pts',(4.314129596154,1.242429960146,-2.872311594792));
#11920=CARTESIAN_POINT('Ctrl Pts',(4.314129596154,2.56092706071,-5.92047900151));
#11921=CARTESIAN_POINT('Ctrl Pts',(4.314129596154,3.879424161274,-8.968646408227));
#11922=CARTESIAN_POINT('Ctrl Pts',(4.369602854781,-0.03585970151912,0.1879348406415));
#11923=CARTESIAN_POINT('Ctrl Pts',(4.369602854781,0.5857084581457,-3.069602397145));
#11924=CARTESIAN_POINT('Ctrl Pts',(4.369602854781,1.207276617811,-6.327139634931));
#11925=CARTESIAN_POINT('Ctrl Pts',(4.369602854781,1.828844777475,-9.584676872718));
#11926=CARTESIAN_POINT('Ctrl Pts',(4.421966089421,0.003391245967014,0.1913843183083));
#11927=CARTESIAN_POINT('Ctrl Pts',(4.421966089421,-0.05539035079457,-3.125943865702));
#11928=CARTESIAN_POINT('Ctrl Pts',(4.421966089421,-0.1141719475561,-6.443272049712));
#11929=CARTESIAN_POINT('Ctrl Pts',(4.421966089421,-0.1729535443177,-9.760600233722));
#11930=CARTESIAN_POINT('Ctrl Pts',(4.477200115433,0.044360949027,0.1863072883808));
#11931=CARTESIAN_POINT('Ctrl Pts',(4.477200115433,-0.724562167441,-3.043019043553));
#11932=CARTESIAN_POINT('Ctrl Pts',(4.477200115433,-1.493485283909,-6.272345375487));
#11933=CARTESIAN_POINT('Ctrl Pts',(4.477200115433,-2.262408400377,-9.501671707421));
#11934=CARTESIAN_POINT('Ctrl Pts',(4.532434141446,0.08302337419745,0.1725599152988));
#11935=CARTESIAN_POINT('Ctrl Pts',(4.532434141446,-1.356048445225,-2.818478616547));
#11936=CARTESIAN_POINT('Ctrl Pts',(4.532434141446,-2.795120264647,-5.809517148392));
#11937=CARTESIAN_POINT('Ctrl Pts',(4.532434141446,-4.23419208407,-8.800555680238));
#11938=CARTESIAN_POINT('Ctrl Pts',(4.589160978973,0.1184881390006,0.1504096067793));
#11939=CARTESIAN_POINT('Ctrl Pts',(4.589160978973,-1.935306270343,-2.456690244062));
#11940=CARTESIAN_POINT('Ctrl Pts',(4.589160978973,-3.989100679687,-5.063790094903));
#11941=CARTESIAN_POINT('Ctrl Pts',(4.589160978973,-6.042895089032,-7.670889945744));
#11942=CARTESIAN_POINT('Ctrl Pts',(4.645887816499,0.1482232758833,0.1213660069785));
#11943=CARTESIAN_POINT('Ctrl Pts',(4.645887816499,-2.420980172761,-1.982311447316));
#11944=CARTESIAN_POINT('Ctrl Pts',(4.645887816499,-4.990183621405,-4.08598890161));
#11945=CARTESIAN_POINT('Ctrl Pts',(4.645887816499,-7.559387070049,-6.189666355904));
#11946=CARTESIAN_POINT('Ctrl Pts',(4.705724678013,0.1718932172328,0.08482633214554));
#11947=CARTESIAN_POINT('Ctrl Pts',(4.705724678013,-2.807589214803,-1.385496758377));
#11948=CARTESIAN_POINT('Ctrl Pts',(4.705724678013,-5.787071646839,-2.8558198489));
#11949=CARTESIAN_POINT('Ctrl Pts',(4.705724678013,-8.766554078875,-4.326142939423));
#11950=CARTESIAN_POINT('Ctrl Pts',(4.764068728013,0.1861485897418,0.04512361635006));
#11951=CARTESIAN_POINT('Ctrl Pts',(4.764068728013,-3.040426965783,-0.7370190670511));
#11952=CARTESIAN_POINT('Ctrl Pts',(4.764068728013,-6.267002521307,-1.519161750452));
#11953=CARTESIAN_POINT('Ctrl Pts',(4.764068728013,-9.493578076831,-2.301304433853));
#11954=CARTESIAN_POINT('Ctrl Pts',(4.822412778013,0.1913598969386,0.003637770144099));
#11955=CARTESIAN_POINT('Ctrl Pts',(4.822412778013,-3.125544983331,-0.05941691235362));
#11956=CARTESIAN_POINT('Ctrl Pts',(4.822412778013,-6.4424498636,-0.1224715948513));
#11957=CARTESIAN_POINT('Ctrl Pts',(4.822412778013,-9.75935474387,-0.185526277349));
#11958=CARTESIAN_POINT('Ctrl Pts',(4.879139615539,0.1879499420225,-0.03663794903921));
#11959=CARTESIAN_POINT('Ctrl Pts',(4.879139615539,-3.069849053034,0.5984198343071));
#11960=CARTESIAN_POINT('Ctrl Pts',(4.879139615539,-6.327648048091,1.233477617653));
#11961=CARTESIAN_POINT('Ctrl Pts',(4.879139615539,-9.585447043148,1.868535401));
#11962=CARTESIAN_POINT('Ctrl Pts',(4.938976477053,0.1754038372864,-0.07708338337689));
#11963=CARTESIAN_POINT('Ctrl Pts',(4.938976477053,-2.864929342344,1.259028595156));
#11964=CARTESIAN_POINT('Ctrl Pts',(4.938976477053,-5.905262521975,2.595140573689));
#11965=CARTESIAN_POINT('Ctrl Pts',(4.938976477053,-8.945595701605,3.931252552222));
#11966=CARTESIAN_POINT('Ctrl Pts',(4.998813338567,0.1543191820439,-0.1135117797294));
#11967=CARTESIAN_POINT('Ctrl Pts',(4.998813338567,-2.520546640051,1.854025735579));
#11968=CARTESIAN_POINT('Ctrl Pts',(4.998813338567,-5.195412462146,3.821563250888));
#11969=CARTESIAN_POINT('Ctrl Pts',(4.998813338567,-7.870278284241,5.789100766197));
#11970=CARTESIAN_POINT('Ctrl Pts',(5.060267412554,0.1251862311757,-0.1449825517628));
#11971=CARTESIAN_POINT('Ctrl Pts',(5.060267412554,-2.044708442537,2.368048345459));
#11972=CARTESIAN_POINT('Ctrl Pts',(5.060267412554,-4.214603116249,4.881079242681));
#11973=CARTESIAN_POINT('Ctrl Pts',(5.060267412554,-6.384497789961,7.394110139903));
#11974=CARTESIAN_POINT('Ctrl Pts',(5.121721486541,0.09007830694248,-0.1691650672697));
#11975=CARTESIAN_POINT('Ctrl Pts',(5.121721486541,-1.471279013394,2.763029432072));
#11976=CARTESIAN_POINT('Ctrl Pts',(5.121721486541,-3.03263633373,5.695223931414));
#11977=CARTESIAN_POINT('Ctrl Pts',(5.121721486541,-4.593993654067,8.627418430756));
#11978=CARTESIAN_POINT('Ctrl Pts',(5.186544753181,0.04853714143627,-0.1855245592204));
#11979=CARTESIAN_POINT('Ctrl Pts',(5.186544753181,-0.7927733101258,3.030234467266));
#11980=CARTESIAN_POINT('Ctrl Pts',(5.186544753181,-1.634083761688,6.245993493752));
#11981=CARTESIAN_POINT('Ctrl Pts',(5.186544753181,-2.47539421325,9.461752520238));
#11982=CARTESIAN_POINT('Ctrl Pts',(5.264793754141,-0.004503394800738,-0.1929726236519));
#11983=CARTESIAN_POINT('Ctrl Pts',(5.264793754141,0.07355544841205,3.151886186315));
#11984=CARTESIAN_POINT('Ctrl Pts',(5.264793754141,0.1516142916248,6.496744996281));
#11985=CARTESIAN_POINT('Ctrl Pts',(5.264793754141,0.2296731348376,9.841603806248));
#11986=CARTESIAN_POINT('Ctrl Pts',(5.359339280794,-0.06830607918015,-0.1822325597358));
#11987=CARTESIAN_POINT('Ctrl Pts',(5.359339280794,1.115665959942,2.976465142352));
#11988=CARTESIAN_POINT('Ctrl Pts',(5.359339280794,2.299637999065,6.135162844439));
#11989=CARTESIAN_POINT('Ctrl Pts',(5.359339280794,3.483610038188,9.293860546526));
#11990=CARTESIAN_POINT('Ctrl Pts',(5.46842935296,-0.1315139114321,-0.1438014051695));
#11991=CARTESIAN_POINT('Ctrl Pts',(5.46842935296,2.148060553392,2.348756284435));
#11992=CARTESIAN_POINT('Ctrl Pts',(5.46842935296,4.427635018215,4.84131397404));
#11993=CARTESIAN_POINT('Ctrl Pts',(5.46842935296,6.707209483039,7.333871663644));
#11994=CARTESIAN_POINT('Ctrl Pts',(5.562476478333,-0.1688510902445,-0.09308876465324));
#11995=CARTESIAN_POINT('Ctrl Pts',(5.562476478333,2.75790114066,1.52044982267));
#11996=CARTESIAN_POINT('Ctrl Pts',(5.562476478333,5.684653371564,3.133988409993));
#11997=CARTESIAN_POINT('Ctrl Pts',(5.562476478333,8.611405602469,4.747526997315));
#11998=CARTESIAN_POINT('Ctrl Pts',(5.640227078013,-0.1859598700855,-0.0451510488818));
#11999=CARTESIAN_POINT('Ctrl Pts',(5.640227078013,3.03734454473,0.737467131736));
#12000=CARTESIAN_POINT('Ctrl Pts',(5.640227078013,6.260648959546,1.520085312354));
#12001=CARTESIAN_POINT('Ctrl Pts',(5.640227078013,9.483953374362,2.302703492972));
#12002=CARTESIAN_POINT('Ctrl Pts',(5.717977677693,-0.1928251857976,0.005003345674563));
#12003=CARTESIAN_POINT('Ctrl Pts',(5.717977677693,3.149478034695,-0.08172131268452));
#12004=CARTESIAN_POINT('Ctrl Pts',(5.717977677693,6.491781255187,-0.1684459710436));
#12005=CARTESIAN_POINT('Ctrl Pts',(5.717977677693,9.834084475679,-0.2551706294027));
#12006=CARTESIAN_POINT('Ctrl Pts',(5.816752039526,-0.1824297014503,0.06865780362964));
#12007=CARTESIAN_POINT('Ctrl Pts',(5.816752039526,2.979685123687,-1.121410792617));
#12008=CARTESIAN_POINT('Ctrl Pts',(5.816752039526,6.141799948825,-2.311479388864));
#12009=CARTESIAN_POINT('Ctrl Pts',(5.816752039526,9.303914773963,-3.501547985112));
#12010=CARTESIAN_POINT('Ctrl Pts',(5.93493295104,-0.1422223720338,0.1336913489036));
#12011=CARTESIAN_POINT('Ctrl Pts',(5.93493295104,2.322965409885,-2.183625365426));
#12012=CARTESIAN_POINT('Ctrl Pts',(5.93493295104,4.788153191805,-4.500942079755));
#12013=CARTESIAN_POINT('Ctrl Pts',(5.93493295104,7.253340973724,-6.818258794084));
#12014=CARTESIAN_POINT('Ctrl Pts',(6.036817336861,-0.08906390034916,0.171214156574));
#12015=CARTESIAN_POINT('Ctrl Pts',(6.036817336861,1.45471037237,-2.796497890708));
#12016=CARTESIAN_POINT('Ctrl Pts',(6.036817336861,2.998484645089,-5.76420993799));
#12017=CARTESIAN_POINT('Ctrl Pts',(6.036817336861,4.542258917807,-8.731921985273));
#12018=CARTESIAN_POINT('Ctrl Pts',(6.121047153181,-0.03909144729855,0.1874175410439));
#12019=CARTESIAN_POINT('Ctrl Pts',(6.121047153181,0.6384936392096,-3.061153170383));
#12020=CARTESIAN_POINT('Ctrl Pts',(6.121047153181,1.316078725718,-6.309723881811));
#12021=CARTESIAN_POINT('Ctrl Pts',(6.121047153181,1.993663812226,-9.558294593238));
#12022=CARTESIAN_POINT('Ctrl Pts',(6.202166945513,0.01096823329425,0.1924503757604));
#12023=CARTESIAN_POINT('Ctrl Pts',(6.202166945513,-0.1791478104727,-3.143356137421));
#12024=CARTESIAN_POINT('Ctrl Pts',(6.202166945513,-0.3692638542396,-6.479162650602));
#12025=CARTESIAN_POINT('Ctrl Pts',(6.202166945513,-0.5593798980065,-9.814969163783));
#12026=CARTESIAN_POINT('Ctrl Pts',(6.302693287526,0.07224252793378,0.180545187922));
#12027=CARTESIAN_POINT('Ctrl Pts',(6.302693287526,-1.179961289585,-2.948904736059));
#12028=CARTESIAN_POINT('Ctrl Pts',(6.302693287526,-2.432165107104,-6.078354660039));
#12029=CARTESIAN_POINT('Ctrl Pts',(6.302693287526,-3.684368924623,-9.20780458402));
#12030=CARTESIAN_POINT('Ctrl Pts',(6.42087419904,0.1336656235266,0.141588847088));
#12031=CARTESIAN_POINT('Ctrl Pts',(6.42087419904,-2.183205184268,-2.31261783577));
#12032=CARTESIAN_POINT('Ctrl Pts',(6.42087419904,-4.500075992063,-4.766824518628));
#12033=CARTESIAN_POINT('Ctrl Pts',(6.42087419904,-6.816946799859,-7.221031201485));
#12034=CARTESIAN_POINT('Ctrl Pts',(6.522758584861,0.1697558259708,0.09124381805502));
#12035=CARTESIAN_POINT('Ctrl Pts',(6.522758584861,-2.772678490857,-1.490315694899));
#12036=CARTESIAN_POINT('Ctrl Pts',(6.522758584861,-5.715112807685,-3.071875207852));
#12037=CARTESIAN_POINT('Ctrl Pts',(6.522758584861,-8.657547124513,-4.653434720806));
#12038=CARTESIAN_POINT('Ctrl Pts',(6.606988401181,0.1862107544305,0.04392291591044));
#12039=CARTESIAN_POINT('Ctrl Pts',(6.606988401181,-3.041442322365,-0.7174076265372));
#12040=CARTESIAN_POINT('Ctrl Pts',(6.606988401181,-6.26909539916,-1.478738168985));
#12041=CARTESIAN_POINT('Ctrl Pts',(6.606988401181,-9.496748475955,-2.240068711432));
#12042=CARTESIAN_POINT('Ctrl Pts',(6.691218217501,0.1927237522966,-0.00548422237296));
#12043=CARTESIAN_POINT('Ctrl Pts',(6.691218217501,-3.147821287511,0.08957563209167));
#12044=CARTESIAN_POINT('Ctrl Pts',(6.691218217501,-6.488366327318,0.1846354865563));
#12045=CARTESIAN_POINT('Ctrl Pts',(6.691218217501,-9.828911367125,0.2796953410209));
#12046=CARTESIAN_POINT('Ctrl Pts',(6.798223776154,0.1824663802914,-0.06813683740027));
#12047=CARTESIAN_POINT('Ctrl Pts',(6.798223776154,-2.980284211426,1.112901677538));
#12048=CARTESIAN_POINT('Ctrl Pts',(6.798223776154,-6.143034803144,2.293940192476));
#12049=CARTESIAN_POINT('Ctrl Pts',(6.798223776154,-9.305785394861,3.474978707414));
#12050=CARTESIAN_POINT('Ctrl Pts',(6.92625309696,0.1432328297009,-0.1323817856655));
#12051=CARTESIAN_POINT('Ctrl Pts',(6.92625309696,-2.339469551781,2.162235832536));
#12052=CARTESIAN_POINT('Ctrl Pts',(6.92625309696,-4.822171933263,4.456853450738));
#12053=CARTESIAN_POINT('Ctrl Pts',(6.92625309696,-7.304874314746,6.75147106894));
#12054=CARTESIAN_POINT('Ctrl Pts',(7.036627848266,0.09130534372631,-0.1699310351738));
#12055=CARTESIAN_POINT('Ctrl Pts',(7.036627848266,-1.491320614196,2.775540241171));
#12056=CARTESIAN_POINT('Ctrl Pts',(7.036627848266,-3.073946572119,5.721011517517));
#12057=CARTESIAN_POINT('Ctrl Pts',(7.036627848266,-4.656572530042,8.666482793862));
#12058=CARTESIAN_POINT('Ctrl Pts',(7.127876815946,0.04231722047645,-0.1866740387719));
#12059=CARTESIAN_POINT('Ctrl Pts',(7.127876815946,-0.6911812677821,3.049009299941));
#12060=CARTESIAN_POINT('Ctrl Pts',(7.127876815946,-1.424679756041,6.284692638653));
#12061=CARTESIAN_POINT('Ctrl Pts',(7.127876815946,-2.158178244299,9.520375977365));
#12062=CARTESIAN_POINT('Ctrl Pts',(7.207125814346,-0.00208039648815,-0.1919777646922));
#12063=CARTESIAN_POINT('Ctrl Pts',(7.207125814346,0.03397980930645,3.135636823305));
#12064=CARTESIAN_POINT('Ctrl Pts',(7.207125814346,0.07004001510104,6.463251411303));
#12065=CARTESIAN_POINT('Ctrl Pts',(7.207125814346,0.1061002208956,9.7908659993));
#12066=CARTESIAN_POINT('Ctrl Pts',(7.298048566886,-0.0527547949624,-0.1853202592996));
#12067=CARTESIAN_POINT('Ctrl Pts',(7.298048566886,0.8616616510526,3.026897568561));
#12068=CARTESIAN_POINT('Ctrl Pts',(7.298048566886,1.776078097068,6.239115396421));
#12069=CARTESIAN_POINT('Ctrl Pts',(7.298048566886,2.690494543083,9.451333224281));
#12070=CARTESIAN_POINT('Ctrl Pts',(7.39874709504,-0.1040484661164,-0.1623706292687));
#12071=CARTESIAN_POINT('Ctrl Pts',(7.39874709504,1.699458279901,2.65205361139));
#12072=CARTESIAN_POINT('Ctrl Pts',(7.39874709504,3.502965025918,5.466477852048));
#12073=CARTESIAN_POINT('Ctrl Pts',(7.39874709504,5.306471771936,8.280902092706));
#12074=CARTESIAN_POINT('Ctrl Pts',(7.504966375834,-0.1482251067239,-0.1236670272349));
#12075=CARTESIAN_POINT('Ctrl Pts',(7.504966375834,2.42101007649,2.01989477817));
#12076=CARTESIAN_POINT('Ctrl Pts',(7.504966375834,4.990245259703,4.163456583574));
#12077=CARTESIAN_POINT('Ctrl Pts',(7.504966375834,7.559480442916,6.307018388978));
#12078=CARTESIAN_POINT('Ctrl Pts',(7.611185656627,-0.1783267066663,-0.07376016457264));
#12079=CARTESIAN_POINT('Ctrl Pts',(7.611185656627,2.912669542216,1.204749354686));
#12080=CARTESIAN_POINT('Ctrl Pts',(7.611185656627,6.003665791098,2.483258873946));
#12081=CARTESIAN_POINT('Ctrl Pts',(7.611185656627,9.09466203998,3.761768393205));
#12082=CARTESIAN_POINT('Ctrl Pts',(7.720275728794,-0.1922434030385,-0.0162316978811));
#12083=CARTESIAN_POINT('Ctrl Pts',(7.720275728794,3.139975582962,0.265117732058));
#12084=CARTESIAN_POINT('Ctrl Pts',(7.720275728794,6.472194568962,0.5464671619971));
#12085=CARTESIAN_POINT('Ctrl Pts',(7.720275728794,9.804413554962,0.8278165919361));
#12086=CARTESIAN_POINT('Ctrl Pts',(7.82936580096,-0.1883982352918,0.04238248794691));
#12087=CARTESIAN_POINT('Ctrl Pts',(7.82936580096,3.077171176433,-0.6922473031329));
#12088=CARTESIAN_POINT('Ctrl Pts',(7.82936580096,6.342740588158,-1.426877094213));
#12089=CARTESIAN_POINT('Ctrl Pts',(7.82936580096,9.608309999883,-2.161506885293));
#12090=CARTESIAN_POINT('Ctrl Pts',(7.944436688486,-0.1657808033181,0.09943147922234));
#12091=CARTESIAN_POINT('Ctrl Pts',(7.944436688486,2.707753120862,-1.624047493965));
#12092=CARTESIAN_POINT('Ctrl Pts',(7.944436688486,5.581287045041,-3.347526467152));
#12093=CARTESIAN_POINT('Ctrl Pts',(7.944436688486,8.454820969221,-5.07100544034));
#12094=CARTESIAN_POINT('Ctrl Pts',(8.05663678464,-0.1275615153503,0.1448491057414));
#12095=CARTESIAN_POINT('Ctrl Pts',(8.05663678464,2.083504750721,-2.36586872711));
#12096=CARTESIAN_POINT('Ctrl Pts',(8.05663678464,4.294571016793,-4.876586559962));
#12097=CARTESIAN_POINT('Ctrl Pts',(8.05663678464,6.505637282865,-7.387304392814));
#12098=CARTESIAN_POINT('Ctrl Pts',(8.168836880794,-0.07807071228258,0.1761919177697));
#12099=CARTESIAN_POINT('Ctrl Pts',(8.168836880794,1.275154967282,-2.877801323572));
#12100=CARTESIAN_POINT('Ctrl Pts',(8.168836880794,2.628380646847,-5.931794564914));
#12101=CARTESIAN_POINT('Ctrl Pts',(8.168836880794,3.981606326412,-8.985787806256));
#12102=CARTESIAN_POINT('Ctrl Pts',(8.27792695296,-0.0236257675314,0.1914300757059));
#12103=CARTESIAN_POINT('Ctrl Pts',(8.27792695296,0.3858875363462,-3.12669123653));
#12104=CARTESIAN_POINT('Ctrl Pts',(8.27792695296,0.7954008402238,-6.444812548766));
#12105=CARTESIAN_POINT('Ctrl Pts',(8.27792695296,1.204914144101,-9.762933861001));
#12106=CARTESIAN_POINT('Ctrl Pts',(8.392997840486,0.03543793204379,0.1897950217763));
#12107=CARTESIAN_POINT('Ctrl Pts',(8.392997840486,-0.5788195567153,-3.09998535568));
#12108=CARTESIAN_POINT('Ctrl Pts',(8.392997840486,-1.193077045474,-6.389765733136));
#12109=CARTESIAN_POINT('Ctrl Pts',(8.392997840486,-1.807334534233,-9.679546110593));
#12110=CARTESIAN_POINT('Ctrl Pts',(8.508068728013,0.09074569375006,0.1703509042869));
#12111=CARTESIAN_POINT('Ctrl Pts',(8.508068728013,-1.482179664584,-2.782398103353));
#12112=CARTESIAN_POINT('Ctrl Pts',(8.508068728013,-3.055105022919,-5.735147110993));
#12113=CARTESIAN_POINT('Ctrl Pts',(8.508068728013,-4.628030381253,-8.687896118634));
#12114=CARTESIAN_POINT('Ctrl Pts',(8.626249639526,0.1383078639382,0.1345534676772));
#12115=CARTESIAN_POINT('Ctrl Pts',(8.626249639526,-2.259028444324,-2.197706638727));
#12116=CARTESIAN_POINT('Ctrl Pts',(8.626249639526,-4.656364752587,-4.529966745131));
#12117=CARTESIAN_POINT('Ctrl Pts',(8.626249639526,-7.053701060849,-6.862226851536));
#12118=CARTESIAN_POINT('Ctrl Pts',(8.74443055104,0.1726809740875,0.08651349778517));
#12119=CARTESIAN_POINT('Ctrl Pts',(8.74443055104,-2.820455910096,-1.413053797158));
#12120=CARTESIAN_POINT('Ctrl Pts',(8.74443055104,-5.81359279428,-2.912621092101));
#12121=CARTESIAN_POINT('Ctrl Pts',(8.74443055104,-8.806729678464,-4.412188387044));
#12122=CARTESIAN_POINT('Ctrl Pts',(8.869090679194,0.1913537940891,0.02770145518881));
#12123=CARTESIAN_POINT('Ctrl Pts',(8.869090679194,-3.125445303455,-0.4524571014173));
#12124=CARTESIAN_POINT('Ctrl Pts',(8.869090679194,-6.442244400999,-0.9326156580233));
#12125=CARTESIAN_POINT('Ctrl Pts',(8.869090679194,-9.759043498543,-1.412774214629));
#12126=CARTESIAN_POINT('Ctrl Pts',(8.987769991987,0.1903989903753,-0.03055566048355));
#12127=CARTESIAN_POINT('Ctrl Pts',(8.987769991987,-3.109850176129,0.499075787898));
#12128=CARTESIAN_POINT('Ctrl Pts',(8.987769991987,-6.410099342634,1.028707236279));
#12129=CARTESIAN_POINT('Ctrl Pts',(8.987769991987,-9.710348509139,1.558338684661));
#12130=CARTESIAN_POINT('Ctrl Pts',(9.103339280794,0.1731456441293,-0.08374732478849));
#12131=CARTESIAN_POINT('Ctrl Pts',(9.103339280794,-2.828045520778,1.367872971545));
#12132=CARTESIAN_POINT('Ctrl Pts',(9.103339280794,-5.829236685686,2.819493267879));
#12133=CARTESIAN_POINT('Ctrl Pts',(9.103339280794,-8.830427850593,4.271113564213));
#12134=CARTESIAN_POINT('Ctrl Pts',(9.21242935296,0.1442322970173,-0.1274641966189));
#12135=CARTESIAN_POINT('Ctrl Pts',(9.21242935296,-2.355794184616,2.081915211443));
#12136=CARTESIAN_POINT('Ctrl Pts',(9.21242935296,-4.855820666249,4.291294619505));
#12137=CARTESIAN_POINT('Ctrl Pts',(9.21242935296,-7.355847147883,6.500674027566));
#12138=CARTESIAN_POINT('Ctrl Pts',(9.327500240486,0.1025718763139,-0.163076534545));
#12139=CARTESIAN_POINT('Ctrl Pts',(9.327500240486,-1.67534064646,2.663583397569));
#12140=CARTESIAN_POINT('Ctrl Pts',(9.327500240486,-3.453253169234,5.490243329683));
#12141=CARTESIAN_POINT('Ctrl Pts',(9.327500240486,-5.231165692008,8.316903261796));
#12142=CARTESIAN_POINT('Ctrl Pts',(9.442571128013,0.0528762293648,-0.1852019173464));
#12143=CARTESIAN_POINT('Ctrl Pts',(9.442571128013,-0.863645079625,3.024964649991));
#12144=CARTESIAN_POINT('Ctrl Pts',(9.442571128013,-1.780166388615,6.235131217328));
#12145=CARTESIAN_POINT('Ctrl Pts',(9.442571128013,-2.696687697605,9.445297784665));
#12146=CARTESIAN_POINT('Ctrl Pts',(9.560752039526,-0.001913039083051,-0.1925495079671));
#12147=CARTESIAN_POINT('Ctrl Pts',(9.560752039526,0.03124630502317,3.144975296796));
#12148=CARTESIAN_POINT('Ctrl Pts',(9.560752039526,0.06440564912939,6.482500101558));
#12149=CARTESIAN_POINT('Ctrl Pts',(9.560752039526,0.09756499323561,9.820024906321));
#12150=CARTESIAN_POINT('Ctrl Pts',(9.67893295104,-0.05616896527596,-0.1843504056652));
#12151=CARTESIAN_POINT('Ctrl Pts',(9.67893295104,0.9174264328407,3.011056625864));
#12152=CARTESIAN_POINT('Ctrl Pts',(9.67893295104,1.891021830957,6.206463657393));
#12153=CARTESIAN_POINT('Ctrl Pts',(9.67893295104,2.864617229074,9.401870688923));
#12154=CARTESIAN_POINT('Ctrl Pts',(9.803593079194,-0.1080098901699,-0.1598254533697));
#12155=CARTESIAN_POINT('Ctrl Pts',(9.803593079194,1.764161539442,2.610482405038));
#12156=CARTESIAN_POINT('Ctrl Pts',(9.803593079194,3.636332969053,5.380790263446));
#12157=CARTESIAN_POINT('Ctrl Pts',(9.803593079194,5.508504398665,8.151098121854));
#12158=CARTESIAN_POINT('Ctrl Pts',(9.92514318336,-0.1488534594688,-0.1222779642929));
#12159=CARTESIAN_POINT('Ctrl Pts',(9.92514318336,2.431273171324,1.997206750118));
#12160=CARTESIAN_POINT('Ctrl Pts',(9.92514318336,5.011399802116,4.116691464528));
#12161=CARTESIAN_POINT('Ctrl Pts',(9.92514318336,7.591526432908,6.236176178939));
#12162=CARTESIAN_POINT('Ctrl Pts',(10.04669328753,-0.177036257101,-0.07528512246614));
#12163=CARTESIAN_POINT('Ctrl Pts',(10.04669328753,2.891592199316,1.22965700028));
#12164=CARTESIAN_POINT('Ctrl Pts',(10.04669328753,5.960220655732,2.534599123027));
#12165=CARTESIAN_POINT('Ctrl Pts',(10.04669328753,9.028849112149,3.839541245773));
#12166=CARTESIAN_POINT('Ctrl Pts',(10.16487419904,-0.1909922757388,-0.02426902107175));
#12167=CARTESIAN_POINT('Ctrl Pts',(10.16487419904,3.119540503734,0.3963940108385));
#12168=CARTESIAN_POINT('Ctrl Pts',(10.16487419904,6.430073283207,0.8170570427488));
#12169=CARTESIAN_POINT('Ctrl Pts',(10.16487419904,9.74060606268,1.237720074659));
#12170=CARTESIAN_POINT('Ctrl Pts',(10.28953432719,-0.1901856628602,0.03101638259024));
#12171=CARTESIAN_POINT('Ctrl Pts',(10.28953432719,3.106365826717,-0.5066009156406));
#12172=CARTESIAN_POINT('Ctrl Pts',(10.28953432719,6.402917316294,-1.044218213872));
#12173=CARTESIAN_POINT('Ctrl Pts',(10.28953432719,9.699468805871,-1.581835512102));
#12174=CARTESIAN_POINT('Ctrl Pts',(10.41419445535,-0.1736852556503,0.08334131572907));
#12175=CARTESIAN_POINT('Ctrl Pts',(10.41419445535,2.836859175622,-1.361241490242));
#12176=CARTESIAN_POINT('Ctrl Pts',(10.41419445535,5.847403606895,-2.805824296212));
#12177=CARTESIAN_POINT('Ctrl Pts',(10.41419445535,8.857948038167,-4.250407102183));
#12178=CARTESIAN_POINT('Ctrl Pts',(10.54222377615,-0.1425192372849,0.1295496834668));
#12179=CARTESIAN_POINT('Ctrl Pts',(10.54222377615,2.327814208986,-2.11597816329));
#12180=CARTESIAN_POINT('Ctrl Pts',(10.54222377615,4.798147655258,-4.361506010047));
#12181=CARTESIAN_POINT('Ctrl Pts',(10.54222377615,7.268481101529,-6.607033856804));
#12182=CARTESIAN_POINT('Ctrl Pts',(10.67025309696,-0.09992701690754,0.164835770608));
#12183=CARTESIAN_POINT('Ctrl Pts',(10.67025309696,1.632141276157,-2.692317586597));
#12184=CARTESIAN_POINT('Ctrl Pts',(10.67025309696,3.364209569221,-5.549470943803));
#12185=CARTESIAN_POINT('Ctrl Pts',(10.67025309696,5.096277862285,-8.406624301008));
#12186=CARTESIAN_POINT('Ctrl Pts',(10.80530156913,-0.04664801466792,0.1872192954944));
#12187=CARTESIAN_POINT('Ctrl Pts',(10.80530156913,0.7619175729093,-3.057915159742));
#12188=CARTESIAN_POINT('Ctrl Pts',(10.80530156913,1.570483160487,-6.303049614979));
#12189=CARTESIAN_POINT('Ctrl Pts',(10.80530156913,2.379048748064,-9.548184070215));
#12190=CARTESIAN_POINT('Ctrl Pts',(10.93100003328,0.006465722493269,0.1922253378668));
#12191=CARTESIAN_POINT('Ctrl Pts',(10.93100003328,-0.1056068007234,-3.13968051849));
#12192=CARTESIAN_POINT('Ctrl Pts',(10.93100003328,-0.21767932394,-6.471586374847));
#12193=CARTESIAN_POINT('Ctrl Pts',(10.93100003328,-0.3297518471567,-9.803492231204));
#12194=CARTESIAN_POINT('Ctrl Pts',(11.05021928079,0.05557008157569,0.1835228339364));
#12195=CARTESIAN_POINT('Ctrl Pts',(11.05021928079,-0.9076446657362,-2.997539620962));
#12196=CARTESIAN_POINT('Ctrl Pts',(11.05021928079,-1.870859413048,-6.17860207586));
#12197=CARTESIAN_POINT('Ctrl Pts',(11.05021928079,-2.83407416036,-9.359664530758));
#12198=CARTESIAN_POINT('Ctrl Pts',(11.15930935296,0.09714573846733,0.1654543544717));
#12199=CARTESIAN_POINT('Ctrl Pts',(11.15930935296,-1.5867137283,-2.702421123038));
#12200=CARTESIAN_POINT('Ctrl Pts',(11.15930935296,-3.270573195067,-5.570296600548));
#12201=CARTESIAN_POINT('Ctrl Pts',(11.15930935296,-4.954432661834,-8.438172078058));
#12202=CARTESIAN_POINT('Ctrl Pts',(11.27438024049,0.1348515515323,0.1366641487482));
#12203=CARTESIAN_POINT('Ctrl Pts',(11.27438024049,-2.202575341694,-2.23218109622));
#12204=CARTESIAN_POINT('Ctrl Pts',(11.27438024049,-4.540002234921,-4.601026341189));
#12205=CARTESIAN_POINT('Ctrl Pts',(11.27438024049,-6.877429128148,-6.969871586158));
#12206=CARTESIAN_POINT('Ctrl Pts',(11.38945112801,0.1640437377212,0.09969191060796));
#12207=CARTESIAN_POINT('Ctrl Pts',(11.38945112801,-2.679381049446,-1.628301206597));
#12208=CARTESIAN_POINT('Ctrl Pts',(11.38945112801,-5.522805836613,-3.356294323801));
#12209=CARTESIAN_POINT('Ctrl Pts',(11.38945112801,-8.36623062378,-5.084287441006));
#12210=CARTESIAN_POINT('Ctrl Pts',(11.50763203953,0.1835990821943,0.05593539013667));
#12211=CARTESIAN_POINT('Ctrl Pts',(11.50763203953,-2.998785009174,-0.9136113722322));
#12212=CARTESIAN_POINT('Ctrl Pts',(11.50763203953,-6.181169100542,-1.883158134601));
#12213=CARTESIAN_POINT('Ctrl Pts',(11.50763203953,-9.36355319191,-2.85270489697));
#12214=CARTESIAN_POINT('Ctrl Pts',(11.62581295104,0.1918391768734,0.00906075693406));
#12215=CARTESIAN_POINT('Ctrl Pts',(11.62581295104,-3.133373222265,-0.1479923632563));
#12216=CARTESIAN_POINT('Ctrl Pts',(11.62581295104,-6.458585621404,-0.3050454834467));
#12217=CARTESIAN_POINT('Ctrl Pts',(11.62581295104,-9.783798020543,-0.4620986036371));
#12218=CARTESIAN_POINT('Ctrl Pts',(11.75047307919,0.1878648384416,-0.04056076482243));
#12219=CARTESIAN_POINT('Ctrl Pts',(11.75047307919,-3.06845902788,0.6624924920997));
#12220=CARTESIAN_POINT('Ctrl Pts',(11.75047307919,-6.324782894201,1.365545749022));
#12221=CARTESIAN_POINT('Ctrl Pts',(11.75047307919,-9.581106760523,2.068599005944));
#12222=CARTESIAN_POINT('Ctrl Pts',(11.87202318336,0.1716905925546,-0.08594123676479));
#12223=CARTESIAN_POINT('Ctrl Pts',(11.87202318336,-2.804279678392,1.403706867158));
#12224=CARTESIAN_POINT('Ctrl Pts',(11.87202318336,-5.780249949338,2.893354971081));
#12225=CARTESIAN_POINT('Ctrl Pts',(11.87202318336,-8.756220220285,4.383003075004));
#12226=CARTESIAN_POINT('Ctrl Pts',(11.99357328753,0.1450743163199,-0.1254702147758));
#12227=CARTESIAN_POINT('Ctrl Pts',(11.99357328753,-2.369547166558,2.049346841338));
#12228=CARTESIAN_POINT('Ctrl Pts',(11.99357328753,-4.884168649437,4.224163897452));
#12229=CARTESIAN_POINT('Ctrl Pts',(11.99357328753,-7.398790132315,6.398980953566));
#12230=CARTESIAN_POINT('Ctrl Pts',(12.11175419904,0.1110952531772,-0.1564972773499));
#12231=CARTESIAN_POINT('Ctrl Pts',(12.11175419904,-1.814555801893,2.556122196716));
#12232=CARTESIAN_POINT('Ctrl Pts',(12.11175419904,-3.740206856964,5.268741670781));
#12233=CARTESIAN_POINT('Ctrl Pts',(12.11175419904,-5.665857912035,7.981361144847));
#12234=CARTESIAN_POINT('Ctrl Pts',(12.23641432719,0.06872352477616,-0.1793354421946));
#12235=CARTESIAN_POINT('Ctrl Pts',(12.23641432719,-1.122484238011,2.929145555845));
#12236=CARTESIAN_POINT('Ctrl Pts',(12.23641432719,-2.313692000797,6.037626553884));
#12237=CARTESIAN_POINT('Ctrl Pts',(12.23641432719,-3.504899763584,9.146107551924));
#12238=CARTESIAN_POINT('Ctrl Pts',(12.36107445535,0.02231899699723,-0.1907136829971));
#12239=CARTESIAN_POINT('Ctrl Pts',(12.36107445535,-0.3645436176215,3.11499015562));
#12240=CARTESIAN_POINT('Ctrl Pts',(12.36107445535,-0.7514062322402,6.420693994237));
#12241=CARTESIAN_POINT('Ctrl Pts',(12.36107445535,-1.138268846859,9.726397832853));
#12242=CARTESIAN_POINT('Ctrl Pts',(12.48910377615,-0.02626700978068,-0.1901776894673));
#12243=CARTESIAN_POINT('Ctrl Pts',(12.48910377615,0.4290278264178,3.106235594633));
#12244=CARTESIAN_POINT('Ctrl Pts',(12.48910377615,0.8843226626162,6.402648878732));
#12245=CARTESIAN_POINT('Ctrl Pts',(12.48910377615,1.339617498815,9.699062162832));
#12246=CARTESIAN_POINT('Ctrl Pts',(12.61713309696,-0.07287004498096,-0.1777499151021));
#12247=CARTESIAN_POINT('Ctrl Pts',(12.61713309696,1.190210734689,2.903248613334));
#12248=CARTESIAN_POINT('Ctrl Pts',(12.61713309696,2.453291514359,5.98424714177));
#12249=CARTESIAN_POINT('Ctrl Pts',(12.61713309696,3.716372294029,9.065245670206));
#12250=CARTESIAN_POINT('Ctrl Pts',(12.75218156913,-0.1166849960078,-0.1527889126519));
#12251=CARTESIAN_POINT('Ctrl Pts',(12.75218156913,1.905854934794,2.49555223998));
#12252=CARTESIAN_POINT('Ctrl Pts',(12.75218156913,3.928394865595,5.143893392613));
#12253=CARTESIAN_POINT('Ctrl Pts',(12.75218156913,5.950934796396,7.792234545245));
#12254=CARTESIAN_POINT('Ctrl Pts',(12.88075082465,-0.1504236454759,-0.1191711928309));
#12255=CARTESIAN_POINT('Ctrl Pts',(12.88075082465,2.456919542773,1.946462816239));
#12256=CARTESIAN_POINT('Ctrl Pts',(12.88075082465,5.064262731021,4.012096825309));
#12257=CARTESIAN_POINT('Ctrl Pts',(12.88075082465,7.67160591927,6.077730834378));
#12258=CARTESIAN_POINT('Ctrl Pts',(13.00595088753,-0.1741001929233,-0.07993875089647));
#12259=CARTESIAN_POINT('Ctrl Pts',(13.00595088753,2.843636484414,1.305666264642));
#12260=CARTESIAN_POINT('Ctrl Pts',(13.00595088753,5.861373161752,2.691271280181));
#12261=CARTESIAN_POINT('Ctrl Pts',(13.00595088753,8.879109839089,4.07687629572));
#12262=CARTESIAN_POINT('Ctrl Pts',(13.12413179904,-0.1876325671009,-0.03916634934644));
#12263=CARTESIAN_POINT('Ctrl Pts',(13.12413179904,3.064665262647,0.6397170393252));
#12264=CARTESIAN_POINT('Ctrl Pts',(13.12413179904,6.316963092396,1.318600427997));
#12265=CARTESIAN_POINT('Ctrl Pts',(13.12413179904,9.569260922144,1.997483816668));
#12266=CARTESIAN_POINT('Ctrl Pts',(13.24879192719,-0.1917106235627,0.00559843628302));
#12267=CARTESIAN_POINT('Ctrl Pts',(13.24879192719,3.131273518191,-0.09144112595599));
#12268=CARTESIAN_POINT('Ctrl Pts',(13.24879192719,6.454257659944,-0.188480688195));
#12269=CARTESIAN_POINT('Ctrl Pts',(13.24879192719,9.777241801698,-0.285520250434));
#12270=CARTESIAN_POINT('Ctrl Pts',(13.37345205535,-0.1851968692274,0.04974236007365));
#12271=CARTESIAN_POINT('Ctrl Pts',(13.37345205535,3.024882197381,-0.8124585478696));
#12272=CARTESIAN_POINT('Ctrl Pts',(13.37345205535,6.234961263989,-1.674659455813));
#12273=CARTESIAN_POINT('Ctrl Pts',(13.37345205535,9.445040330596,-2.536860363756));
#12274=CARTESIAN_POINT('Ctrl Pts',(13.50148137615,-0.168289221486,0.09187182108555));
#12275=CARTESIAN_POINT('Ctrl Pts',(13.50148137615,2.748723950938,-1.500573077731));
#12276=CARTESIAN_POINT('Ctrl Pts',(13.50148137615,5.665737123362,-3.093017976547));
#12277=CARTESIAN_POINT('Ctrl Pts',(13.50148137615,8.582750295786,-4.685462875363));
#12278=CARTESIAN_POINT('Ctrl Pts',(13.62951069696,-0.1422863150775,0.1286782115086));
#12279=CARTESIAN_POINT('Ctrl Pts',(13.62951069696,2.324009812933,-2.101744121308));
#12280=CARTESIAN_POINT('Ctrl Pts',(13.62951069696,4.790305940944,-4.332166454124));
#12281=CARTESIAN_POINT('Ctrl Pts',(13.62951069696,7.256602068955,-6.56258878694));
#12282=CARTESIAN_POINT('Ctrl Pts',(13.76455916913,-0.1067057854983,0.1595787518335));
#12283=CARTESIAN_POINT('Ctrl Pts',(13.76455916913,1.742861163139,-2.606452946614));
#12284=CARTESIAN_POINT('Ctrl Pts',(13.76455916913,3.592428111776,-5.372484645062));
#12285=CARTESIAN_POINT('Ctrl Pts',(13.76455916913,5.441995060414,-8.138516343509));
#12286=CARTESIAN_POINT('Ctrl Pts',(13.89623844864,-0.06598641367258,0.1800831381246));
#12287=CARTESIAN_POINT('Ctrl Pts',(13.89623844864,1.077778089986,-2.941357922701));
#12288=CARTESIAN_POINT('Ctrl Pts',(13.89623844864,2.221542593644,-6.062798983527));
#12289=CARTESIAN_POINT('Ctrl Pts',(13.89623844864,3.365307097302,-9.184240044352));
#12290=CARTESIAN_POINT('Ctrl Pts',(14.02791772815,-0.02207199417626,0.1903424800683));
#12291=CARTESIAN_POINT('Ctrl Pts',(14.02791772815,0.3605092382123,-3.108927174449));
#12292=CARTESIAN_POINT('Ctrl Pts',(14.02791772815,0.7430904706008,-6.408196828967));
#12293=CARTESIAN_POINT('Ctrl Pts',(14.02791772815,1.125671702989,-9.707466483485));
#12294=CARTESIAN_POINT('Ctrl Pts',(14.15594704896,0.02145614774992,0.1905157553444));
#12295=CARTESIAN_POINT('Ctrl Pts',(14.15594704896,-0.3504504132486,-3.111757337292));
#12296=CARTESIAN_POINT('Ctrl Pts',(14.15594704896,-0.7223569742472,-6.414030429929));
#12297=CARTESIAN_POINT('Ctrl Pts',(14.15594704896,-1.094263535246,-9.716303522566));
#12298=CARTESIAN_POINT('Ctrl Pts',(14.29099552113,0.0657947995895,0.1802012390937));
#12299=CARTESIAN_POINT('Ctrl Pts',(14.29099552113,-1.074648393295,-2.943286905198));
#12300=CARTESIAN_POINT('Ctrl Pts',(14.29099552113,-2.21509158618,-6.066775049489));
#12301=CARTESIAN_POINT('Ctrl Pts',(14.29099552113,-3.355534779064,-9.19026319378));
#12302=CARTESIAN_POINT('Ctrl Pts',(14.42604399329,0.106088330996,0.1597920623575));
#12303=CARTESIAN_POINT('Ctrl Pts',(14.42604399329,-1.732776072934,-2.609937018506));
#12304=CARTESIAN_POINT('Ctrl Pts',(14.42604399329,-3.571640476864,-5.37966609937));
#12305=CARTESIAN_POINT('Ctrl Pts',(14.42604399329,-5.410504880794,-8.149395180233));
#12306=CARTESIAN_POINT('Ctrl Pts',(14.56474242417,0.1410129684307,0.1299698078207));
#12307=CARTESIAN_POINT('Ctrl Pts',(14.56474242417,-2.303211817701,-2.122840194404));
#12308=CARTESIAN_POINT('Ctrl Pts',(14.56474242417,-4.747436603833,-4.37565019663));
#12309=CARTESIAN_POINT('Ctrl Pts',(14.56474242417,-7.191661389965,-6.628460198855));
#12310=CARTESIAN_POINT('Ctrl Pts',(14.70344085504,0.1677850225659,0.09309668299497));
#12311=CARTESIAN_POINT('Ctrl Pts',(14.70344085504,-2.74048870191,-1.520579155584));
#12312=CARTESIAN_POINT('Ctrl Pts',(14.70344085504,-5.648762426385,-3.134254994164));
#12313=CARTESIAN_POINT('Ctrl Pts',(14.70344085504,-8.55703615086,-4.747930832743));
#12314=CARTESIAN_POINT('Ctrl Pts',(14.84974336655,0.1856613313155,0.04895566332639));
#12315=CARTESIAN_POINT('Ctrl Pts',(14.84974336655,-3.032468411486,-0.7996091676643));
#12316=CARTESIAN_POINT('Ctrl Pts',(14.84974336655,-6.250598154287,-1.648173998655));
#12317=CARTESIAN_POINT('Ctrl Pts',(14.84974336655,-9.468727897088,-2.496738829646));
#12318=CARTESIAN_POINT('Ctrl Pts',(14.9808198345,0.1913014273578,0.007023729262431));
#12319=CARTESIAN_POINT('Ctrl Pts',(14.9808198345,-3.124589980177,-0.1147209112864));
#12320=CARTESIAN_POINT('Ctrl Pts',(14.9808198345,-6.440481387712,-0.2364655518352));
#12321=CARTESIAN_POINT('Ctrl Pts',(14.9808198345,-9.756372795246,-0.358210192384));
#12322=CARTESIAN_POINT('Ctrl Pts',(15.06444683926,0.1892645627303,-0.01953900681678));
#12323=CARTESIAN_POINT('Ctrl Pts',(15.06444683926,-3.091321191262,0.3191371113407));
#12324=CARTESIAN_POINT('Ctrl Pts',(15.06444683926,-6.371906945255,0.6578132294981));
#12325=CARTESIAN_POINT('Ctrl Pts',(15.06444683926,-9.652492699248,0.9964893476556));
#12326=CARTESIAN_POINT('Ctrl Pts',(15.09667025889,0.1876397552819,-0.0296085725947));
#12327=CARTESIAN_POINT('Ctrl Pts',(15.09667025889,-3.064782669604,0.4836066857134));
#12328=CARTESIAN_POINT('Ctrl Pts',(15.09667025889,-6.31720509449,0.9968219440215));
#12329=CARTESIAN_POINT('Ctrl Pts',(15.09667025889,-9.569627519376,1.51003720233));
#12330=CARTESIAN_POINT('',(0.,1.175460225905E-13,9.5));
#12331=CARTESIAN_POINT('',(0.,0.,0.));
#12332=CARTESIAN_POINT('',(0.,1.175460225905E-13,9.5));
#12333=CARTESIAN_POINT('',(15.,-9.499878821194,-0.04798314947495));
#12334=CARTESIAN_POINT('Ctrl Pts',(14.999999999997,-9.499878821194,-0.0479831494747535));
#12335=CARTESIAN_POINT('Ctrl Pts',(14.9485964148695,-9.49574420933341,-0.866607090636091));
#12336=CARTESIAN_POINT('Ctrl Pts',(14.8971928297432,-9.38515183468105,-1.68881864999318));
#12337=CARTESIAN_POINT('Ctrl Pts',(14.8457892446176,-9.16876499870372,-2.48671437815855));
#12338=CARTESIAN_POINT('Ctrl Pts',(14.7983397814247,-8.96902330395515,-3.22323351185061));
#12339=CARTESIAN_POINT('Ctrl Pts',(14.7508903182324,-8.67913721612472,-3.93903383079938));
#12340=CARTESIAN_POINT('Ctrl Pts',(14.70344085504,-8.30522265657985,-4.6122962420723));
#12341=CARTESIAN_POINT('Ctrl Pts',(14.6559913918477,-7.93130809703497,-5.28555865334521));
#12342=CARTESIAN_POINT('Ctrl Pts',(14.6085419286554,-7.47336506577566,-5.91628315694229));
#12343=CARTESIAN_POINT('Ctrl Pts',(14.5610924654613,-6.94290695148394,-6.48429202481198));
#12344=CARTESIAN_POINT('Ctrl Pts',(14.5172929609743,-6.45325330752021,-7.00860790284784));
#12345=CARTESIAN_POINT('Ctrl Pts',(14.4734934564857,-5.90181166381236,-7.47948560606227));
#12346=CARTESIAN_POINT('Ctrl Pts',(14.4296939519992,-5.30142587273061,-7.88320263065359));
#12347=CARTESIAN_POINT('Ctrl Pts',(14.3822444888056,-4.6510079323949,-8.32056274062562));
#12348=CARTESIAN_POINT('Ctrl Pts',(14.3347950256144,-3.94314859687783,-8.6791023319365));
#12349=CARTESIAN_POINT('Ctrl Pts',(14.2873455624214,-3.19833653956669,-8.94542583556939));
#12350=CARTESIAN_POINT('Ctrl Pts',(14.2435460579353,-2.51081771743031,-9.19126291584698));
#12351=CARTESIAN_POINT('Ctrl Pts',(14.1997465534476,-1.7918125524632,-9.35852534153435));
#12352=CARTESIAN_POINT('Ctrl Pts',(14.15594704896,-1.06002980876837,-9.44067459477983));
#12353=CARTESIAN_POINT('Ctrl Pts',(14.1121475444723,-0.32824706507352,-9.52282384802531));
#12354=CARTESIAN_POINT('Ctrl Pts',(14.0683480399846,0.416313257349059,-9.51985992882889));
#12355=CARTESIAN_POINT('Ctrl Pts',(14.0245485354981,1.15348235172312,-9.4297125334905));
#12356=CARTESIAN_POINT('Ctrl Pts',(13.9841182236647,1.83394613114209,-9.34649955317854));
#12357=CARTESIAN_POINT('Ctrl Pts',(13.9436879118322,2.50811205944286,-9.18900006065164));
#12358=CARTESIAN_POINT('Ctrl Pts',(13.9032575999998,3.15971195829562,-8.95914171897105));
#12359=CARTESIAN_POINT('Ctrl Pts',(13.8558081368076,3.92443683958837,-8.68937741519303));
#12360=CARTESIAN_POINT('Ctrl Pts',(13.8083586736153,4.65808010595707,-8.31994870696477));
#12361=CARTESIAN_POINT('Ctrl Pts',(13.7609092104218,5.33526181969923,-7.8603423153997));
#12362=CARTESIAN_POINT('Ctrl Pts',(13.7171097059353,5.96035263238704,-7.43609026164547));
#12363=CARTESIAN_POINT('Ctrl Pts',(13.6733102014476,6.5373341931323,-6.93500041853849));
#12364=CARTESIAN_POINT('Ctrl Pts',(13.62951069696,7.0482182519986,-6.36966399994503));
#12365=CARTESIAN_POINT('Ctrl Pts',(13.5857111924723,7.55910231086491,-5.80432758135157));
#12366=CARTESIAN_POINT('Ctrl Pts',(13.5419116879846,8.00388886785225,-5.17474458727163));
#12367=CARTESIAN_POINT('Ctrl Pts',(13.4981121834987,8.36777549248475,-4.49781428111198));
#12368=CARTESIAN_POINT('Ctrl Pts',(13.4576818716657,8.70367083829776,-3.8729555369676));
#12369=CARTESIAN_POINT('Ctrl Pts',(13.4172515598343,8.97063369737121,-3.20775352099237));
#12370=CARTESIAN_POINT('Ctrl Pts',(13.3768212480008,9.16015603945642,-2.51824171453181));
#12371=CARTESIAN_POINT('Ctrl Pts',(13.3330217435144,9.36547191004971,-1.77127059086263));
#12372=CARTESIAN_POINT('Ctrl Pts',(13.2892222390256,9.47990272945455,-0.995769226970797));
#12373=CARTESIAN_POINT('Ctrl Pts',(13.2454227345386,9.49757592590089,-0.214596206281037));
#12374=CARTESIAN_POINT('Ctrl Pts',(13.2049924227047,9.51388964569744,0.506486582044524));
#12375=CARTESIAN_POINT('Ctrl Pts',(13.1645621108724,9.44775900037038,1.23240202468307));
#12376=CARTESIAN_POINT('Ctrl Pts',(13.12413179904,9.298956266978,1.94407107504816));
#12377=CARTESIAN_POINT('Ctrl Pts',(13.0837014872077,9.15015353358561,2.65574012541327));
#12378=CARTESIAN_POINT('Ctrl Pts',(13.0432711753754,8.91867871212791,3.35316278350491));
#12379=CARTESIAN_POINT('Ctrl Pts',(13.0028408635414,8.60878092076104,4.01732386774356));
#12380=CARTESIAN_POINT('Ctrl Pts',(12.9655205756944,8.32272142103631,4.63039563781315));
#12381=CARTESIAN_POINT('Ctrl Pts',(12.928200287846,7.96983998245337,5.21512618519112));
#12382=CARTESIAN_POINT('Ctrl Pts',(12.8908799999992,7.55673570537776,5.75723418657519));
#12383=CARTESIAN_POINT('Ctrl Pts',(12.8434305368054,7.03150995495484,6.44647682490569));
#12384=CARTESIAN_POINT('Ctrl Pts',(12.7959810736143,6.40893467458158,7.06682060490193));
#12385=CARTESIAN_POINT('Ctrl Pts',(12.7485316104213,5.70984304143452,7.59260774979084));
#12386=CARTESIAN_POINT('Ctrl Pts',(12.7047321059353,5.06452768775748,8.07794972969042));
#12387=CARTESIAN_POINT('Ctrl Pts',(12.6609326014476,4.35401496840278,8.48272274239725));
#12388=CARTESIAN_POINT('Ctrl Pts',(12.61713309696,3.60018001819616,8.7913994242428));
#12389=CARTESIAN_POINT('Ctrl Pts',(12.5733335924723,2.84634506798955,9.10007610608834));
#12390=CARTESIAN_POINT('Ctrl Pts',(12.5295340879846,2.04918788693102,9.31265645707261));
#12391=CARTESIAN_POINT('Ctrl Pts',(12.4857345834987,1.23439269552388,9.41946254694168));
#12392=CARTESIAN_POINT('Ctrl Pts',(12.4453042716657,0.482274057305464,9.51805278374344));
#12393=CARTESIAN_POINT('Ctrl Pts',(12.4048739598343,-0.284873418132922,
9.52651583947749));
#12394=CARTESIAN_POINT('Ctrl Pts',(12.3644436480008,-1.04499291618002,9.44235086221284));
#12395=CARTESIAN_POINT('Ctrl Pts',(12.3206441435144,-1.86845570573494,9.35117213684237));
#12396=CARTESIAN_POINT('Ctrl Pts',(12.2768446390256,-2.68367038293473,9.15128412274324));
#12397=CARTESIAN_POINT('Ctrl Pts',(12.2330451345387,-3.46204489284412,8.84670815388042));
#12398=CARTESIAN_POINT('Ctrl Pts',(12.1926148227047,-4.18054444044938,8.56556110570071));
#12399=CARTESIAN_POINT('Ctrl Pts',(12.1521845108724,-4.86765354965365,8.19521248659894));
#12400=CARTESIAN_POINT('Ctrl Pts',(12.11175419904,-5.501818512713,7.74467514187495));
#12401=CARTESIAN_POINT('Ctrl Pts',(12.0713238872077,-6.13598347577237,7.29413779715095));
#12402=CARTESIAN_POINT('Ctrl Pts',(12.0308935753754,-6.71720429268682,6.76341172680472));
#12403=CARTESIAN_POINT('Ctrl Pts',(11.9904632635419,-7.22637283578165,6.16680919424941));
#12404=CARTESIAN_POINT('Ctrl Pts',(11.9531429756953,-7.69637456787161,5.61609916419553));
#12405=CARTESIAN_POINT('Ctrl Pts',(11.9158226878478,-8.10498264652882,5.00925771072032));
#12406=CARTESIAN_POINT('Ctrl Pts',(11.8785024000002,-8.4398406004253,4.36108824026915));
#12407=CARTESIAN_POINT('Ctrl Pts',(11.8347028955124,-8.83283361576197,3.60038934786497));
#12408=CARTESIAN_POINT('Ctrl Pts',(11.7909033910247,-9.12424593504879,2.78276677235656));
#12409=CARTESIAN_POINT('Ctrl Pts',(11.7471038865382,-9.30042996695324,1.93700862925445));
#12410=CARTESIAN_POINT('Ctrl Pts',(11.7066735747047,-9.46306138101812,1.15630880485621));
#12411=CARTESIAN_POINT('Ctrl Pts',(11.6662432628724,-9.52751011234394,0.351635479076572));
#12412=CARTESIAN_POINT('Ctrl Pts',(11.62581295104,-9.48925998404115,-0.451602651992778));
#12413=CARTESIAN_POINT('Ctrl Pts',(11.5853826392077,-9.45100985573838,-1.25484078306212));
#12414=CARTESIAN_POINT('Ctrl Pts',(11.5449523273754,-9.310060867807,-2.05664371942118));
#12415=CARTESIAN_POINT('Ctrl Pts',(11.5045220155413,-9.0684657106552,-2.83071186359133));
#12416=CARTESIAN_POINT('Ctrl Pts',(11.4672017276943,-8.84545479636008,-3.54523630436745));
#12417=CARTESIAN_POINT('Ctrl Pts',(11.4298814398457,-8.53668619941471,-4.23612873286402));
#12418=CARTESIAN_POINT('Ctrl Pts',(11.3925611519992,-8.14890086353242,-4.88317670336879));
#12419=CARTESIAN_POINT('Ctrl Pts',(11.3521308401656,-7.72880008299544,-5.58414533807869));
#12420=CARTESIAN_POINT('Ctrl Pts',(11.3117005283344,-7.21596437967929,-6.2336576297293));
#12421=CARTESIAN_POINT('Ctrl Pts',(11.2712702165013,-6.62535554436014,-6.80842594957369));
#12422=CARTESIAN_POINT('Ctrl Pts',(11.2339499286553,-6.08017815790888,-7.33898132174048));
#12423=CARTESIAN_POINT('Ctrl Pts',(11.1966296408076,-5.46873254063783,-7.80584952266343));
#12424=CARTESIAN_POINT('Ctrl Pts',(11.15930935296,-4.80742845595469,-8.19381667117858));
#12425=CARTESIAN_POINT('Ctrl Pts',(11.1219890651123,-4.14612437127154,-8.58178381969375));
#12426=CARTESIAN_POINT('Ctrl Pts',(11.0846687772646,-3.43496181917629,-8.89084991580112));
#12427=CARTESIAN_POINT('Ctrl Pts',(11.0473484894181,-2.69394258009579,-9.11003146949297));
#12428=CARTESIAN_POINT('Ctrl Pts',(11.0128989929446,-2.00992482094839,-9.31235290366893));
#12429=CARTESIAN_POINT('Ctrl Pts',(10.9784494964721,-1.30046704448839,-9.43808632537334));
#12430=CARTESIAN_POINT('Ctrl Pts',(10.9439999999996,-0.583281411568525,
-9.4820769241196));
#12431=CARTESIAN_POINT('Ctrl Pts',(10.8965505368075,0.404543572123633,-9.54266794894565));
#12432=CARTESIAN_POINT('Ctrl Pts',(10.8491010736153,1.4070292959832,-9.44818229834891));
#12433=CARTESIAN_POINT('Ctrl Pts',(10.8016516104218,2.37493332875865,-9.19835266142535));
#12434=CARTESIAN_POINT('Ctrl Pts',(10.7578521059353,3.2683832051707,-8.9677406888795));
#12435=CARTESIAN_POINT('Ctrl Pts',(10.7140526014476,4.13236702527414,-8.60476460963982));
#12436=CARTESIAN_POINT('Ctrl Pts',(10.67025309696,4.92863450434307,-8.12148766683772));
#12437=CARTESIAN_POINT('Ctrl Pts',(10.6264535924723,5.72490198341199,-7.63821072403563));
#12438=CARTESIAN_POINT('Ctrl Pts',(10.5826540879846,6.45345312144643,-7.03463291767114));
#12439=CARTESIAN_POINT('Ctrl Pts',(10.5388545834987,7.08037119948005,-6.33390429968557));
#12440=CARTESIAN_POINT('Ctrl Pts',(10.4984242716657,7.65906480996987,-5.68707788308658));
#12441=CARTESIAN_POINT('Ctrl Pts',(10.4579939598343,8.15115983679119,-4.95747207670473));
#12442=CARTESIAN_POINT('Ctrl Pts',(10.4175636480008,8.53548485280443,-4.1707910913333));
#12443=CARTESIAN_POINT('Ctrl Pts',(10.3737641435144,8.95183695348743,-3.31855335717686));
#12444=CARTESIAN_POINT('Ctrl Pts',(10.3299646390256,9.24170897204031,-2.39933155878893));
#12445=CARTESIAN_POINT('Ctrl Pts',(10.2861651345387,9.38821605859321,-1.45306546210841));
#12446=CARTESIAN_POINT('Ctrl Pts',(10.2457348227047,9.52345336925678,-0.579589065176711));
#12447=CARTESIAN_POINT('Ctrl Pts',(10.2053045108724,9.53653357809905,0.316930994205276));
#12448=CARTESIAN_POINT('Ctrl Pts',(10.16487419904,9.42371299680181,1.20151294371602));
#12449=CARTESIAN_POINT('Ctrl Pts',(10.1244438872077,9.31089241550457,2.08609489322679));
#12450=CARTESIAN_POINT('Ctrl Pts',(10.0840135753754,9.07217104406782,2.95873873286631));
#12451=CARTESIAN_POINT('Ctrl Pts',(10.0435832635419,8.71385466382596,3.7840106894303));
#12452=CARTESIAN_POINT('Ctrl Pts',(10.0062629756953,8.38310108206253,4.54580018780099));
#12453=CARTESIAN_POINT('Ctrl Pts',(9.96894268784776,7.95044406084282,5.2672254781069));
#12454=CARTESIAN_POINT('Ctrl Pts',(9.93162240000075,7.42836635620267,5.92193999277545));
#12455=CARTESIAN_POINT('Ctrl Pts',(9.88782289551365,6.81565016117386,6.69032022179585));
#12456=CARTESIAN_POINT('Ctrl Pts',(9.84402339102733,6.07976922177925,7.36681549407546));
#12457=CARTESIAN_POINT('Ctrl Pts',(9.80022388654083,5.25297251643162,7.91557197817193));
#12458=CARTESIAN_POINT('Ctrl Pts',(9.75979357470733,4.48977555765283,8.4221164250278));
#12459=CARTESIAN_POINT('Ctrl Pts',(9.71936326287366,3.64911191072545,8.81981835414286));
#12460=CARTESIAN_POINT('Ctrl Pts',(9.67893295104,2.76474913956,9.08879321996672));
#12461=CARTESIAN_POINT('Ctrl Pts',(9.63850263920633,1.88038636839454,9.35776808579058));
#12462=CARTESIAN_POINT('Ctrl Pts',(9.59807232737266,0.952324472991002,9.49801588832323));
#12463=CARTESIAN_POINT('Ctrl Pts',(9.55764201553917,0.0195186385829688,
9.49997994854466));
#12464=CARTESIAN_POINT('Ctrl Pts',(9.52032172769267,-0.841532900875037,
9.50179292721059));
#12465=CARTESIAN_POINT('Ctrl Pts',(9.48300143984633,-1.70662661321265,9.38577833846221));
#12466=CARTESIAN_POINT('Ctrl Pts',(9.44568115199983,-2.54329551447572,9.15323155645324));
#12467=CARTESIAN_POINT('Ctrl Pts',(9.40525084016634,-3.4496868241727,8.90130587594483));
#12468=CARTESIAN_POINT('Ctrl Pts',(9.36482052833266,-4.32271845976171,8.51261671862507));
#12469=CARTESIAN_POINT('Ctrl Pts',(9.32439021649917,-5.12234721775577,8.00072240368015));
#12470=CARTESIAN_POINT('Ctrl Pts',(9.28706992865268,-5.86046607129257,7.52820457449778));
#12471=CARTESIAN_POINT('Ctrl Pts',(9.24974964080634,-6.53604046107918,6.95070720272246));
#12472=CARTESIAN_POINT('Ctrl Pts',(9.21242935296,-7.12111286153575,6.28806421828422));
#12473=CARTESIAN_POINT('Ctrl Pts',(9.17510906511367,-7.7061852619923,5.625421233846));
#12474=CARTESIAN_POINT('Ctrl Pts',(9.13778877726734,-8.20075567311883,4.87763263674487));
#12475=CARTESIAN_POINT('Ctrl Pts',(9.10046848942084,-8.58300972032761,4.07209333645067));
#12476=CARTESIAN_POINT('Ctrl Pts',(9.06601899294734,-8.93585961005684,3.32851859772169));
#12477=CARTESIAN_POINT('Ctrl Pts',(9.03156949647369,-9.19300798260278,2.53573615923111));
#12478=CARTESIAN_POINT('Ctrl Pts',(8.99712000000017,-9.34304648564239,1.71973322556979));
#12479=CARTESIAN_POINT('Ctrl Pts',(8.95332049551364,-9.53380724442695,0.682257273449892));
#12480=CARTESIAN_POINT('Ctrl Pts',(8.90952099102733,-9.55142612364108,-0.392754343655428));
#12481=CARTESIAN_POINT('Ctrl Pts',(8.86572148654083,-9.38930445159472,-1.44601587655878));
#12482=CARTESIAN_POINT('Ctrl Pts',(8.82529117470732,-9.23965367739879,-2.41825729154187));
#12483=CARTESIAN_POINT('Ctrl Pts',(8.78486086287366,-8.93685119088768,-3.37196609040038));
#12484=CARTESIAN_POINT('Ctrl Pts',(8.74443055104,-8.49146940030295,-4.25968865337896));
#12485=CARTESIAN_POINT('Ctrl Pts',(8.70400023920633,-8.04608760971822,-5.14741121635754));
#12486=CARTESIAN_POINT('Ctrl Pts',(8.66356992737266,-7.45812651505987,-5.9691475434562));
#12487=CARTESIAN_POINT('Ctrl Pts',(8.62313961553916,-6.75285220216176,-6.68198975872911));
#12488=CARTESIAN_POINT('Ctrl Pts',(8.58581932769267,-6.10182975948322,-7.33999795744596));
#12489=CARTESIAN_POINT('Ctrl Pts',(8.54849903984633,-5.35084812493071,-7.90522064076004));
#12490=CARTESIAN_POINT('Ctrl Pts',(8.51117875199983,-4.52983401627575,-8.35048524248723));
#12491=CARTESIAN_POINT('Ctrl Pts',(8.47074844016634,-3.64040206523746,-8.8328552276892));
#12492=CARTESIAN_POINT('Ctrl Pts',(8.43031812833266,-2.66877922445478,-9.17444107547469));
#12493=CARTESIAN_POINT('Ctrl Pts',(8.38988781649917,-1.6628453836807,-9.35333872101193));
#12494=CARTESIAN_POINT('Ctrl Pts',(8.35256752865267,-0.734291069115261,
-9.518475009201));
#12495=CARTESIAN_POINT('Ctrl Pts',(8.31524724080634,0.223498653727153,-9.54498939724813));
#12496=CARTESIAN_POINT('Ctrl Pts',(8.27792695296001,1.1680410689423,-9.42792024050153));
#12497=CARTESIAN_POINT('Ctrl Pts',(8.24060666511367,2.11258348415749,-9.31085108375493));
#12498=CARTESIAN_POINT('Ctrl Pts',(8.20328637726734,3.04387859174541,-9.05019838221459));
#12499=CARTESIAN_POINT('Ctrl Pts',(8.16596608942084,3.91890599443934,-8.6540265660993));
#12500=CARTESIAN_POINT('Ctrl Pts',(8.13151659294734,4.72662359692154,-8.28832950507184));
#12501=CARTESIAN_POINT('Ctrl Pts',(8.09706709647368,5.48639711949461,-7.8071605357688));
#12502=CARTESIAN_POINT('Ctrl Pts',(8.06261760000003,6.16656202025939,-7.22658376069279));
#12503=CARTESIAN_POINT('Ctrl Pts',(8.02218728816635,6.96481110518503,-6.54521240661026));
#12504=CARTESIAN_POINT('Ctrl Pts',(7.98175697633267,7.65341021675667,-5.72692041495616));
#12505=CARTESIAN_POINT('Ctrl Pts',(7.94132666449917,8.19055108780081,-4.81299001433997));
#12506=CARTESIAN_POINT('Ctrl Pts',(7.90400637665268,8.68637343030567,-3.96936195222835));
#12507=CARTESIAN_POINT('Ctrl Pts',(7.86668608880634,9.05314259744848,-3.04424317478722));
#12508=CARTESIAN_POINT('Ctrl Pts',(7.82936580096,9.26941348411627,-2.08037824937874));
#12509=CARTESIAN_POINT('Ctrl Pts',(7.79204551311367,9.48568437078406,-1.11651332397026));
#12510=CARTESIAN_POINT('Ctrl Pts',(7.75472522526734,9.55145697697683,-0.113902250594436));
#12511=CARTESIAN_POINT('Ctrl Pts',(7.71740493742084,9.45924247600655,0.879051636777985));
#12512=CARTESIAN_POINT('Ctrl Pts',(7.68295544094733,9.3741213981883,1.79562445588585));
#12513=CARTESIAN_POINT('Ctrl Pts',(7.64850594447367,9.15438408704919,2.70396866680157));
#12514=CARTESIAN_POINT('Ctrl Pts',(7.61405644800017,8.80581633975985,3.56477188476679));
#12515=CARTESIAN_POINT('Ctrl Pts',(7.57673616015366,8.42820128019429,4.49730870423434));
#12516=CARTESIAN_POINT('Ctrl Pts',(7.53941587230734,7.89938938931182,5.37405088614131));
#12517=CARTESIAN_POINT('Ctrl Pts',(7.50209558446083,7.24200009992105,6.14844976825368));
#12518=CARTESIAN_POINT('Ctrl Pts',(7.46764608798733,6.63517921740989,6.86327950558417));
#12519=CARTESIAN_POINT('Ctrl Pts',(7.43319659151366,5.91880126161478,7.49090548451076));
#12520=CARTESIAN_POINT('Ctrl Pts',(7.39874709504,5.12191641200639,8.00099820450096));
#12521=CARTESIAN_POINT('Ctrl Pts',(7.36429759856633,4.32503156239799,8.51109092449117));
#12522=CARTESIAN_POINT('Ctrl Pts',(7.32984810209266,3.4476398189763,8.90365038554501));
#12523=CARTESIAN_POINT('Ctrl Pts',(7.29539860561917,2.52729445218391,9.15766251572733));
#12524=CARTESIAN_POINT('Ctrl Pts',(7.26359907041269,1.67774488283194,9.39213525128167));
#12525=CARTESIAN_POINT('Ctrl Pts',(7.23179953520637,0.791595776406264,9.50855582325177));
#12526=CARTESIAN_POINT('Ctrl Pts',(7.19999999999994,-0.0971449990905464,
9.49950329486509));
#12527=CARTESIAN_POINT('Ctrl Pts',(7.1753262791395,-0.786731864733478,9.49247930671418));
#12528=CARTESIAN_POINT('Ctrl Pts',(7.150652558279,-1.47787902745646,9.40991507529171));
#12529=CARTESIAN_POINT('Ctrl Pts',(7.1259788374185,-2.154035767257,9.25257423171403));
#12530=CARTESIAN_POINT('Ctrl Pts',(7.1032030950855,-2.77818045015612,9.10733652994855));
#12531=CARTESIAN_POINT('Ctrl Pts',(7.0804273527525,-3.38955222831635,8.89838384504363));
#12532=CARTESIAN_POINT('Ctrl Pts',(7.0576516104195,-3.97505674255522,8.62837898411193));
#12533=CARTESIAN_POINT('Ctrl Pts',(7.013852105933,-5.1010269622444,8.10913886693603));
#12534=CARTESIAN_POINT('Ctrl Pts',(6.9700526014465,-6.13133422364477,7.36411407510531));
#12535=CARTESIAN_POINT('Ctrl Pts',(6.92625309696009,-6.98203795807993,6.44213830586819));
#12536=CARTESIAN_POINT('Ctrl Pts',(6.88245359247367,-7.83274169251508,5.52016253663108));
#12537=CARTESIAN_POINT('Ctrl Pts',(6.83865408798734,-8.50384189998503,4.42123578998758));
#12538=CARTESIAN_POINT('Ctrl Pts',(6.79485458350093,-8.93513220793766,3.22698193776766));
#12539=CARTESIAN_POINT('Ctrl Pts',(6.7544242716675,-9.33324633835359,2.12459376649296));
#12540=CARTESIAN_POINT('Ctrl Pts',(6.713993959834,-9.52702540646085,0.940980132479365));
#12541=CARTESIAN_POINT('Ctrl Pts',(6.6735636480005,-9.49686565779281,-0.244013683699393));
#12542=CARTESIAN_POINT('Ctrl Pts',(6.6507879056675,-9.47987566604306,-0.91156020015051));
#12543=CARTESIAN_POINT('Ctrl Pts',(6.6280121633345,-9.3918199348934,-1.57954470974405));
#12544=CARTESIAN_POINT('Ctrl Pts',(6.6052364210015,-9.23386845489843,-2.23286214478731));
#12545=CARTESIAN_POINT('Ctrl Pts',(6.584212658848,-9.0880670887495,-2.83592439251845));
#12546=CARTESIAN_POINT('Ctrl Pts',(6.5631888966945,-8.88270958157282,-3.42648925128371));
#12547=CARTESIAN_POINT('Ctrl Pts',(6.54216513454096,-8.6202199055252,-3.99271947178689));
#12548=CARTESIAN_POINT('Ctrl Pts',(6.5017348227074,-8.11543206697401,-5.08162374198115));
#12549=CARTESIAN_POINT('Ctrl Pts',(6.4613045108737,-7.39935662165321,-6.08053304818915));
#12550=CARTESIAN_POINT('Ctrl Pts',(6.42087419904002,-6.51598979194944,-6.91316693210988));
#12551=CARTESIAN_POINT('Ctrl Pts',(6.38044388720633,-5.63262296224567,-7.74580081603062));
#12552=CARTESIAN_POINT('Ctrl Pts',(6.34001357537266,-4.58196474815893,-8.41215927766407));
#12553=CARTESIAN_POINT('Ctrl Pts',(6.29958326353908,-3.43691316793959,-8.85650201129355));
#12554=CARTESIAN_POINT('Ctrl Pts',(6.2622629756925,-2.37994247850093,-9.26666453464595));
#12555=CARTESIAN_POINT('Ctrl Pts',(6.224942687846,-1.24254193862892,-9.48765389330663));
#12556=CARTESIAN_POINT('Ctrl Pts',(6.18762239999979,-0.0963652428418946,
-9.49951123689932));
#12557=CARTESIAN_POINT('Ctrl Pts',(6.16484665766696,0.603120924004026,-9.50674751019742));
#12558=CARTESIAN_POINT('Ctrl Pts',(6.14207091533424,1.30587567328482,-9.4360948720357));
#12559=CARTESIAN_POINT('Ctrl Pts',(6.11929517300138,1.9945242868677,-9.28826533154045));
#12560=CARTESIAN_POINT('Ctrl Pts',(6.098271410848,2.63019993017383,-9.15180729416046));
#12561=CARTESIAN_POINT('Ctrl Pts',(6.0772476486945,3.25385614424628,-8.94958905597579));
#12562=CARTESIAN_POINT('Ctrl Pts',(6.05622388654096,3.8517874821329,-8.68410808272733));
#12563=CARTESIAN_POINT('Ctrl Pts',(6.0157935747074,5.00165543960277,-8.17356774955915));
#12564=CARTESIAN_POINT('Ctrl Pts',(5.9753632628737,6.05638702064652,-7.42906759736982));
#12565=CARTESIAN_POINT('Ctrl Pts',(5.93493295104001,6.92763128644011,-6.50060956827507));
#12566=CARTESIAN_POINT('Ctrl Pts',(5.89450263920633,7.79887555223371,-5.57215153918031));
#12567=CARTESIAN_POINT('Ctrl Pts',(5.85407232737266,8.48663250277715,-4.45973563318012));
#12568=CARTESIAN_POINT('Ctrl Pts',(5.81364201553918,8.92738788278554,-3.24834505406982));
#12569=CARTESIAN_POINT('Ctrl Pts',(5.7763217276927,9.33423900279538,-2.13013836565456));
#12570=CARTESIAN_POINT('Ctrl Pts',(5.73900143984639,9.53062724613413,-0.927598227961176));
#12571=CARTESIAN_POINT('Ctrl Pts',(5.70168115199996,9.49599897320654,0.275687324441788));
#12572=CARTESIAN_POINT('Ctrl Pts',(5.6806573898465,9.47649171279068,0.953538185627892));
#12573=CARTESIAN_POINT('Ctrl Pts',(5.659633627693,9.38367264436299,1.63162560003087));
#12574=CARTESIAN_POINT('Ctrl Pts',(5.6386098655395,9.21883792572281,2.29412887590418));
#12575=CARTESIAN_POINT('Ctrl Pts',(5.6192033158595,9.0666828008254,2.90567036132083));
#12576=CARTESIAN_POINT('Ctrl Pts',(5.5997967661795,8.85316522841063,3.50393305414437));
#12577=CARTESIAN_POINT('Ctrl Pts',(5.5803902164995,8.58090568893092,4.07652518177871));
#12578=CARTESIAN_POINT('Ctrl Pts',(5.543069928653,8.05732965146505,5.17766388877808));
#12579=CARTESIAN_POINT('Ctrl Pts',(5.5057496408065,7.316512611536,6.18386707362633));
#12580=CARTESIAN_POINT('Ctrl Pts',(5.46842935296009,6.40551078941541,7.01565617221031));
#12581=CARTESIAN_POINT('Ctrl Pts',(5.43110906511367,5.49450896729482,7.84744527079429));
#12582=CARTESIAN_POINT('Ctrl Pts',(5.39378877726734,4.4133223629827,8.50482028311398));
#12583=CARTESIAN_POINT('Ctrl Pts',(5.35646848942092,3.2395412920563,8.93058633109087));
#12584=CARTESIAN_POINT('Ctrl Pts',(5.3220189929475,2.1560510727457,9.32360114460579));
#12585=CARTESIAN_POINT('Ctrl Pts',(5.287569496474,0.99366379312559,9.51926867489591));
#12586=CARTESIAN_POINT('Ctrl Pts',(5.2531200000005,-0.171841954001123,9.49844568036518));
#12587=CARTESIAN_POINT('Ctrl Pts',(5.2303442576675,-0.942397732794846,9.48467888530046));
#12588=CARTESIAN_POINT('Ctrl Pts',(5.2075685153345,-1.71431658908537,9.37628440467335));
#12589=CARTESIAN_POINT('Ctrl Pts',(5.1847927730015,-2.46432180067555,9.17480888426094));
#12590=CARTESIAN_POINT('Ctrl Pts',(5.163769010848,-3.15663430368057,8.98883148080367));
#12591=CARTESIAN_POINT('Ctrl Pts',(5.1427452486945,-3.83027482540252,8.72354242214503));
#12592=CARTESIAN_POINT('Ctrl Pts',(5.121721486541,-4.46736022773256,8.3840737470323));
#12593=CARTESIAN_POINT('Ctrl Pts',(5.1006977243875,-5.10444563006261,8.04460507191957));
#12594=CARTESIAN_POINT('Ctrl Pts',(5.079673962234,-5.70497591300073,7.63095678035275));
#12595=CARTESIAN_POINT('Ctrl Pts',(5.0586502000805,-6.25236038021842,7.1524813649443));
#12596=CARTESIAN_POINT('Ctrl Pts',(5.0392436504005,-6.7576383499538,6.71081175072461));
#12597=CARTESIAN_POINT('Ctrl Pts',(5.0198371007205,-7.21763231102871,6.21390482388334));
#12598=CARTESIAN_POINT('Ctrl Pts',(5.00043055104042,-7.62094756835015,5.6719624611294));
#12599=CARTESIAN_POINT('Ctrl Pts',(4.97940678888684,-8.05787243045183,5.08485823480798));
#12600=CARTESIAN_POINT('Ctrl Pts',(4.95838302673316,-8.42827853606403,4.44489992050487));
#12601=CARTESIAN_POINT('Ctrl Pts',(4.93735926457949,-8.72068382894234,3.76824542136334));
#12602=CARTESIAN_POINT('Ctrl Pts',(4.91795271489933,-8.99059640698172,3.14364126831457));
#12603=CARTESIAN_POINT('Ctrl Pts',(4.89854616521916,-9.19404675405365,2.48776936013768));
#12604=CARTESIAN_POINT('Ctrl Pts',(4.87913961553917,-9.3249360156878,1.81537001829932));
#12605=CARTESIAN_POINT('Ctrl Pts',(4.85973306585917,-9.45582527732196,1.14297067646096));
#12606=CARTESIAN_POINT('Ctrl Pts',(4.84032651617934,-9.51415345351835,0.454043900961089));
#12607=CARTESIAN_POINT('Ctrl Pts',(4.82091996649942,-9.49708261564085,-0.23541833338949));
#12608=CARTESIAN_POINT('Ctrl Pts',(4.803006228333,-9.48132491913823,-0.871845011263869));
#12609=CARTESIAN_POINT('Ctrl Pts',(4.7850924901665,-9.40132190886604,-1.50872793809983));
#12610=CARTESIAN_POINT('Ctrl Pts',(4.767178752,-9.25744234174499,-2.13301694537608));
#12611=CARTESIAN_POINT('Ctrl Pts',(4.7461549898465,-9.08858368311179,-2.86568946085166));
#12612=CARTESIAN_POINT('Ctrl Pts',(4.725131227693,-8.83174381594665,-3.5810155769958));
#12613=CARTESIAN_POINT('Ctrl Pts',(4.70410746553941,-8.49223256683729,-4.25816698013955));
#12614=CARTESIAN_POINT('Ctrl Pts',(4.68470091585933,-8.17883756766189,-4.88322981380576));
#12615=CARTESIAN_POINT('Ctrl Pts',(4.66529436617916,-7.79500068091384,-5.47576508136565));
#12616=CARTESIAN_POINT('Ctrl Pts',(4.64588781649917,-7.34876856683417,-6.02043192396658));
#12617=CARTESIAN_POINT('Ctrl Pts',(4.62648126681917,-6.90253645275449,-6.56509876656751));
#12618=CARTESIAN_POINT('Ctrl Pts',(4.60707471713934,-6.39390911134321,-7.06189718420947));
#12619=CARTESIAN_POINT('Ctrl Pts',(4.58766816745934,-5.83431823737677,-7.49738158992929));
#12620=CARTESIAN_POINT('Ctrl Pts',(4.56975442929283,-5.31777281524394,-7.89936719521688));
#12621=CARTESIAN_POINT('Ctrl Pts',(4.55184069112617,-4.75780284466006,-8.24910890868714));
#12622=CARTESIAN_POINT('Ctrl Pts',(4.53392695295959,-4.16567850187058,-8.53798117935724));
#12623=CARTESIAN_POINT('Ctrl Pts',(4.5145204032795,-3.52421046386103,-8.85092613924381));
#12624=CARTESIAN_POINT('Ctrl Pts',(4.4951138535995,-2.84500569736162,-9.09243404473573));
#12625=CARTESIAN_POINT('Ctrl Pts',(4.47570730391959,-2.14472363554407,-9.254737193845));
#12626=CARTESIAN_POINT('Ctrl Pts',(4.45779356575318,-1.49830942462306,-9.40455548533337));
#12627=CARTESIAN_POINT('Ctrl Pts',(4.43987982758684,-0.83393586147762,-9.48688570037475));
#12628=CARTESIAN_POINT('Ctrl Pts',(4.42196608942042,-0.166050186927886,
-9.49854869627066));
#12629=CARTESIAN_POINT('Ctrl Pts',(4.4040523512545,0.5018354876032,-9.51021169216625));
#12630=CARTESIAN_POINT('Ctrl Pts',(4.3861386130885,1.17323327353839,-9.45120746892032));
#12631=CARTESIAN_POINT('Ctrl Pts',(4.3682248749225,1.83308855890147,-9.3214691082056));
#12632=CARTESIAN_POINT('Ctrl Pts',(4.351689116615,2.44218574540606,-9.20171062138895));
#12633=CARTESIAN_POINT('Ctrl Pts',(4.3351533583075,3.04144790183686,-9.0216816269035));
#12634=CARTESIAN_POINT('Ctrl Pts',(4.3186176,3.61898845536803,-8.7836736369189));
#12635=CARTESIAN_POINT('Ctrl Pts',(4.2975938378465,4.35328046699793,-8.48106741354424));
#12636=CARTESIAN_POINT('Ctrl Pts',(4.276570075693,5.05245975586421,-8.08473880676726));
#12637=CARTESIAN_POINT('Ctrl Pts',(4.25554631353941,5.69335986830387,-7.60497556932242));
#12638=CARTESIAN_POINT('Ctrl Pts',(4.23613976385932,6.28495997208965,-7.16211719629992));
#12639=CARTESIAN_POINT('Ctrl Pts',(4.21673321417916,6.82690207939436,-6.64816659359705));
#12640=CARTESIAN_POINT('Ctrl Pts',(4.19732666449917,7.30308085170132,-6.07577238493409));
#12641=CARTESIAN_POINT('Ctrl Pts',(4.17792011481917,7.77925962400827,-5.50337817627112));
#12642=CARTESIAN_POINT('Ctrl Pts',(4.15851356513934,8.18967506131749,-4.87254036164804));
#12643=CARTESIAN_POINT('Ctrl Pts',(4.13910701545934,8.52133896519181,-4.19961691589909));
#12644=CARTESIAN_POINT('Ctrl Pts',(4.12119327729283,8.82749026108172,-3.57845681211882));
#12645=CARTESIAN_POINT('Ctrl Pts',(4.10327953912617,9.06653965865763,-2.92143676228912));
#12646=CARTESIAN_POINT('Ctrl Pts',(4.08536580095959,9.23123120088551,-2.24374029598028));
#12647=CARTESIAN_POINT('Ctrl Pts',(4.0659592512795,9.4096470382956,-1.50956912415991));
#12648=CARTESIAN_POINT('Ctrl Pts',(4.0465527015995,9.50079567047419,-0.751131880222675));
#12649=CARTESIAN_POINT('Ctrl Pts',(4.02714615191959,9.49999446749365,0.0102526872071689));
#12650=CARTESIAN_POINT('Ctrl Pts',(4.00923241375318,9.4992548955116,0.713069211002152));
#12651=CARTESIAN_POINT('Ctrl Pts',(3.99131867558684,9.42016753498855,1.41839706369035));
#12652=CARTESIAN_POINT('Ctrl Pts',(3.97340493742042,9.26302495694092,2.10864142212248));
#12653=CARTESIAN_POINT('Ctrl Pts',(3.9554911992545,9.10588237889767,2.79888578053534));
#12654=CARTESIAN_POINT('Ctrl Pts',(3.9375774610885,8.87068458333418,3.47404664469297));
#12655=CARTESIAN_POINT('Ctrl Pts',(3.91966372292241,8.56170423881235,4.11670019883673));
#12656=CARTESIAN_POINT('Ctrl Pts',(3.90312796461483,8.2764916130926,4.70991886421536));
#12657=CARTESIAN_POINT('Ctrl Pts',(3.88659220630718,7.92841101665956,5.2754389932494));
#12658=CARTESIAN_POINT('Ctrl Pts',(3.8700564479996,7.52375989726324,5.80026180515406));
#12659=CARTESIAN_POINT('Ctrl Pts',(3.8506498983195,7.04885684742422,6.41619968855951));
#12660=CARTESIAN_POINT('Ctrl Pts',(3.8312433486395,6.49603565009776,6.97608259152068));
#12661=CARTESIAN_POINT('Ctrl Pts',(3.81183679895959,5.8802720652651,7.46139400102062));
#12662=CARTESIAN_POINT('Ctrl Pts',(3.79392306079318,5.31187491002396,7.90937376364461));
#12663=CARTESIAN_POINT('Ctrl Pts',(3.77600932262684,4.68984637134349,8.29381331881989));
#12664=CARTESIAN_POINT('Ctrl Pts',(3.75809558446042,4.02950329342506,8.60308684184231));
#12665=CARTESIAN_POINT('Ctrl Pts',(3.7401818462945,3.36916021552507,8.91236036485608));
#12666=CARTESIAN_POINT('Ctrl Pts',(3.7222681081285,2.67050259838925,9.14646785572121));
#12667=CARTESIAN_POINT('Ctrl Pts',(3.7043543699625,1.95144632286823,9.29741131976946));
#12668=CARTESIAN_POINT('Ctrl Pts',(3.687818611655,1.28770206852415,9.43674374812525));
#12669=CARTESIAN_POINT('Ctrl Pts',(3.6712828533475,0.606576708809567,9.50521452049143));
#12670=CARTESIAN_POINT('Ctrl Pts',(3.65474709504,-0.076436262751697,9.49969249490356));
#12671=CARTESIAN_POINT('Ctrl Pts',(3.6368333568735,-0.816366981944771,9.49371030051669));
#12672=CARTESIAN_POINT('Ctrl Pts',(3.618919618707,-1.55851302337457,9.40088933630835));
#12673=CARTESIAN_POINT('Ctrl Pts',(3.6010058805405,-2.2823791889488,9.22175391332156));
#12674=CARTESIAN_POINT('Ctrl Pts',(3.5844701222335,-2.9505633417648,9.05639813826222));
#12675=CARTESIAN_POINT('Ctrl Pts',(3.5679343639265,-3.60317174237352,8.81749631549113));
#12676=CARTESIAN_POINT('Ctrl Pts',(3.55139860561942,-4.22419132199274,8.5091837255528));
#12677=CARTESIAN_POINT('Ctrl Pts',(3.53486284731183,-4.84521090163074,8.20087113560514));
#12678=CARTESIAN_POINT('Ctrl Pts',(3.51832708900416,-5.43464166027733,7.82314777848605));
#12679=CARTESIAN_POINT('Ctrl Pts',(3.50179133069666,-5.97751168647225,7.3837222346245));
#12680=CARTESIAN_POINT('Ctrl Pts',(3.48652755379765,-6.47862247987538,6.9780986556815));
#12681=CARTESIAN_POINT('Ctrl Pts',(3.47126377689879,-6.94006022314337,6.51990043241516));
#12682=CARTESIAN_POINT('Ctrl Pts',(3.45599999999993,-7.35114181503028,6.01753388152662));
#12683=CARTESIAN_POINT('Ctrl Pts',(3.43322425766713,-7.96453445543692,5.26793100175021));
#12684=CARTESIAN_POINT('Ctrl Pts',(3.41044851533432,-8.46580954736863,4.41998771117149));
#12685=CARTESIAN_POINT('Ctrl Pts',(3.38767277300142,-8.82749188851948,3.51075304715723));
#12686=CARTESIAN_POINT('Ctrl Pts',(3.366649010848,-9.16135251111966,2.67145951114558));
#12687=CARTESIAN_POINT('Ctrl Pts',(3.3456252486945,-9.37627019814369,1.77994137291685));
#12688=CARTESIAN_POINT('Ctrl Pts',(3.324601486541,-9.45992034051336,0.871726534610782));
#12689=CARTESIAN_POINT('Ctrl Pts',(3.3035777243875,-9.54357048288303,-0.0364883036952626));
#12690=CARTESIAN_POINT('Ctrl Pts',(3.282553962234,-9.49595308059834,-0.961399842078655));
#12691=CARTESIAN_POINT('Ctrl Pts',(3.2615302000805,-9.31523545338632,-1.86450756179046));
#12692=CARTESIAN_POINT('Ctrl Pts',(3.2421236504005,-9.148419182115,-2.69814545690245));
#12693=CARTESIAN_POINT('Ctrl Pts',(3.2227171007205,-8.86819206830383,-3.5132049503064));
#12694=CARTESIAN_POINT('Ctrl Pts',(3.20331055104042,-8.48164937679591,-4.27920832036664));
#12695=CARTESIAN_POINT('Ctrl Pts',(3.18228678888684,-8.06289479432566,-5.10904530460515));
#12696=CARTESIAN_POINT('Ctrl Pts',(3.16126302673316,-7.51936706858432,-5.88130947741852));
#12697=CARTESIAN_POINT('Ctrl Pts',(3.14023926457949,-6.87103394681528,-6.56040337949682));
#12698=CARTESIAN_POINT('Ctrl Pts',(3.12083271489932,-6.27257260364861,-7.18725928910258));
#12699=CARTESIAN_POINT('Ctrl Pts',(3.10142616521916,-5.58480962126451,-7.73472751240281));
#12700=CARTESIAN_POINT('Ctrl Pts',(3.08201961553917,-4.8314927965795,-8.17965019769285));
#12701=CARTESIAN_POINT('Ctrl Pts',(3.06261306585917,-4.07817597189449,-8.6245728829829));
#12702=CARTESIAN_POINT('Ctrl Pts',(3.04320651617934,-3.2593053049086,-8.96695003026276));
#12703=CARTESIAN_POINT('Ctrl Pts',(3.02379996649942,-2.40478549700569,-9.19059338200722));
#12704=CARTESIAN_POINT('Ctrl Pts',(3.005886228333,-1.61599798200317,-9.39703339900609));
#12705=CARTESIAN_POINT('Ctrl Pts',(2.9879724901665,-0.796834867638245,-9.50230379140284));
#12706=CARTESIAN_POINT('Ctrl Pts',(2.970058752,0.025867507545628,-9.49996478267411));
#12707=CARTESIAN_POINT('Ctrl Pts',(2.9490349898465,0.99140015618795,-9.49721969604112));
#12708=CARTESIAN_POINT('Ctrl Pts',(2.928011227693,1.96180765187154,-9.34625739753143));
#12709=CARTESIAN_POINT('Ctrl Pts',(2.90698746553941,2.89137203295282,-9.04930758495181));
#12710=CARTESIAN_POINT('Ctrl Pts',(2.88758091585932,3.74943146163643,-8.77520006564972));
#12711=CARTESIAN_POINT('Ctrl Pts',(2.86817436617916,4.57268965657659,-8.37670081838468));
#12712=CARTESIAN_POINT('Ctrl Pts',(2.84876781649917,5.32609401008311,-7.86655722637113));
#12713=CARTESIAN_POINT('Ctrl Pts',(2.82936126681917,6.07949836358961,-7.35641363435759));
#12714=CARTESIAN_POINT('Ctrl Pts',(2.80995471713934,6.76304887566247,-6.73462569759554));
#12715=CARTESIAN_POINT('Ctrl Pts',(2.79054816745934,7.34591367114746,-6.02391503393356));
#12716=CARTESIAN_POINT('Ctrl Pts',(2.77263442929283,7.88394271314403,-5.3678744213098));
#12717=CARTESIAN_POINT('Ctrl Pts',(2.75472069112617,8.33618037532276,-4.63606533132459));
#12718=CARTESIAN_POINT('Ctrl Pts',(2.73680695295959,8.68353941759673,-3.85306931978213));
#12719=CARTESIAN_POINT('Ctrl Pts',(2.7174004032795,9.05984504671958,-3.00482364062753));
#12720=CARTESIAN_POINT('Ctrl Pts',(2.6979938535995,9.31306396220896,-2.09650442159212));
#12721=CARTESIAN_POINT('Ctrl Pts',(2.67858730391959,9.42818779785632,-1.16587943130948));
#12722=CARTESIAN_POINT('Ctrl Pts',(2.66067356575318,9.53445595384055,-0.306840978724305));
#12723=CARTESIAN_POINT('Ctrl Pts',(2.64275982758684,9.52305729622703,0.571203574805975));
#12724=CARTESIAN_POINT('Ctrl Pts',(2.62484608942042,9.390945624414,1.43531887721766));
#12725=CARTESIAN_POINT('Ctrl Pts',(2.6069323512545,9.25883395260465,2.29943417960524));
#12726=CARTESIAN_POINT('Ctrl Pts',(2.5890186130885,9.00600926660253,3.14962023087501));
#12727=CARTESIAN_POINT('Ctrl Pts',(2.5711048749225,8.63872242566404,3.95252765358249));
#12728=CARTESIAN_POINT('Ctrl Pts',(2.554569116615,8.29968841863523,4.6936729668699));
#12729=CARTESIAN_POINT('Ctrl Pts',(2.5380333583075,7.86312452810535,5.39453353155778));
#12730=CARTESIAN_POINT('Ctrl Pts',(2.5214976,7.34080223631668,6.03014282809886));
#12731=CARTESIAN_POINT('Ctrl Pts',(2.5004738378465,6.67671538732981,6.8382641385665));
#12732=CARTESIAN_POINT('Ctrl Pts',(2.479450075693,5.87400106310728,7.54090752003428));
#12733=CARTESIAN_POINT('Ctrl Pts',(2.45842631353941,4.97198221642857,8.09502272013609));
#12734=CARTESIAN_POINT('Ctrl Pts',(2.43901976385932,4.1393494348856,8.60651367407217));
#12735=CARTESIAN_POINT('Ctrl Pts',(2.41961321417916,3.22210214900261,8.99144807110672));
#12736=CARTESIAN_POINT('Ctrl Pts',(2.40020666449917,2.26208580730467,9.22675283078539));
#12737=CARTESIAN_POINT('Ctrl Pts',(2.38080011481917,1.30206946560673,9.46205759046406));
#12738=CARTESIAN_POINT('Ctrl Pts',(2.36139356513934,0.299284068093833,9.54773271278685));
#12739=CARTESIAN_POINT('Ctrl Pts',(2.34198701545934,-0.697957492549346,
9.47432611527537));
#12740=CARTESIAN_POINT('Ctrl Pts',(2.32407327729283,-1.61848816393005,9.40656617910961));
#12741=CARTESIAN_POINT('Ctrl Pts',(2.30615953912617,-2.53429509265234,9.2032573218964));
#12742=CARTESIAN_POINT('Ctrl Pts',(2.28824580095959,-3.40540845829827,8.8686635538932));
#12743=CARTESIAN_POINT('Ctrl Pts',(2.2688392512795,-4.34911460439648,8.50618697189673));
#12744=CARTESIAN_POINT('Ctrl Pts',(2.2494327015995,-5.24036788827513,7.98963295988185));
#12745=CARTESIAN_POINT('Ctrl Pts',(2.23002615191959,-6.0309124722822,7.34016994024443));
#12746=CARTESIAN_POINT('Ctrl Pts',(2.21211241375318,-6.76064593445666,6.7406656144137));
#12747=CARTESIAN_POINT('Ctrl Pts',(2.19419867558684,-7.40456843342362,6.02791337675821));
#12748=CARTESIAN_POINT('Ctrl Pts',(2.17628493742042,-7.93043418560925,5.23050797033358));
#12749=CARTESIAN_POINT('Ctrl Pts',(2.1583711992545,-8.45629993778021,4.43310256393119));
#12750=CARTESIAN_POINT('Ctrl Pts',(2.1404574610885,-8.86410894317643,3.55104398876439));
#12751=CARTESIAN_POINT('Ctrl Pts',(2.12254372292241,-9.13089807019385,2.62234635998663));
#12752=CARTESIAN_POINT('Ctrl Pts',(2.10600796461483,-9.37716495667776,1.76508701032368));
#12753=CARTESIAN_POINT('Ctrl Pts',(2.08947220630718,-9.50327289353099,0.86808787533341));
#12754=CARTESIAN_POINT('Ctrl Pts',(2.0729364479996,-9.49994064734559,-0.0335811986676606));
#12755=CARTESIAN_POINT('Ctrl Pts',(2.0535298983195,-9.49602988619751,-1.09179004244259));
#12756=CARTESIAN_POINT('Ctrl Pts',(2.0341233486395,-9.31383300103129,-2.15643108761039));
#12757=CARTESIAN_POINT('Ctrl Pts',(2.01471679895959,-8.95653810284108,-3.16708465506615));
#12758=CARTESIAN_POINT('Ctrl Pts',(1.99680306079318,-8.6267274275822,-4.09999564042797));
#12759=CARTESIAN_POINT('Ctrl Pts',(1.97888932262684,-8.14772081222611,-4.98690546134698));
#12760=CARTESIAN_POINT('Ctrl Pts',(1.96097558446042,-7.53802610353046,-5.78170930283601));
#12761=CARTESIAN_POINT('Ctrl Pts',(1.9430618462945,-6.92833139485183,-6.57651314430285));
#12762=CARTESIAN_POINT('Ctrl Pts',(1.9251481081285,-6.18794859284093,-7.27921100634486));
#12763=CARTESIAN_POINT('Ctrl Pts',(1.9072343699625,-5.34982142182612,-7.85044016311117));
#12764=CARTESIAN_POINT('Ctrl Pts',(1.890698611655,-4.57616557163881,-8.37772861552434));
#12765=CARTESIAN_POINT('Ctrl Pts',(1.8741628533475,-3.71922457862733,-8.79299639598089));
#12766=CARTESIAN_POINT('Ctrl Pts',(1.85762709504,-2.81436198527389,-9.07355314173134));
#12767=CARTESIAN_POINT('Ctrl Pts',(1.8397133568735,-1.83409417580541,-9.37748961629502));
#12768=CARTESIAN_POINT('Ctrl Pts',(1.821799618707,-0.797585043713116,-9.52332772373762));
#12769=CARTESIAN_POINT('Ctrl Pts',(1.8038858805405,0.241762888560323,-9.49692322311435));
#12770=CARTESIAN_POINT('Ctrl Pts',(1.7873501222335,1.20116097985842,-9.47254983792443));
#12771=CARTESIAN_POINT('Ctrl Pts',(1.7708143639265,2.16297793048232,-9.30141352042758));
#12772=CARTESIAN_POINT('Ctrl Pts',(1.75427860561941,3.08200618387727,-8.98616925516944));
#12773=CARTESIAN_POINT('Ctrl Pts',(1.73774284731183,4.00103443730001,-8.67092498990176));
#12774=CARTESIAN_POINT('Ctrl Pts',(1.72120708900416,4.87727399349123,-8.21157277686407));
#12775=CARTESIAN_POINT('Ctrl Pts',(1.70467133069668,5.66688321752616,-7.62472521464994));
#12776=CARTESIAN_POINT('Ctrl Pts',(1.68940755379769,6.39575327047047,-7.08301977261431));
#12777=CARTESIAN_POINT('Ctrl Pts',(1.67414377689887,7.05080812915368,-6.43267924015943));
#12778=CARTESIAN_POINT('Ctrl Pts',(1.65888000000007,7.60195350839839,-5.6973943918381));
#12779=CARTESIAN_POINT('Ctrl Pts',(1.64794764368021,7.99669969146264,-5.17076222132516));
#12780=CARTESIAN_POINT('Ctrl Pts',(1.63701528736036,8.33814200877406,-4.60055500420552));
#12781=CARTESIAN_POINT('Ctrl Pts',(1.62608293104036,8.61760142157225,-3.998367884388));
#12782=CARTESIAN_POINT('Ctrl Pts',(1.61599152520687,8.87556395645405,-3.44250285072934));
#12783=CARTESIAN_POINT('Ctrl Pts',(1.60590011937324,9.08071265554121,-2.85938866921164));
#12784=CARTESIAN_POINT('Ctrl Pts',(1.59580871353964,9.2274392905156,-2.25928398831603));
#12785=CARTESIAN_POINT('Ctrl Pts',(1.57640216385945,9.50960589623839,-1.10523652504382));
#12786=CARTESIAN_POINT('Ctrl Pts',(1.55699561417935,9.57571457254577,0.11164562527809));
#12787=CARTESIAN_POINT('Ctrl Pts',(1.53758906449939,9.40968255300373,1.30685663011892));
#12788=CARTESIAN_POINT('Ctrl Pts',(1.51818251481917,9.24365053345956,2.50206763497513));
#12789=CARTESIAN_POINT('Ctrl Pts',(1.49877596513909,8.84547781805997,3.67560749434971));
#12790=CARTESIAN_POINT('Ctrl Pts',(1.47936941545886,8.23373716509967,4.73873108501108));
#12791=CARTESIAN_POINT('Ctrl Pts',(1.46145567729263,7.66905348544822,5.72007593792193));
#12792=CARTESIAN_POINT('Ctrl Pts',(1.44354193912627,6.92239475841048,6.60733828968211));
#12793=CARTESIAN_POINT('Ctrl Pts',(1.42562820095991,6.03416811006156,7.33749379689836));
#12794=CARTESIAN_POINT('Ctrl Pts',(1.40622165127964,5.07192257434799,8.12849559638447));
#12795=CARTESIAN_POINT('Ctrl Pts',(1.38681510159936,3.94353135320597,8.73511505748135));
#12796=CARTESIAN_POINT('Ctrl Pts',(1.36740855191927,2.72990931527603,9.09931838822933));
#12797=CARTESIAN_POINT('Ctrl Pts',(1.34949481375308,1.60964281872796,9.43550607814976));
#12798=CARTESIAN_POINT('Ctrl Pts',(1.33158107558704,0.416753614384629,9.56513801203422));
#12799=CARTESIAN_POINT('Ctrl Pts',(1.31366733742087,-0.768328682432617,
9.46887908021619));
#12800=CARTESIAN_POINT('Ctrl Pts',(1.2957535992547,-1.9534109792499,9.37262014839817));
#12801=CARTESIAN_POINT('Ctrl Pts',(1.2778398610884,-3.1306863685411,9.05047035087764));
#12802=CARTESIAN_POINT('Ctrl Pts',(1.25992612292217,-4.21425171109384,8.51411078830572));
#12803=CARTESIAN_POINT('Ctrl Pts',(1.24339036461485,-5.21446587345273,8.0190096536227));
#12804=CARTESIAN_POINT('Ctrl Pts',(1.22685460630759,-6.13483242202224,7.34138658895415));
#12805=CARTESIAN_POINT('Ctrl Pts',(1.21031884800014,-6.91285606345153,6.51631959360461));
#12806=CARTESIAN_POINT('Ctrl Pts',(1.20022744216642,-7.38766660240017,6.01279954116639));
#12807=CARTESIAN_POINT('Ctrl Pts',(1.19013603633263,-7.80946309618935,5.45436562363541));
#12808=CARTESIAN_POINT('Ctrl Pts',(1.18004463049897,-8.16666740549795,4.8534053496459));
#12809=CARTESIAN_POINT('Ctrl Pts',(1.17072948665246,-8.49639446024625,4.29867278903698));
#12810=CARTESIAN_POINT('Ctrl Pts',(1.16141434280606,-8.77108438738917,3.70770475310202));
#12811=CARTESIAN_POINT('Ctrl Pts',(1.15209919895962,-8.98284700036584,3.0916758834028));
#12812=CARTESIAN_POINT('Ctrl Pts',(1.1341854607935,-9.39008279454956,1.90700498014141));
#12813=CARTESIAN_POINT('Ctrl Pts',(1.11627172262725,-9.56459923161208,0.629653478640387));
#12814=CARTESIAN_POINT('Ctrl Pts',(1.09835798446097,-9.47820480128284,-0.643143642543178));
#12815=CARTESIAN_POINT('Ctrl Pts',(1.0804442462947,-9.39181037095361,-1.9159407637267));
#12816=CARTESIAN_POINT('Ctrl Pts',(1.0625305081284,-9.04450507323262,-3.18418350459276));
#12817=CARTESIAN_POINT('Ctrl Pts',(1.04461676996213,-8.45027951478847,-4.3408266634302));
#12818=CARTESIAN_POINT('Ctrl Pts',(1.02808101165477,-7.90176361468478,-5.40849727159056));
#12819=CARTESIAN_POINT('Ctrl Pts',(1.01154525334744,-7.14285411964432,-6.38107711163137));
#12820=CARTESIAN_POINT('Ctrl Pts',(0.995009495040066,-6.21897662263851,
-7.18152698018152));
#12821=CARTESIAN_POINT('Ctrl Pts',(0.985694351193602,-5.69852563265989,
-7.63244707279697));
#12822=CARTESIAN_POINT('Ctrl Pts',(0.976379207347125,-5.12572296374672,
-8.02874267523775));
#12823=CARTESIAN_POINT('Ctrl Pts',(0.967064063500662,-4.51327409205822,
-8.35944716891963));
#12824=CARTESIAN_POINT('Ctrl Pts',(0.95846546918085,-3.94793667203804,-8.66471285539522));
#12825=CARTESIAN_POINT('Ctrl Pts',(0.94986687486105,-3.34881787213829,-8.91409025985139));
#12826=CARTESIAN_POINT('Ctrl Pts',(0.94126828054125,-2.72717518614259,-9.10013821346088));
#12827=CARTESIAN_POINT('Ctrl Pts',(0.9247325222339,-1.53170848230171,-9.45792273963386));
#12828=CARTESIAN_POINT('Ctrl Pts',(0.90819676392655,-0.252943383135163,
-9.58150071681648));
#12829=CARTESIAN_POINT('Ctrl Pts',(0.891661005619209,1.01199413303898,-9.44594451998784));
#12830=CARTESIAN_POINT('Ctrl Pts',(0.875125247311867,2.27693164921317,-9.3103883231592));
#12831=CARTESIAN_POINT('Ctrl Pts',(0.858589489004534,3.52804158239496,-8.91569795231928));
#12832=CARTESIAN_POINT('Ctrl Pts',(0.842053730697182,4.65940268042797,-8.2788868008699));
#12833=CARTESIAN_POINT('Ctrl Pts',(0.82678995379813,5.70373600168628,-7.69106112261057));
#12834=CARTESIAN_POINT('Ctrl Pts',(0.811526176899062,6.64603481252252,-6.89693134726505));
#12835=CARTESIAN_POINT('Ctrl Pts',(0.796262400000006,7.41077284766567,-5.94394194119561));
#12836=CARTESIAN_POINT('Ctrl Pts',(0.78617099416635,7.91636736205734,-5.31388799613205));
#12837=CARTESIAN_POINT('Ctrl Pts',(0.7760795883327,8.3443503261782,-4.61439674337592));
#12838=CARTESIAN_POINT('Ctrl Pts',(0.76598818249905,8.67754001351878,-3.86656169144787));
#12839=CARTESIAN_POINT('Ctrl Pts',(0.756673038652549,8.98509972491185,-3.17625241274109));
#12840=CARTESIAN_POINT('Ctrl Pts',(0.74735789480605,9.21188883360363,-2.44475078444357));
#12841=CARTESIAN_POINT('Ctrl Pts',(0.738042750959558,9.34814483851097,-1.69180024772789));
#12842=CARTESIAN_POINT('Ctrl Pts',(0.728727607113117,9.48440084341757,-0.9388497110163));
#12843=CARTESIAN_POINT('Ctrl Pts',(0.719412463266685,9.5301237445407,-0.164450265886798));
#12844=CARTESIAN_POINT('Ctrl Pts',(0.710097319420225,9.4804611246088,0.60898018422494));
#12845=CARTESIAN_POINT('Ctrl Pts',(0.701498725100416,9.43461870621011,1.32291598432815));
#12846=CARTESIAN_POINT('Ctrl Pts',(0.692900130780584,9.30750105093612,2.03602613187184));
#12847=CARTESIAN_POINT('Ctrl Pts',(0.684301536460775,9.09941661610401,2.72958188127304));
#12848=CARTESIAN_POINT('Ctrl Pts',(0.674986392614316,8.87399181170257,3.48093394312431));
#12849=CARTESIAN_POINT('Ctrl Pts',(0.665671248767883,8.55354349518085,4.20933674604445));
#12850=CARTESIAN_POINT('Ctrl Pts',(0.656356104921442,8.14427879570535,4.8908816074225));
#12851=CARTESIAN_POINT('Ctrl Pts',(0.64775751060165,7.76649599618953,5.51999994100221));
#12852=CARTESIAN_POINT('Ctrl Pts',(0.63915891628185,7.31303533190835,6.10919198119693));
#12853=CARTESIAN_POINT('Ctrl Pts',(0.630560321962042,6.79352188532573,6.6406370472722));
#12854=CARTESIAN_POINT('Ctrl Pts',(0.621961727642183,6.27400843874005,7.1720821133506));
#12855=CARTESIAN_POINT('Ctrl Pts',(0.613363133322315,5.68844220985216,7.64578020530886));
#12856=CARTESIAN_POINT('Ctrl Pts',(0.604764539002474,5.05081139346152,8.04607384179908));
#12857=CARTESIAN_POINT('Ctrl Pts',(0.596827375014983,4.46222910141264,8.41557566009522));
#12858=CARTESIAN_POINT('Ctrl Pts',(0.588890211027513,3.82928408391824,8.72253167018276));
#12859=CARTESIAN_POINT('Ctrl Pts',(0.580953047040023,3.16595309731926,8.95693814791508));
#12860=CARTESIAN_POINT('Ctrl Pts',(0.571637903193584,2.38746048110163,9.23204019469842));
#12861=CARTESIAN_POINT('Ctrl Pts',(0.562322759347116,1.56711535410094,9.40721519703725));
#12862=CARTESIAN_POINT('Ctrl Pts',(0.553007615500657,0.731725304737908,
9.4717779787326));
#12863=CARTESIAN_POINT('Ctrl Pts',(0.54440902118085,-0.03940397159717,9.53137439260523));
#12864=CARTESIAN_POINT('Ctrl Pts',(0.53581042686105,-0.823352590063471,
9.49672134036746));
#12865=CARTESIAN_POINT('Ctrl Pts',(0.527211832541241,-1.59651941994021,
9.36488791933737));
#12866=CARTESIAN_POINT('Ctrl Pts',(0.518613238221383,-2.36968624982144,
9.23305449830652));
#12867=CARTESIAN_POINT('Ctrl Pts',(0.510014643901516,-3.13207129111299,
9.00404070848223));
#12868=CARTESIAN_POINT('Ctrl Pts',(0.501416049581667,-3.85911126216925,
8.6808559639126));
#12869=CARTESIAN_POINT('Ctrl Pts',(0.493478885594167,-4.5302250816013,8.38253158431186));
#12870=CARTESIAN_POINT('Ctrl Pts',(0.485541721606683,-5.17122239148416,
8.00396686457414));
#12871=CARTESIAN_POINT('Ctrl Pts',(0.477604557619198,-5.76305468326346,
7.55229771114187));
#12872=CARTESIAN_POINT('Ctrl Pts',(0.469005963299416,-6.4042063326916,7.06298946158982));
#12873=CARTESIAN_POINT('Ctrl Pts',(0.460407368979634,-6.98765737059532,
6.48788503638221));
#12874=CARTESIAN_POINT('Ctrl Pts',(0.451808774659833,-7.49120838449621,
5.84224245817094));
#12875=CARTESIAN_POINT('Ctrl Pts',(0.443871610672283,-7.9560247050226,5.24626469366505));
#12876=CARTESIAN_POINT('Ctrl Pts',(0.435934446684717,-8.35276053172335,
4.59018341417315));
#12877=CARTESIAN_POINT('Ctrl Pts',(0.427997282697159,-8.66675166226496,
3.89068318224758));
#12878=CARTESIAN_POINT('Ctrl Pts',(0.42006011870965,-8.98074279280462,3.19118295032635));
#12879=CARTESIAN_POINT('Ctrl Pts',(0.41212295472215,-9.21198922718617,2.44826376597199));
#12880=CARTESIAN_POINT('Ctrl Pts',(0.404185790734649,-9.34983073229999,
1.68245810566991));
#12881=CARTESIAN_POINT('Ctrl Pts',(0.396859177823099,-9.47706904471295,
0.97556057308232));
#12882=CARTESIAN_POINT('Ctrl Pts',(0.38953256491155,-9.52471972508689,0.249162137912005));
#12883=CARTESIAN_POINT('Ctrl Pts',(0.382205952,-9.48795133952317,-0.478308873882412));
#12884=CARTESIAN_POINT('Ctrl Pts',(0.37289080815355,-9.44120357153506,-1.40322427487283));
#12885=CARTESIAN_POINT('Ctrl Pts',(0.3635756643071,-9.25799334854414,-2.32987348371433));
#12886=CARTESIAN_POINT('Ctrl Pts',(0.35426052046065,-8.93862622947446,-3.21729096131469));
#12887=CARTESIAN_POINT('Ctrl Pts',(0.34566192614085,-8.64382581187168,-4.03644555602268));
#12888=CARTESIAN_POINT('Ctrl Pts',(0.33706333182105,-8.23301005086452,-4.82217193002816));
#12889=CARTESIAN_POINT('Ctrl Pts',(0.328464737501242,-7.71613584305526,
-5.54177297004463));
#12890=CARTESIAN_POINT('Ctrl Pts',(0.319866143181383,-7.19926163524297,
-6.26137401006534));
#12891=CARTESIAN_POINT('Ctrl Pts',(0.311267548861516,-6.57632898062734,
-6.91484971609625));
#12892=CARTESIAN_POINT('Ctrl Pts',(0.302668954541666,-5.86679191921945,
-7.47199789725474));
#12893=CARTESIAN_POINT('Ctrl Pts',(0.294731790554167,-5.21183463177048,
-7.98628852601292));
#12894=CARTESIAN_POINT('Ctrl Pts',(0.286794626566683,-4.48308424031019,
-8.41850126375665));
#12895=CARTESIAN_POINT('Ctrl Pts',(0.278857462579199,-3.70278217506538,
-8.74868013839928));
#12896=CARTESIAN_POINT('Ctrl Pts',(0.270258868259416,-2.85745493771604,
-9.10637391926247));
#12897=CARTESIAN_POINT('Ctrl Pts',(0.261660273939634,-1.9516260832167,-9.34431962468038));
#12898=CARTESIAN_POINT('Ctrl Pts',(0.253061679619834,-1.02125904907732,
-9.44494732408154));
#12899=CARTESIAN_POINT('Ctrl Pts',(0.245124515632282,-0.162458709867098,
-9.53783443122156));
#12900=CARTESIAN_POINT('Ctrl Pts',(0.237187351644716,0.717249900752615,
-9.51371684684309));
#12901=CARTESIAN_POINT('Ctrl Pts',(0.229250187657157,1.58491155068161,-9.36685941906413));
#12902=CARTESIAN_POINT('Ctrl Pts',(0.221313023669649,2.45257320060508,-9.22000199128611));
#12903=CARTESIAN_POINT('Ctrl Pts',(0.213375859682149,3.30818788983799,-8.95040472010916));
#12904=CARTESIAN_POINT('Ctrl Pts',(0.205438695694641,4.1166595589536,-8.56172377945448));
#12905=CARTESIAN_POINT('Ctrl Pts',(0.198112082783083,4.86294109967686,-8.20294137269576));
#12906=CARTESIAN_POINT('Ctrl Pts',(0.190785469871518,5.56905343982667,-7.74269122389652));
#12907=CARTESIAN_POINT('Ctrl Pts',(0.183458856959971,6.20747477349731,-7.1914711246304));
#12908=CARTESIAN_POINT('Ctrl Pts',(0.174860262640175,6.95673314426317,-6.54455309146425));
#12909=CARTESIAN_POINT('Ctrl Pts',(0.166261668320403,7.61275642455596,-5.77233641076328));
#12910=CARTESIAN_POINT('Ctrl Pts',(0.157663074000607,8.1354855653612,-4.90549432940216));
#12911=CARTESIAN_POINT('Ctrl Pts',(0.14972591001308,8.61800477225967,-4.10533240814355));
#12912=CARTESIAN_POINT('Ctrl Pts',(0.141788746025532,8.9869479076415,-3.22454292655868));
#12913=CARTESIAN_POINT('Ctrl Pts',(0.133851582037994,9.21786540519484,-2.29803337045086));
#12914=CARTESIAN_POINT('Ctrl Pts',(0.12591441805047,9.44878290274774,-1.37152381434479));
#12915=CARTESIAN_POINT('Ctrl Pts',(0.117977254062955,9.54167476247269,-0.399294183715928));
#12916=CARTESIAN_POINT('Ctrl Pts',(0.110040090075445,9.48255292274639,0.575491153114507));
#12917=CARTESIAN_POINT('Ctrl Pts',(0.102713477163893,9.42797891684517,1.47529300249683));
#12918=CARTESIAN_POINT('Ctrl Pts',(0.095386864252346,9.24387844513922,2.37727249503315));
#12919=CARTESIAN_POINT('Ctrl Pts',(0.0880602513407941,8.92926478590531,
3.24318213845431));
#12920=CARTESIAN_POINT('Ctrl Pts',(0.0801230873532828,8.58843332173538,
4.18125091882684));
#12921=CARTESIAN_POINT('Ctrl Pts',(0.0721859233657661,8.09443013053622,
5.07698772350174));
#12922=CARTESIAN_POINT('Ctrl Pts',(0.0642487593782495,7.46134006038697,
5.88034050912546));
#12923=CARTESIAN_POINT('Ctrl Pts',(0.0569221464666932,6.87694922640284,
6.62189692662452));
#12924=CARTESIAN_POINT('Ctrl Pts',(0.0495955335551368,6.17404649556175,
7.28473560007991));
#12925=CARTESIAN_POINT('Ctrl Pts',(0.0422689206435821,5.37684321768639,
7.83195741896122));
#12926=CARTESIAN_POINT('Ctrl Pts',(0.0349423077320269,4.57963993981097,
8.37917923784257));
#12927=CARTESIAN_POINT('Ctrl Pts',(0.0276156948204734,3.68813611490127,
8.8107842021498));
#12928=CARTESIAN_POINT('Ctrl Pts',(0.0202890819089197,2.73898731394984,
9.0965899376649));
#12929=CARTESIAN_POINT('Ctrl Pts',(0.0135260546059464,1.86284995922537,
9.36041061660193));
#12930=CARTESIAN_POINT('Ctrl Pts',(0.00676302730297304,0.937594991778942,
9.50000000000007));
#12931=CARTESIAN_POINT('Ctrl Pts',(-5.5524453424575E-16,1.17550027660798E-13,
9.5));
#12932=CARTESIAN_POINT('',(15.,0.,0.));
#12933=CARTESIAN_POINT('',(15.,0.,0.));
#12934=CARTESIAN_POINT('',(0.,0.,0.));
#12935=CARTESIAN_POINT('',(0.,0.,0.));
#12936=CARTESIAN_POINT('',(0.,5.,0.));
#12937=CARTESIAN_POINT('',(0.,17.,0.));
#12938=CARTESIAN_POINT('',(0.,3.,0.));
#12939=UNCERTAINTY_MEASURE_WITH_UNIT(LENGTH_MEASURE(0.01),#12951,
'DISTANCE_ACCURACY_VALUE',
'Maximum model space distance between geometric entities at asserted c
onnectivities');
#12940=UNCERTAINTY_MEASURE_WITH_UNIT(LENGTH_MEASURE(0.01),#12951,
'DISTANCE_ACCURACY_VALUE',
'Maximum model space distance between geometric entities at asserted c
onnectivities');
#12941=UNCERTAINTY_MEASURE_WITH_UNIT(LENGTH_MEASURE(0.01),#12951,
'DISTANCE_ACCURACY_VALUE',
'Maximum model space distance between geometric entities at asserted c
onnectivities');
#12942=UNCERTAINTY_MEASURE_WITH_UNIT(LENGTH_MEASURE(0.01),#12951,
'DISTANCE_ACCURACY_VALUE',
'Maximum model space distance between geometric entities at asserted c
onnectivities');
#12943=UNCERTAINTY_MEASURE_WITH_UNIT(LENGTH_MEASURE(0.01),#12951,
'DISTANCE_ACCURACY_VALUE',
'Maximum model space distance between geometric entities at asserted c
onnectivities');
#12944=UNCERTAINTY_MEASURE_WITH_UNIT(LENGTH_MEASURE(0.01),#12951,
'DISTANCE_ACCURACY_VALUE',
'Maximum model space distance between geometric entities at asserted c
onnectivities');
#12945=(
GEOMETRIC_REPRESENTATION_CONTEXT(3)
GLOBAL_UNCERTAINTY_ASSIGNED_CONTEXT((#12939))
GLOBAL_UNIT_ASSIGNED_CONTEXT((#12951,#12953,#12954))
REPRESENTATION_CONTEXT('','3D')
);
#12946=(
GEOMETRIC_REPRESENTATION_CONTEXT(3)
GLOBAL_UNCERTAINTY_ASSIGNED_CONTEXT((#12940))
GLOBAL_UNIT_ASSIGNED_CONTEXT((#12951,#12953,#12954))
REPRESENTATION_CONTEXT('','3D')
);
#12947=(
GEOMETRIC_REPRESENTATION_CONTEXT(3)
GLOBAL_UNCERTAINTY_ASSIGNED_CONTEXT((#12941))
GLOBAL_UNIT_ASSIGNED_CONTEXT((#12951,#12953,#12954))
REPRESENTATION_CONTEXT('','3D')
);
#12948=(
GEOMETRIC_REPRESENTATION_CONTEXT(3)
GLOBAL_UNCERTAINTY_ASSIGNED_CONTEXT((#12942))
GLOBAL_UNIT_ASSIGNED_CONTEXT((#12951,#12953,#12954))
REPRESENTATION_CONTEXT('','3D')
);
#12949=(
GEOMETRIC_REPRESENTATION_CONTEXT(3)
GLOBAL_UNCERTAINTY_ASSIGNED_CONTEXT((#12943))
GLOBAL_UNIT_ASSIGNED_CONTEXT((#12951,#12953,#12954))
REPRESENTATION_CONTEXT('','3D')
);
#12950=(
GEOMETRIC_REPRESENTATION_CONTEXT(3)
GLOBAL_UNCERTAINTY_ASSIGNED_CONTEXT((#12944))
GLOBAL_UNIT_ASSIGNED_CONTEXT((#12951,#12953,#12954))
REPRESENTATION_CONTEXT('','3D')
);
#12951=(
LENGTH_UNIT()
NAMED_UNIT(*)
SI_UNIT(.MILLI.,.METRE.)
);
#12952=(
LENGTH_UNIT()
NAMED_UNIT(*)
SI_UNIT($,.METRE.)
);
#12953=(
NAMED_UNIT(*)
PLANE_ANGLE_UNIT()
SI_UNIT($,.RADIAN.)
);
#12954=(
NAMED_UNIT(*)
SI_UNIT($,.STERADIAN.)
SOLID_ANGLE_UNIT()
);
#12955=SHAPE_DEFINITION_REPRESENTATION(#12960,#12969);
#12956=SHAPE_DEFINITION_REPRESENTATION(#12961,#12970);
#12957=SHAPE_DEFINITION_REPRESENTATION(#12962,#12971);
#12958=SHAPE_DEFINITION_REPRESENTATION(#12963,#12972);
#12959=SHAPE_DEFINITION_REPRESENTATION(#12964,#12973);
#12960=PRODUCT_DEFINITION_SHAPE('',$,#12975);
#12961=PRODUCT_DEFINITION_SHAPE('',$,#12976);
#12962=PRODUCT_DEFINITION_SHAPE('',$,#12977);
#12963=PRODUCT_DEFINITION_SHAPE('',$,#12978);
#12964=PRODUCT_DEFINITION_SHAPE('',$,#12979);
#12965=PRODUCT_DEFINITION_SHAPE($,$,#23);
#12966=PRODUCT_DEFINITION_SHAPE($,$,#24);
#12967=PRODUCT_DEFINITION_SHAPE($,$,#25);
#12968=PRODUCT_DEFINITION_SHAPE($,$,#26);
#12969=SHAPE_REPRESENTATION('',(#4237,#4559,#4560,#4561,#4562),#12945);
#12970=SHAPE_REPRESENTATION('',(#4238),#12946);
#12971=SHAPE_REPRESENTATION('',(#4383),#12947);
#12972=SHAPE_REPRESENTATION('',(#4483),#12948);
#12973=SHAPE_REPRESENTATION('',(#4555,#28),#12949);
#12974=PRODUCT_DEFINITION_CONTEXT('part definition',#12991,'design');
#12975=PRODUCT_DEFINITION('SANWA_BUTTON_00_ASM',
'sanwa_button_00_asm v3',#12980,#12974);
#12976=PRODUCT_DEFINITION('SANWA_BUTTON_00','SANWA_BUTTON_00',#12981,#12974);
#12977=PRODUCT_DEFINITION('BLACK_00','BLACK_00',#12982,#12974);
#12978=PRODUCT_DEFINITION('SANWA_BUTTON_02','SANWA_BUTTON_02',#12983,#12974);
#12979=PRODUCT_DEFINITION('SPRING_4U_AF0','SPRING_4U_AF0',#12984,#12974);
#12980=PRODUCT_DEFINITION_FORMATION('',$,#12993);
#12981=PRODUCT_DEFINITION_FORMATION('',$,#12994);
#12982=PRODUCT_DEFINITION_FORMATION('',$,#12995);
#12983=PRODUCT_DEFINITION_FORMATION('',$,#12996);
#12984=PRODUCT_DEFINITION_FORMATION('',$,#12997);
#12985=PRODUCT_RELATED_PRODUCT_CATEGORY('sanwa_button_00_asm v3',
'sanwa_button_00_asm v3',(#12993));
#12986=PRODUCT_RELATED_PRODUCT_CATEGORY('SANWA_BUTTON_00',
'SANWA_BUTTON_00',(#12994));
#12987=PRODUCT_RELATED_PRODUCT_CATEGORY('BLACK_00','BLACK_00',(#12995));
#12988=PRODUCT_RELATED_PRODUCT_CATEGORY('SANWA_BUTTON_02',
'SANWA_BUTTON_02',(#12996));
#12989=PRODUCT_RELATED_PRODUCT_CATEGORY('SPRING_4U_AF0','SPRING_4U_AF0',
(#12997));
#12990=APPLICATION_PROTOCOL_DEFINITION('international standard',
'automotive_design',2009,#12991);
#12991=APPLICATION_CONTEXT(
'Core Data for Automotive Mechanical Design Process');
#12992=PRODUCT_CONTEXT('part definition',#12991,'mechanical');
#12993=PRODUCT('SANWA_BUTTON_00_ASM','sanwa_button_00_asm v3',$,(#12992));
#12994=PRODUCT('SANWA_BUTTON_00','SANWA_BUTTON_00','NOT SPECIFIED',(#12992));
#12995=PRODUCT('BLACK_00','BLACK_00','NOT SPECIFIED',(#12992));
#12996=PRODUCT('SANWA_BUTTON_02','SANWA_BUTTON_02','NOT SPECIFIED',(#12992));
#12997=PRODUCT('SPRING_4U_AF0','SPRING_4U_AF0','NOT SPECIFIED',(#12992));
#12998=PRESENTATION_STYLE_ASSIGNMENT((#13003));
#12999=PRESENTATION_STYLE_ASSIGNMENT((#13004));
#13000=PRESENTATION_STYLE_ASSIGNMENT((#13005));
#13001=PRESENTATION_STYLE_ASSIGNMENT((#13006));
#13002=PRESENTATION_STYLE_ASSIGNMENT((#13007));
#13003=SURFACE_STYLE_USAGE(.BOTH.,#13008);
#13004=SURFACE_STYLE_USAGE(.BOTH.,#13009);
#13005=SURFACE_STYLE_USAGE(.BOTH.,#13010);
#13006=SURFACE_STYLE_USAGE(.BOTH.,#13011);
#13007=SURFACE_STYLE_USAGE(.BOTH.,#13012);
#13008=SURFACE_SIDE_STYLE('',(#13013));
#13009=SURFACE_SIDE_STYLE('',(#13014));
#13010=SURFACE_SIDE_STYLE('',(#13015));
#13011=SURFACE_SIDE_STYLE('',(#13016));
#13012=SURFACE_SIDE_STYLE('',(#13017));
#13013=SURFACE_STYLE_FILL_AREA(#13018);
#13014=SURFACE_STYLE_FILL_AREA(#13019);
#13015=SURFACE_STYLE_FILL_AREA(#13020);
#13016=SURFACE_STYLE_FILL_AREA(#13021);
#13017=SURFACE_STYLE_FILL_AREA(#13022);
#13018=FILL_AREA_STYLE('Stahl - satiniert',(#13023));
#13019=FILL_AREA_STYLE('Farbe - Emaille gl\X\E4nzend (Rot)',(#13024));
#13020=FILL_AREA_STYLE('Farbe - Emaille gl\X\E4nzend (Schwarz)',(#13025));
#13021=FILL_AREA_STYLE('Gold - poliert',(#13026));
#13022=FILL_AREA_STYLE('Farbe - Emaille gl\X\E4nzend (Gelb)',(#13027));
#13023=FILL_AREA_STYLE_COLOUR('Stahl - satiniert',#13028);
#13024=FILL_AREA_STYLE_COLOUR('Farbe - Emaille gl\X\E4nzend (Rot)',#13029);
#13025=FILL_AREA_STYLE_COLOUR('Farbe - Emaille gl\X\E4nzend (Schwarz)',
#13030);
#13026=FILL_AREA_STYLE_COLOUR('Gold - poliert',#13031);
#13027=FILL_AREA_STYLE_COLOUR('Farbe - Emaille gl\X\E4nzend (Gelb)',#13032);
#13028=COLOUR_RGB('Stahl - satiniert',0.627450980392157,0.627450980392157,
0.627450980392157);
#13029=COLOUR_RGB('Farbe - Emaille gl\X\E4nzend (Rot)',0.768627450980392,
0.207843137254902,0.152941176470588);
#13030=COLOUR_RGB('Farbe - Emaille gl\X\E4nzend (Schwarz)',0.0980392156862745,
0.0980392156862745,0.0980392156862745);
#13031=COLOUR_RGB('Gold - poliert',0.956862745098039,0.898039215686275,
0.654901960784314);
#13032=COLOUR_RGB('Farbe - Emaille gl\X\E4nzend (Gelb)',0.909803921568627,
0.67843137254902,0.137254901960784);
ENDSEC;
END-ISO-10303-21;
